checked_at,origin,destination,destination_name,depart_month,price,currency,depart_date,return_date,airline,airline_name,flight_number,transfers
2026-09-01T05:14:11.174427+00:00,YYZ,LHR,London,2026-09,779,cad,2026-09-29,2026-10-06,FI,Icelandair,602,1
2026-09-01T05:14:11.174427+00:00,YYZ,LHR,London,2026-10,762,cad,2026-10-12,2026-10-19,FI,Icelandair,602,1
2026-09-01T05:14:11.174427+00:00,YYZ,LHR,London,2026-11,858,cad,2026-11-02,2026-11-15,TP,TAP Air Portugal,262,1
2026-09-01T05:14:11.174427+00:00,YYZ,LHR,London,2026-12,747,cad,2026-12-01,2026-12-08,TP,TAP Air Portugal,258,1
2026-09-01T05:14:11.174427+00:00,YYZ,LHR,London,2027-01,706,cad,2027-01-15,2027-01-24,FI,Icelandair,602,1
2026-09-01T05:14:11.174427+00:00,YYZ,LHR,London,2027-06,965,cad,2027-06-01,2027-06-08,AC,Air Canada,600,1
2026-09-01T05:14:11.174427+00:00,YYZ,CDG,Paris,2026-09,712,cad,2026-09-11,2026-09-30,WS,WestJet,802,1
2026-09-01T05:14:11.174427+00:00,YYZ,CDG,Paris,2026-10,717,cad,2026-10-12,2026-10-29,TS,Air Transat,188,1
2026-09-01T05:14:11.174427+00:00,YYZ,CDG,Paris,2026-11,599,cad,2026-11-19,2026-11-23,FI,Icelandair,602,1
2026-09-01T05:14:11.174427+00:00,YYZ,CDG,Paris,2026-12,850,cad,2026-12-24,2027-01-09,VS,Virgin Atlantic,148,1
2026-09-01T05:14:11.174427+00:00,YYZ,CDG,Paris,2027-01,630,cad,2027-01-10,2027-01-22,TS,Air Transat,188,0
2026-09-01T05:14:11.174427+00:00,YYZ,CDG,Paris,2027-03,588,cad,2027-03-02,2027-03-08,FI,Icelandair,602,1
2026-09-01T05:14:11.174427+00:00,YYZ,CDG,Paris,2027-05,836,cad,2027-05-01,2027-05-08,TS,Air Transat,188,1
2026-09-01T05:14:11.174427+00:00,YYZ,FCO,Rome,2026-09,778,cad,2026-09-12,2026-09-22,DE,Condor,2403,1
2026-09-01T05:14:11.174427+00:00,YYZ,FCO,Rome,2026-10,783,cad,2026-10-13,2026-10-23,DE,Condor,2403,1
2026-09-01T05:14:11.174427+00:00,YYZ,FCO,Rome,2026-12,819,cad,2026-12-03,2027-01-10,KL,KLM,696,1
2026-09-01T05:14:11.174427+00:00,YYZ,FCO,Rome,2027-01,655,cad,2027-01-19,2027-01-23,FI,Icelandair,602,1
2026-09-01T05:14:11.174427+00:00,YYZ,FCO,Rome,2027-06,943,cad,2027-06-12,2027-06-19,TS,Air Transat,308,0
2026-09-01T05:14:11.174427+00:00,YYZ,FCO,Rome,2027-08,1084,cad,2027-08-16,2027-08-22,AZ,ITA Airways,651,0
2026-09-01T05:14:11.174427+00:00,YYZ,AMS,Amsterdam,2026-09,736,cad,2026-09-29,2026-10-06,AC,Air Canada,894,1
2026-09-01T05:14:11.174427+00:00,YYZ,AMS,Amsterdam,2026-10,763,cad,2026-10-15,2026-10-22,AC,Air Canada,418,1
2026-09-01T05:14:11.174427+00:00,YYZ,AMS,Amsterdam,2026-11,745,cad,2026-11-17,2026-11-20,SK,SAS Scandinavian,950,1
2026-09-01T05:14:11.174427+00:00,YYZ,AMS,Amsterdam,2026-12,834,cad,2026-12-01,2026-12-31,FI,Icelandair,602,1
2026-09-01T05:14:11.174427+00:00,YYZ,AMS,Amsterdam,2027-03,1004,cad,2027-03-12,2027-03-19,KL,KLM,696,1
2026-09-01T05:14:11.174427+00:00,YYZ,MAD,Madrid,2026-09,852,cad,2026-09-29,2026-10-06,AC,Air Canada,3488,3
2026-09-01T05:14:11.174427+00:00,YYZ,MAD,Madrid,2026-10,743,cad,2026-10-12,2026-10-20,KL,KLM,692,1
2026-09-01T05:14:11.174427+00:00,YYZ,MAD,Madrid,2027-03,1010,cad,2027-03-11,2027-03-15,AA,American Airlines,5425,1
2026-09-01T05:14:11.174427+00:00,YYZ,MAD,Madrid,2027-04,962,cad,2027-04-08,2027-04-12,IB,Iberia,3528,1
2026-09-01T05:14:11.174427+00:00,YYZ,BCN,Barcelona,2026-09,671,cad,2026-09-11,2026-09-16,PD,Porter Airlines Canada,135,1
2026-09-01T05:14:11.174427+00:00,YYZ,BCN,Barcelona,2026-10,602,cad,2026-10-18,2026-11-18,TP,TAP Air Portugal,262,1
2026-09-01T05:14:11.174427+00:00,YYZ,FRA,Frankfurt,2026-09,927,cad,2026-09-20,2026-09-24,DE,Condor,2403,0
2026-09-01T05:14:11.174427+00:00,YYZ,FRA,Frankfurt,2026-10,1052,cad,2026-10-09,2026-10-11,DE,Condor,2403,0
2026-09-01T05:14:11.174427+00:00,YYZ,FRA,Frankfurt,2026-11,854,cad,2026-11-11,2026-11-20,FI,Icelandair,602,1
2026-09-01T05:14:11.174427+00:00,YYZ,FRA,Frankfurt,2026-12,1102,cad,2026-12-14,2027-01-14,AC,Air Canada,842,0
2026-09-01T05:14:11.174427+00:00,YYZ,FRA,Frankfurt,2027-01,1036,cad,2027-01-03,2027-01-16,TP,TAP Air Portugal,262,1
2026-09-01T05:14:11.174427+00:00,YYZ,MUC,Munich,2026-09,1257,cad,2026-09-17,2026-09-27,PD,Porter Airlines Canada,125,3
2026-09-01T05:14:11.174427+00:00,YYZ,MUC,Munich,2026-10,779,cad,2026-10-11,2026-10-16,DE,Condor,2403,1
2026-09-01T05:14:11.174427+00:00,YYZ,MUC,Munich,2026-11,1031,cad,2026-11-14,2026-11-19,FI,Icelandair,602,1
2026-09-01T05:14:11.174427+00:00,YYZ,MUC,Munich,2026-12,1198,cad,2026-12-25,2027-01-14,BA,British Airways,98,1
2026-09-01T05:14:11.174427+00:00,YYZ,MUC,Munich,2027-01,1138,cad,2027-01-09,2027-01-22,AA,American Airlines,5020,1
2026-09-01T05:14:11.174427+00:00,YYZ,DUB,Dublin,2026-09,549,cad,2026-09-15,2026-09-17,PD,Porter Airlines Canada,7230,0
2026-09-01T05:14:11.174427+00:00,YYZ,DUB,Dublin,2026-10,706,cad,2026-10-03,2026-10-10,TS,Air Transat,230,0
2026-09-01T05:14:11.174427+00:00,YYZ,DUB,Dublin,2026-11,619,cad,2026-11-17,2026-11-23,SK,SAS Scandinavian,950,1
2026-09-01T05:14:11.174427+00:00,YYZ,DUB,Dublin,2026-12,938,cad,2026-12-29,2027-01-11,FI,Icelandair,602,1
2026-09-01T05:14:11.174427+00:00,YYZ,ZRH,Zurich,2026-10,850,cad,2026-10-10,2026-10-24,WS,WestJet,46,2
2026-09-01T05:14:11.174427+00:00,YYZ,VIE,Vienna,2026-10,824,cad,2026-10-07,2026-10-12,DE,Condor,2403,1
2026-09-01T05:14:11.174427+00:00,YYZ,VIE,Vienna,2026-12,1349,cad,2026-12-19,2026-12-31,BA,British Airways,98,1
2026-09-01T05:14:11.174427+00:00,YYZ,LIS,Lisbon,2026-09,715,cad,2026-09-30,2026-10-07,LX,SWISS,4655,2
2026-09-01T05:14:11.174427+00:00,YYZ,LIS,Lisbon,2026-10,634,cad,2026-10-23,2026-11-08,TS,Air Transat,451,1
2026-09-01T05:14:11.174427+00:00,YYZ,LIS,Lisbon,2026-11,600,cad,2026-11-22,2026-12-13,TP,TAP Air Portugal,258,0
2026-09-01T05:14:11.174427+00:00,YYZ,LIS,Lisbon,2026-12,857,cad,2026-12-31,2027-01-11,PD,Porter Airlines Canada,7250,1
2026-09-01T05:14:11.174427+00:00,YYZ,LIS,Lisbon,2027-01,862,cad,2027-01-01,2027-01-13,AA,American Airlines,5526,1
2026-09-01T05:14:11.174427+00:00,YYZ,LIS,Lisbon,2027-08,1150,cad,2027-08-09,2027-08-13,AC,Air Canada,810,0
2026-09-01T05:14:11.174427+00:00,YYZ,ATH,Athens,2026-09,833,cad,2026-09-07,2026-09-17,KL,KLM,696,1
2026-09-01T05:14:11.174427+00:00,YYZ,ATH,Athens,2026-10,800,cad,2026-10-05,2026-10-20,AF,Air France,357,1
2026-09-01T05:14:11.174427+00:00,YYZ,ATH,Athens,2026-11,736,cad,2026-11-22,2026-12-06,SK,SAS Scandinavian,950,2
2026-09-01T05:14:11.174427+00:00,YYZ,ATH,Athens,2026-12,1319,cad,2026-12-24,2026-12-31,AC,Air Canada,408,1
2026-09-01T05:14:11.174427+00:00,YYZ,ARN,Stockholm,2026-12,1291,cad,2026-12-23,2027-01-03,S4,SATA,2322,2
2026-09-01T05:14:11.174427+00:00,YYZ,BER,Berlin,2026-09,923,cad,2026-09-30,2026-10-04,WS,WestJet,46,2
2026-09-01T05:14:11.174427+00:00,YYZ,BER,Berlin,2026-10,733,cad,2026-10-15,2026-10-23,DE,Condor,2403,1
2026-09-01T05:14:11.174427+00:00,YYZ,BER,Berlin,2026-11,737,cad,2026-11-01,2026-11-07,DE,Condor,2403,1
2026-09-01T05:14:11.174427+00:00,YYZ,WAW,Warsaw,2026-09,936,cad,2026-09-30,2026-11-16,SK,SAS Scandinavian,950,1
2026-09-01T05:14:11.174427+00:00,YYZ,WAW,Warsaw,2026-10,842,cad,2026-10-22,2026-10-30,SK,SAS Scandinavian,950,1
2026-09-01T05:14:11.174427+00:00,YYZ,WAW,Warsaw,2026-12,1163,cad,2026-12-28,2027-01-04,BA,British Airways,98,1
2026-09-01T05:14:11.174427+00:00,YYZ,WAW,Warsaw,2027-01,1022,cad,2027-01-27,2027-03-06,3L,Air Arabia Abu Dhabi,4556,2
2026-09-01T05:14:11.174427+00:00,YYZ,WAW,Warsaw,2027-02,1031,cad,2027-02-05,2027-02-20,SK,SAS Scandinavian,3511,2
2026-09-01T05:14:11.174427+00:00,YYZ,WAW,Warsaw,2027-03,709,cad,2027-03-24,2027-03-29,SK,SAS Scandinavian,950,1
2026-09-01T05:14:11.174427+00:00,YYZ,WAW,Warsaw,2027-04,691,cad,2027-04-15,2027-04-28,SK,SAS Scandinavian,950,1
2026-09-01T05:14:11.174427+00:00,YYZ,WAW,Warsaw,2027-05,970,cad,2027-05-03,2027-05-22,AA,American Airlines,8962,1
2026-09-01T05:14:11.174427+00:00,YYZ,WAW,Warsaw,2027-07,1178,cad,2027-07-01,2027-07-30,BA,British Airways,6921,1
2026-09-01T05:14:11.174427+00:00,YYZ,PRG,Prague,2026-09,895,cad,2026-09-05,2026-09-23,AF,Air France,359,1
2026-09-01T05:14:11.174427+00:00,YYZ,PRG,Prague,2026-11,907,cad,2026-11-14,2026-11-19,AF,Air France,357,1
2026-09-01T05:14:11.174427+00:00,YYZ,PRG,Prague,2027-01,791,cad,2027-01-29,2027-03-13,SK,SAS Scandinavian,3148,2
2026-09-01T05:14:11.174427+00:00,YYZ,PRG,Prague,2027-02,794,cad,2027-02-05,2027-02-19,SK,SAS Scandinavian,3148,2
2026-09-01T05:14:11.174427+00:00,YYZ,BUD,Budapest,2026-09,929,cad,2026-09-09,2026-09-16,DE,Condor,2403,1
2026-09-01T05:14:11.174427+00:00,YYZ,BUD,Budapest,2026-10,759,cad,2026-10-11,2026-10-21,AF,Air France,357,1
2026-09-01T05:14:11.174427+00:00,YYZ,BUD,Budapest,2027-02,760,cad,2027-02-05,2027-02-19,KL,KLM,696,1
2026-09-01T05:14:11.174427+00:00,YYZ,MXP,Milan,2026-09,764,cad,2026-09-08,2026-09-16,DE,Condor,2403,1
2026-09-01T05:14:11.174427+00:00,YYZ,MXP,Milan,2026-10,732,cad,2026-10-21,2026-10-29,DE,Condor,2403,1
2026-09-01T05:14:11.174427+00:00,YYZ,MXP,Milan,2026-12,750,cad,2026-12-03,2027-01-10,TP,TAP Air Portugal,258,1
2026-09-01T05:14:11.174427+00:00,YYZ,MXP,Milan,2027-05,911,cad,2027-05-03,2027-05-16,DE,Condor,2403,1
2026-09-01T05:14:11.174427+00:00,YYZ,OSL,Oslo,2026-09,948,cad,2026-09-06,2026-09-15,WS,WestJet,806,3
2026-09-01T05:14:11.174427+00:00,YYZ,EDI,Edinburgh,2026-09,769,cad,2026-09-17,2026-10-01,WS,WestJet,36,0
2026-09-01T05:14:11.174427+00:00,YYZ,KEF,Reykjavik,2026-09,629,cad,2026-09-24,2026-09-30,FI,Icelandair,602,0
2026-09-01T05:14:11.174427+00:00,YYZ,KEF,Reykjavik,2026-10,773,cad,2026-10-02,2026-10-09,AC,Air Canada,1966,2
2026-09-01T05:14:11.174427+00:00,YYZ,KEF,Reykjavik,2026-11,836,cad,2026-11-18,2026-11-23,FI,Icelandair,602,0
2026-09-01T05:14:11.174427+00:00,YYZ,KEF,Reykjavik,2026-12,924,cad,2026-12-21,2026-12-28,FI,Icelandair,604,0
2026-09-01T05:14:11.174427+00:00,YYZ,DEL,Delhi,2026-09,1501,cad,2026-09-02,2026-09-23,ET,Ethiopian Airlines,553,1
2026-09-01T05:14:11.174427+00:00,YYZ,DEL,Delhi,2026-10,1679,cad,2026-10-11,2026-11-14,AA,American Airlines,4542,2
2026-09-01T05:14:11.174427+00:00,YYZ,DEL,Delhi,2026-11,1522,cad,2026-11-25,2026-11-27,MU,China Eastern,208,1
2026-09-01T05:14:11.174427+00:00,YYZ,DEL,Delhi,2026-12,1776,cad,2026-12-03,2027-01-07,AA,American Airlines,4438,2
2026-09-01T05:14:11.174427+00:00,YYZ,BOM,Mumbai,2026-09,1227,cad,2026-09-11,2026-10-25,ET,Ethiopian Airlines,553,1
2026-09-01T05:14:11.174427+00:00,YYZ,BOM,Mumbai,2026-10,1303,cad,2026-10-10,2026-11-29,ET,Ethiopian Airlines,553,1
2026-09-01T05:14:11.174427+00:00,YYZ,BOM,Mumbai,2026-11,1527,cad,2026-11-05,2026-12-01,ET,Ethiopian Airlines,553,1
2026-09-01T05:14:11.174427+00:00,YYZ,BOM,Mumbai,2026-12,2011,cad,2026-12-27,2027-01-11,AI,Air India,188,1
2026-09-01T05:14:11.174427+00:00,YYZ,BOM,Mumbai,2027-02,1439,cad,2027-02-04,2027-03-04,SV,Saudia,62,1
2026-09-01T05:22:12.286625+00:00,YYZ,LHR,London,2026-09,779,cad,2026-09-29,2026-10-06,FI,Icelandair,602,1
2026-09-01T05:22:12.286625+00:00,YYZ,LHR,London,2026-10,762,cad,2026-10-12,2026-10-19,FI,Icelandair,602,1
2026-09-01T05:22:12.286625+00:00,YYZ,LHR,London,2026-11,858,cad,2026-11-02,2026-11-15,TP,TAP Air Portugal,262,1
2026-09-01T05:22:12.286625+00:00,YYZ,LHR,London,2026-12,747,cad,2026-12-01,2026-12-08,TP,TAP Air Portugal,258,1
2026-09-01T05:22:12.286625+00:00,YYZ,LHR,London,2027-01,706,cad,2027-01-15,2027-01-24,FI,Icelandair,602,1
2026-09-01T05:22:12.286625+00:00,YYZ,LHR,London,2027-06,965,cad,2027-06-01,2027-06-08,AC,Air Canada,600,1
2026-09-01T05:22:12.286625+00:00,YYZ,CDG,Paris,2026-09,712,cad,2026-09-11,2026-09-30,WS,WestJet,802,1
2026-09-01T05:22:12.286625+00:00,YYZ,CDG,Paris,2026-10,717,cad,2026-10-12,2026-10-29,TS,Air Transat,188,1
2026-09-01T05:22:12.286625+00:00,YYZ,CDG,Paris,2026-11,599,cad,2026-11-19,2026-11-23,FI,Icelandair,602,1
2026-09-01T05:22:12.286625+00:00,YYZ,CDG,Paris,2026-12,850,cad,2026-12-24,2027-01-09,VS,Virgin Atlantic,148,1
2026-09-01T05:22:12.286625+00:00,YYZ,CDG,Paris,2027-01,630,cad,2027-01-10,2027-01-22,TS,Air Transat,188,0
2026-09-01T05:22:12.286625+00:00,YYZ,CDG,Paris,2027-03,588,cad,2027-03-02,2027-03-08,FI,Icelandair,602,1
2026-09-01T05:22:12.286625+00:00,YYZ,CDG,Paris,2027-05,836,cad,2027-05-01,2027-05-08,TS,Air Transat,188,1
2026-09-01T05:22:12.286625+00:00,YYZ,FCO,Rome,2026-09,778,cad,2026-09-12,2026-09-22,DE,Condor,2403,1
2026-09-01T05:22:12.286625+00:00,YYZ,FCO,Rome,2026-10,783,cad,2026-10-13,2026-10-23,DE,Condor,2403,1
2026-09-01T05:22:12.286625+00:00,YYZ,FCO,Rome,2026-12,819,cad,2026-12-03,2027-01-10,KL,KLM,696,1
2026-09-01T05:22:12.286625+00:00,YYZ,FCO,Rome,2027-01,655,cad,2027-01-19,2027-01-23,FI,Icelandair,602,1
2026-09-01T05:22:12.286625+00:00,YYZ,FCO,Rome,2027-06,943,cad,2027-06-12,2027-06-19,TS,Air Transat,308,0
2026-09-01T05:22:12.286625+00:00,YYZ,FCO,Rome,2027-08,1084,cad,2027-08-16,2027-08-22,AZ,ITA Airways,651,0
2026-09-01T05:22:12.286625+00:00,YYZ,AMS,Amsterdam,2026-09,736,cad,2026-09-29,2026-10-06,AC,Air Canada,894,1
2026-09-01T05:22:12.286625+00:00,YYZ,AMS,Amsterdam,2026-10,763,cad,2026-10-15,2026-10-22,AC,Air Canada,418,1
2026-09-01T05:22:12.286625+00:00,YYZ,AMS,Amsterdam,2026-11,745,cad,2026-11-17,2026-11-20,SK,SAS Scandinavian,950,1
2026-09-01T05:22:12.286625+00:00,YYZ,AMS,Amsterdam,2026-12,834,cad,2026-12-01,2026-12-31,FI,Icelandair,602,1
2026-09-01T05:22:12.286625+00:00,YYZ,AMS,Amsterdam,2027-03,1004,cad,2027-03-12,2027-03-19,KL,KLM,696,1
2026-09-01T05:22:12.286625+00:00,YYZ,MAD,Madrid,2026-09,852,cad,2026-09-29,2026-10-06,AC,Air Canada,3488,3
2026-09-01T05:22:12.286625+00:00,YYZ,MAD,Madrid,2026-10,743,cad,2026-10-12,2026-10-20,KL,KLM,692,1
2026-09-01T05:22:12.286625+00:00,YYZ,MAD,Madrid,2027-03,1010,cad,2027-03-11,2027-03-15,AA,American Airlines,5425,1
2026-09-01T05:22:12.286625+00:00,YYZ,MAD,Madrid,2027-04,962,cad,2027-04-08,2027-04-12,IB,Iberia,3528,1
2026-09-01T05:22:12.286625+00:00,YYZ,BCN,Barcelona,2026-09,671,cad,2026-09-11,2026-09-16,PD,Porter Airlines Canada,135,1
2026-09-01T05:22:12.286625+00:00,YYZ,BCN,Barcelona,2026-10,602,cad,2026-10-18,2026-11-18,TP,TAP Air Portugal,262,1
2026-09-01T05:22:12.286625+00:00,YYZ,FRA,Frankfurt,2026-09,927,cad,2026-09-20,2026-09-24,DE,Condor,2403,0
2026-09-01T05:22:12.286625+00:00,YYZ,FRA,Frankfurt,2026-10,1052,cad,2026-10-09,2026-10-11,DE,Condor,2403,0
2026-09-01T05:22:12.286625+00:00,YYZ,FRA,Frankfurt,2026-11,854,cad,2026-11-11,2026-11-20,FI,Icelandair,602,1
2026-09-01T05:22:12.286625+00:00,YYZ,FRA,Frankfurt,2026-12,1102,cad,2026-12-14,2027-01-14,AC,Air Canada,842,0
2026-09-01T05:22:12.286625+00:00,YYZ,FRA,Frankfurt,2027-01,1036,cad,2027-01-03,2027-01-16,TP,TAP Air Portugal,262,1
2026-09-01T05:22:12.286625+00:00,YYZ,MUC,Munich,2026-09,1257,cad,2026-09-17,2026-09-27,PD,Porter Airlines Canada,125,3
2026-09-01T05:22:12.286625+00:00,YYZ,MUC,Munich,2026-10,779,cad,2026-10-11,2026-10-16,DE,Condor,2403,1
2026-09-01T05:22:12.286625+00:00,YYZ,MUC,Munich,2026-11,1031,cad,2026-11-14,2026-11-19,FI,Icelandair,602,1
2026-09-01T05:22:12.286625+00:00,YYZ,MUC,Munich,2026-12,1198,cad,2026-12-25,2027-01-14,BA,British Airways,98,1
2026-09-01T05:22:12.286625+00:00,YYZ,MUC,Munich,2027-01,1138,cad,2027-01-09,2027-01-22,AA,American Airlines,5020,1
2026-09-01T05:22:12.286625+00:00,YYZ,DUB,Dublin,2026-09,549,cad,2026-09-15,2026-09-17,PD,Porter Airlines Canada,7230,0
2026-09-01T05:22:12.286625+00:00,YYZ,DUB,Dublin,2026-10,706,cad,2026-10-03,2026-10-10,TS,Air Transat,230,0
2026-09-01T05:22:12.286625+00:00,YYZ,DUB,Dublin,2026-11,619,cad,2026-11-17,2026-11-23,SK,SAS Scandinavian,950,1
2026-09-01T05:22:12.286625+00:00,YYZ,DUB,Dublin,2026-12,938,cad,2026-12-29,2027-01-11,FI,Icelandair,602,1
2026-09-01T05:22:12.286625+00:00,YYZ,ZRH,Zurich,2026-10,850,cad,2026-10-10,2026-10-24,WS,WestJet,46,2
2026-09-01T05:22:12.286625+00:00,YYZ,VIE,Vienna,2026-10,824,cad,2026-10-07,2026-10-12,DE,Condor,2403,1
2026-09-01T05:22:12.286625+00:00,YYZ,VIE,Vienna,2026-12,1349,cad,2026-12-19,2026-12-31,BA,British Airways,98,1
2026-09-01T05:22:12.286625+00:00,YYZ,LIS,Lisbon,2026-09,715,cad,2026-09-30,2026-10-07,LX,SWISS,4655,2
2026-09-01T05:22:12.286625+00:00,YYZ,LIS,Lisbon,2026-10,634,cad,2026-10-23,2026-11-08,TS,Air Transat,451,1
2026-09-01T05:22:12.286625+00:00,YYZ,LIS,Lisbon,2026-11,600,cad,2026-11-22,2026-12-13,TP,TAP Air Portugal,258,0
2026-09-01T05:22:12.286625+00:00,YYZ,LIS,Lisbon,2026-12,857,cad,2026-12-31,2027-01-11,PD,Porter Airlines Canada,7250,1
2026-09-01T05:22:12.286625+00:00,YYZ,LIS,Lisbon,2027-01,862,cad,2027-01-01,2027-01-13,AA,American Airlines,5526,1
2026-09-01T05:22:12.286625+00:00,YYZ,LIS,Lisbon,2027-08,1150,cad,2027-08-09,2027-08-13,AC,Air Canada,810,0
2026-09-01T05:22:12.286625+00:00,YYZ,ATH,Athens,2026-09,833,cad,2026-09-07,2026-09-17,KL,KLM,696,1
2026-09-01T05:22:12.286625+00:00,YYZ,ATH,Athens,2026-10,800,cad,2026-10-05,2026-10-20,AF,Air France,357,1
2026-09-01T05:22:12.286625+00:00,YYZ,ATH,Athens,2026-11,736,cad,2026-11-22,2026-12-06,SK,SAS Scandinavian,950,2
2026-09-01T05:22:12.286625+00:00,YYZ,ATH,Athens,2026-12,1319,cad,2026-12-24,2026-12-31,AC,Air Canada,408,1
2026-09-01T05:22:12.286625+00:00,YYZ,ARN,Stockholm,2026-12,1291,cad,2026-12-23,2027-01-03,S4,SATA,2322,2
2026-09-01T05:22:12.286625+00:00,YYZ,BER,Berlin,2026-09,923,cad,2026-09-30,2026-10-04,WS,WestJet,46,2
2026-09-01T05:22:12.286625+00:00,YYZ,BER,Berlin,2026-10,733,cad,2026-10-15,2026-10-23,DE,Condor,2403,1
2026-09-01T05:22:12.286625+00:00,YYZ,BER,Berlin,2026-11,737,cad,2026-11-01,2026-11-07,DE,Condor,2403,1
2026-09-01T05:22:12.286625+00:00,YYZ,WAW,Warsaw,2026-09,936,cad,2026-09-30,2026-11-16,SK,SAS Scandinavian,950,1
2026-09-01T05:22:12.286625+00:00,YYZ,WAW,Warsaw,2026-10,842,cad,2026-10-22,2026-10-30,SK,SAS Scandinavian,950,1
2026-09-01T05:22:12.286625+00:00,YYZ,WAW,Warsaw,2026-12,1163,cad,2026-12-28,2027-01-04,BA,British Airways,98,1
2026-09-01T05:22:12.286625+00:00,YYZ,WAW,Warsaw,2027-01,1022,cad,2027-01-27,2027-03-06,3L,Air Arabia Abu Dhabi,4556,2
2026-09-01T05:22:12.286625+00:00,YYZ,WAW,Warsaw,2027-02,1031,cad,2027-02-05,2027-02-20,SK,SAS Scandinavian,3511,2
2026-09-01T05:22:12.286625+00:00,YYZ,WAW,Warsaw,2027-03,709,cad,2027-03-24,2027-03-29,SK,SAS Scandinavian,950,1
2026-09-01T05:22:12.286625+00:00,YYZ,WAW,Warsaw,2027-04,691,cad,2027-04-15,2027-04-28,SK,SAS Scandinavian,950,1
2026-09-01T05:22:12.286625+00:00,YYZ,WAW,Warsaw,2027-05,970,cad,2027-05-03,2027-05-22,AA,American Airlines,8962,1
2026-09-01T05:22:12.286625+00:00,YYZ,WAW,Warsaw,2027-07,1178,cad,2027-07-01,2027-07-30,BA,British Airways,6921,1
2026-09-01T05:22:12.286625+00:00,YYZ,PRG,Prague,2026-09,895,cad,2026-09-05,2026-09-23,AF,Air France,359,1
2026-09-01T05:22:12.286625+00:00,YYZ,PRG,Prague,2026-11,907,cad,2026-11-14,2026-11-19,AF,Air France,357,1
2026-09-01T05:22:12.286625+00:00,YYZ,PRG,Prague,2027-01,791,cad,2027-01-29,2027-03-13,SK,SAS Scandinavian,3148,2
2026-09-01T05:22:12.286625+00:00,YYZ,PRG,Prague,2027-02,794,cad,2027-02-05,2027-02-19,SK,SAS Scandinavian,3148,2
2026-09-01T05:22:12.286625+00:00,YYZ,BUD,Budapest,2026-09,929,cad,2026-09-09,2026-09-16,DE,Condor,2403,1
2026-09-01T05:22:12.286625+00:00,YYZ,BUD,Budapest,2026-10,759,cad,2026-10-11,2026-10-21,AF,Air France,357,1
2026-09-01T05:22:12.286625+00:00,YYZ,BUD,Budapest,2027-02,760,cad,2027-02-05,2027-02-19,KL,KLM,696,1
2026-09-01T05:22:12.286625+00:00,YYZ,MXP,Milan,2026-09,764,cad,2026-09-08,2026-09-16,DE,Condor,2403,1
2026-09-01T05:22:12.286625+00:00,YYZ,MXP,Milan,2026-10,732,cad,2026-10-21,2026-10-29,DE,Condor,2403,1
2026-09-01T05:22:12.286625+00:00,YYZ,MXP,Milan,2026-12,750,cad,2026-12-03,2027-01-10,TP,TAP Air Portugal,258,1
2026-09-01T05:22:12.286625+00:00,YYZ,MXP,Milan,2027-05,911,cad,2027-05-03,2027-05-16,DE,Condor,2403,1
2026-09-01T05:22:12.286625+00:00,YYZ,OSL,Oslo,2026-09,948,cad,2026-09-06,2026-09-15,WS,WestJet,806,3
2026-09-01T05:22:12.286625+00:00,YYZ,EDI,Edinburgh,2026-09,769,cad,2026-09-17,2026-10-01,WS,WestJet,36,0
2026-09-01T05:22:12.286625+00:00,YYZ,KEF,Reykjavik,2026-09,629,cad,2026-09-24,2026-09-30,FI,Icelandair,602,0
2026-09-01T05:22:12.286625+00:00,YYZ,KEF,Reykjavik,2026-10,773,cad,2026-10-02,2026-10-09,AC,Air Canada,1966,2
2026-09-01T05:22:12.286625+00:00,YYZ,KEF,Reykjavik,2026-11,836,cad,2026-11-18,2026-11-23,FI,Icelandair,602,0
2026-09-01T05:22:12.286625+00:00,YYZ,KEF,Reykjavik,2026-12,924,cad,2026-12-21,2026-12-28,FI,Icelandair,604,0
2026-09-01T05:22:12.286625+00:00,YYZ,DEL,Delhi,2026-09,1501,cad,2026-09-02,2026-09-23,ET,Ethiopian Airlines,553,1
2026-09-01T05:22:12.286625+00:00,YYZ,DEL,Delhi,2026-10,1679,cad,2026-10-11,2026-11-14,AA,American Airlines,4542,2
2026-09-01T05:22:12.286625+00:00,YYZ,DEL,Delhi,2026-11,1522,cad,2026-11-25,2026-11-27,MU,China Eastern,208,1
2026-09-01T05:22:12.286625+00:00,YYZ,DEL,Delhi,2026-12,1776,cad,2026-12-03,2027-01-07,AA,American Airlines,4438,2
2026-09-01T05:22:12.286625+00:00,YYZ,BOM,Mumbai,2026-09,1227,cad,2026-09-11,2026-10-25,ET,Ethiopian Airlines,553,1
2026-09-01T05:22:12.286625+00:00,YYZ,BOM,Mumbai,2026-10,1303,cad,2026-10-10,2026-11-29,ET,Ethiopian Airlines,553,1
2026-09-01T05:22:12.286625+00:00,YYZ,BOM,Mumbai,2026-11,1527,cad,2026-11-05,2026-12-01,ET,Ethiopian Airlines,553,1
2026-09-01T05:22:12.286625+00:00,YYZ,BOM,Mumbai,2026-12,2011,cad,2026-12-27,2027-01-11,AI,Air India,188,1
2026-09-01T05:22:12.286625+00:00,YYZ,BOM,Mumbai,2027-02,1439,cad,2027-02-04,2027-03-04,SV,Saudia,62,1
2026-09-01T13:07:43.187327+00:00,YYZ,LHR,London,2026-09,779,cad,2026-09-29,2026-10-06,FI,Icelandair,602,1
2026-09-01T13:07:43.187327+00:00,YYZ,LHR,London,2026-10,763,cad,2026-10-12,2026-10-19,FI,Icelandair,602,1
2026-09-01T13:07:43.187327+00:00,YYZ,LHR,London,2026-11,858,cad,2026-11-02,2026-11-15,TP,TAP Air Portugal,262,1
2026-09-01T13:07:43.187327+00:00,YYZ,LHR,London,2026-12,974,cad,2026-12-28,2027-01-12,AF,Air France,359,1
2026-09-01T13:07:43.187327+00:00,YYZ,LHR,London,2027-01,706,cad,2027-01-15,2027-01-24,FI,Icelandair,602,1
2026-09-01T13:07:43.187327+00:00,YYZ,LHR,London,2027-06,965,cad,2027-06-01,2027-06-08,AC,Air Canada,600,1
2026-09-01T13:07:43.187327+00:00,YYZ,CDG,Paris,2026-09,712,cad,2026-09-11,2026-09-30,WS,WestJet,802,1
2026-09-01T13:07:43.187327+00:00,YYZ,CDG,Paris,2026-10,717,cad,2026-10-12,2026-10-29,TS,Air Transat,188,1
2026-09-01T13:07:43.187327+00:00,YYZ,CDG,Paris,2026-11,599,cad,2026-11-19,2026-11-23,FI,Icelandair,602,1
2026-09-01T13:07:43.187327+00:00,YYZ,CDG,Paris,2026-12,850,cad,2026-12-24,2027-01-09,VS,Virgin Atlantic,148,1
2026-09-01T13:07:43.187327+00:00,YYZ,CDG,Paris,2027-01,630,cad,2027-01-10,2027-01-22,TS,Air Transat,188,0
2026-09-01T13:07:43.187327+00:00,YYZ,CDG,Paris,2027-03,588,cad,2027-03-02,2027-03-08,FI,Icelandair,602,1
2026-09-01T13:07:43.187327+00:00,YYZ,CDG,Paris,2027-05,836,cad,2027-05-01,2027-05-08,TS,Air Transat,188,1
2026-09-01T13:07:43.187327+00:00,YYZ,FCO,Rome,2026-09,778,cad,2026-09-12,2026-09-22,DE,Condor,2403,1
2026-09-01T13:07:43.187327+00:00,YYZ,FCO,Rome,2026-10,783,cad,2026-10-13,2026-10-23,DE,Condor,2403,1
2026-09-01T13:07:43.187327+00:00,YYZ,FCO,Rome,2026-12,819,cad,2026-12-03,2027-01-10,KL,KLM,696,1
2026-09-01T13:07:43.187327+00:00,YYZ,FCO,Rome,2027-01,655,cad,2027-01-19,2027-01-23,FI,Icelandair,602,1
2026-09-01T13:07:43.187327+00:00,YYZ,FCO,Rome,2027-06,943,cad,2027-06-12,2027-06-19,TS,Air Transat,308,0
2026-09-01T13:07:43.187327+00:00,YYZ,FCO,Rome,2027-08,1084,cad,2027-08-16,2027-08-22,AZ,ITA Airways,651,0
2026-09-01T13:07:43.187327+00:00,YYZ,AMS,Amsterdam,2026-09,736,cad,2026-09-29,2026-10-06,AC,Air Canada,894,1
2026-09-01T13:07:43.187327+00:00,YYZ,AMS,Amsterdam,2026-10,763,cad,2026-10-15,2026-10-22,AC,Air Canada,418,1
2026-09-01T13:07:43.187327+00:00,YYZ,AMS,Amsterdam,2026-11,745,cad,2026-11-17,2026-11-20,SK,SAS Scandinavian,950,1
2026-09-01T13:07:43.187327+00:00,YYZ,AMS,Amsterdam,2027-03,1004,cad,2027-03-12,2027-03-19,KL,KLM,696,1
2026-09-01T13:07:43.187327+00:00,YYZ,MAD,Madrid,2026-09,852,cad,2026-09-29,2026-10-06,AC,Air Canada,3488,3
2026-09-01T13:07:43.187327+00:00,YYZ,MAD,Madrid,2026-10,743,cad,2026-10-12,2026-10-20,KL,KLM,692,1
2026-09-01T13:07:43.187327+00:00,YYZ,MAD,Madrid,2027-03,1010,cad,2027-03-11,2027-03-15,AA,American Airlines,5425,1
2026-09-01T13:07:43.187327+00:00,YYZ,MAD,Madrid,2027-04,962,cad,2027-04-08,2027-04-12,IB,Iberia,3528,1
2026-09-01T13:07:43.187327+00:00,YYZ,BCN,Barcelona,2026-09,671,cad,2026-09-11,2026-09-16,PD,Porter Airlines Canada,135,1
2026-09-01T13:07:43.187327+00:00,YYZ,BCN,Barcelona,2026-10,603,cad,2026-10-18,2026-11-18,TP,TAP Air Portugal,262,1
2026-09-01T13:07:43.187327+00:00,YYZ,BCN,Barcelona,2027-01,862,cad,2027-01-04,2027-01-11,TP,TAP Air Portugal,262,1
2026-09-01T13:07:43.187327+00:00,YYZ,FRA,Frankfurt,2026-09,927,cad,2026-09-20,2026-09-24,DE,Condor,2403,0
2026-09-01T13:07:43.187327+00:00,YYZ,FRA,Frankfurt,2026-10,1052,cad,2026-10-09,2026-10-11,DE,Condor,2403,0
2026-09-01T13:07:43.187327+00:00,YYZ,FRA,Frankfurt,2026-11,854,cad,2026-11-11,2026-11-20,FI,Icelandair,602,1
2026-09-01T13:07:43.187327+00:00,YYZ,FRA,Frankfurt,2026-12,1102,cad,2026-12-14,2027-01-14,AC,Air Canada,842,0
2026-09-01T13:07:43.187327+00:00,YYZ,FRA,Frankfurt,2027-01,1036,cad,2027-01-03,2027-01-16,TP,TAP Air Portugal,262,1
2026-09-01T13:07:43.187327+00:00,YYZ,MUC,Munich,2026-09,1257,cad,2026-09-17,2026-09-27,PD,Porter Airlines Canada,125,3
2026-09-01T13:07:43.187327+00:00,YYZ,MUC,Munich,2026-10,779,cad,2026-10-11,2026-10-16,DE,Condor,2403,1
2026-09-01T13:07:43.187327+00:00,YYZ,MUC,Munich,2026-11,1032,cad,2026-11-14,2026-11-19,FI,Icelandair,602,1
2026-09-01T13:07:43.187327+00:00,YYZ,MUC,Munich,2026-12,1198,cad,2026-12-25,2027-01-14,BA,British Airways,98,1
2026-09-01T13:07:43.187327+00:00,YYZ,MUC,Munich,2027-01,1138,cad,2027-01-09,2027-01-22,AA,American Airlines,5020,1
2026-09-01T13:07:43.187327+00:00,YYZ,DUB,Dublin,2026-09,549,cad,2026-09-15,2026-09-17,PD,Porter Airlines Canada,7230,0
2026-09-01T13:07:43.187327+00:00,YYZ,DUB,Dublin,2026-10,706,cad,2026-10-03,2026-10-10,TS,Air Transat,230,0
2026-09-01T13:07:43.187327+00:00,YYZ,DUB,Dublin,2026-11,619,cad,2026-11-17,2026-11-23,SK,SAS Scandinavian,950,1
2026-09-01T13:07:43.187327+00:00,YYZ,DUB,Dublin,2026-12,938,cad,2026-12-29,2027-01-11,FI,Icelandair,602,1
2026-09-01T13:07:43.187327+00:00,YYZ,ZRH,Zurich,2026-10,850,cad,2026-10-10,2026-10-24,WS,WestJet,46,2
2026-09-01T13:07:43.187327+00:00,YYZ,VIE,Vienna,2026-10,824,cad,2026-10-07,2026-10-12,DE,Condor,2403,1
2026-09-01T13:07:43.187327+00:00,YYZ,VIE,Vienna,2026-12,1349,cad,2026-12-19,2026-12-31,BA,British Airways,98,1
2026-09-01T13:07:43.187327+00:00,YYZ,LIS,Lisbon,2026-09,715,cad,2026-09-30,2026-10-07,LX,SWISS,4655,2
2026-09-01T13:07:43.187327+00:00,YYZ,LIS,Lisbon,2026-10,634,cad,2026-10-23,2026-11-08,TS,Air Transat,451,1
2026-09-01T13:07:43.187327+00:00,YYZ,LIS,Lisbon,2026-11,601,cad,2026-11-22,2026-12-13,TP,TAP Air Portugal,258,0
2026-09-01T13:07:43.187327+00:00,YYZ,LIS,Lisbon,2026-12,857,cad,2026-12-31,2027-01-11,PD,Porter Airlines Canada,7250,1
2026-09-01T13:07:43.187327+00:00,YYZ,LIS,Lisbon,2027-01,862,cad,2027-01-01,2027-01-13,AA,American Airlines,5526,1
2026-09-01T13:07:43.187327+00:00,YYZ,LIS,Lisbon,2027-08,1150,cad,2027-08-09,2027-08-13,AC,Air Canada,810,0
2026-09-01T13:07:43.187327+00:00,YYZ,ATH,Athens,2026-09,833,cad,2026-09-07,2026-09-17,KL,KLM,696,1
2026-09-01T13:07:43.187327+00:00,YYZ,ATH,Athens,2026-10,800,cad,2026-10-05,2026-10-20,AF,Air France,357,1
2026-09-01T13:07:43.187327+00:00,YYZ,ATH,Athens,2026-11,736,cad,2026-11-22,2026-12-06,SK,SAS Scandinavian,950,2
2026-09-01T13:07:43.187327+00:00,YYZ,ATH,Athens,2026-12,1319,cad,2026-12-24,2026-12-31,AC,Air Canada,408,1
2026-09-01T13:07:43.187327+00:00,YYZ,ARN,Stockholm,2026-12,1293,cad,2026-12-23,2027-01-03,S4,SATA,2322,2
2026-09-01T13:07:43.187327+00:00,YYZ,BER,Berlin,2026-09,923,cad,2026-09-30,2026-10-04,WS,WestJet,46,2
2026-09-01T13:07:43.187327+00:00,YYZ,BER,Berlin,2026-10,733,cad,2026-10-15,2026-10-23,DE,Condor,2403,1
2026-09-01T13:07:43.187327+00:00,YYZ,BER,Berlin,2026-11,737,cad,2026-11-01,2026-11-07,DE,Condor,2403,1
2026-09-01T13:07:43.187327+00:00,YYZ,WAW,Warsaw,2026-09,936,cad,2026-09-30,2026-11-16,SK,SAS Scandinavian,950,1
2026-09-01T13:07:43.187327+00:00,YYZ,WAW,Warsaw,2026-10,842,cad,2026-10-22,2026-10-30,SK,SAS Scandinavian,950,1
2026-09-01T13:07:43.187327+00:00,YYZ,WAW,Warsaw,2026-12,1223,cad,2026-12-28,2027-01-06,BA,British Airways,98,1
2026-09-01T13:07:43.187327+00:00,YYZ,WAW,Warsaw,2027-02,1031,cad,2027-02-05,2027-02-20,SK,SAS Scandinavian,3511,2
2026-09-01T13:07:43.187327+00:00,YYZ,WAW,Warsaw,2027-03,841,cad,2027-03-24,2027-03-29,SK,SAS Scandinavian,950,1
2026-09-01T13:07:43.187327+00:00,YYZ,WAW,Warsaw,2027-04,832,cad,2027-04-15,2027-04-28,SK,SAS Scandinavian,950,1
2026-09-01T13:07:43.187327+00:00,YYZ,WAW,Warsaw,2027-05,970,cad,2027-05-03,2027-05-22,AA,American Airlines,8962,1
2026-09-01T13:07:43.187327+00:00,YYZ,WAW,Warsaw,2027-07,1178,cad,2027-07-01,2027-07-30,BA,British Airways,6921,1
2026-09-01T13:07:43.187327+00:00,YYZ,PRG,Prague,2026-09,895,cad,2026-09-05,2026-09-23,AF,Air France,359,1
2026-09-01T13:07:43.187327+00:00,YYZ,PRG,Prague,2026-11,908,cad,2026-11-14,2026-11-19,AF,Air France,357,1
2026-09-01T13:07:43.187327+00:00,YYZ,PRG,Prague,2027-01,791,cad,2027-01-29,2027-03-13,SK,SAS Scandinavian,3148,2
2026-09-01T13:07:43.187327+00:00,YYZ,PRG,Prague,2027-02,794,cad,2027-02-05,2027-02-19,SK,SAS Scandinavian,3148,2
2026-09-01T13:07:43.187327+00:00,YYZ,BUD,Budapest,2026-09,929,cad,2026-09-09,2026-09-16,DE,Condor,2403,1
2026-09-01T13:07:43.187327+00:00,YYZ,BUD,Budapest,2026-10,759,cad,2026-10-11,2026-10-21,AF,Air France,357,1
2026-09-01T13:07:43.187327+00:00,YYZ,BUD,Budapest,2027-02,760,cad,2027-02-05,2027-02-19,KL,KLM,696,1
2026-09-01T13:07:43.187327+00:00,YYZ,MXP,Milan,2026-09,764,cad,2026-09-08,2026-09-16,DE,Condor,2403,1
2026-09-01T13:07:43.187327+00:00,YYZ,MXP,Milan,2026-10,732,cad,2026-10-21,2026-10-29,DE,Condor,2403,1
2026-09-01T13:07:43.187327+00:00,YYZ,MXP,Milan,2026-12,750,cad,2026-12-03,2027-01-10,TP,TAP Air Portugal,258,1
2026-09-01T13:07:43.187327+00:00,YYZ,MXP,Milan,2027-05,911,cad,2027-05-03,2027-05-16,DE,Condor,2403,1
2026-09-01T13:07:43.187327+00:00,YYZ,OSL,Oslo,2026-09,948,cad,2026-09-06,2026-09-15,WS,WestJet,806,3
2026-09-01T13:07:43.187327+00:00,YYZ,EDI,Edinburgh,2026-09,769,cad,2026-09-17,2026-10-01,WS,WestJet,36,0
2026-09-01T13:07:43.187327+00:00,YYZ,KEF,Reykjavik,2026-09,719,cad,2026-09-07,2026-09-14,FI,Icelandair,604,0
2026-09-01T13:07:43.187327+00:00,YYZ,KEF,Reykjavik,2026-10,773,cad,2026-10-02,2026-10-09,AC,Air Canada,1966,2
2026-09-01T13:07:43.187327+00:00,YYZ,KEF,Reykjavik,2026-11,836,cad,2026-11-18,2026-11-23,FI,Icelandair,602,0
2026-09-01T13:07:43.187327+00:00,YYZ,KEF,Reykjavik,2026-12,924,cad,2026-12-21,2026-12-28,FI,Icelandair,604,0
2026-09-01T13:07:43.187327+00:00,YYZ,DEL,Delhi,2026-09,1501,cad,2026-09-02,2026-09-23,ET,Ethiopian Airlines,553,1
2026-09-01T13:07:43.187327+00:00,YYZ,DEL,Delhi,2026-10,1679,cad,2026-10-11,2026-11-14,AA,American Airlines,4542,2
2026-09-01T13:07:43.187327+00:00,YYZ,DEL,Delhi,2026-11,1522,cad,2026-11-25,2026-11-27,MU,China Eastern,208,1
2026-09-01T13:07:43.187327+00:00,YYZ,DEL,Delhi,2026-12,1778,cad,2026-12-03,2027-01-07,AA,American Airlines,4438,2
2026-09-01T13:07:43.187327+00:00,YYZ,BOM,Mumbai,2026-09,1227,cad,2026-09-11,2026-10-25,ET,Ethiopian Airlines,553,1
2026-09-01T13:07:43.187327+00:00,YYZ,BOM,Mumbai,2026-10,1303,cad,2026-10-10,2026-11-29,ET,Ethiopian Airlines,553,1
2026-09-01T13:07:43.187327+00:00,YYZ,BOM,Mumbai,2026-11,1527,cad,2026-11-05,2026-12-01,ET,Ethiopian Airlines,553,1
2026-09-01T13:07:43.187327+00:00,YYZ,BOM,Mumbai,2026-12,2013,cad,2026-12-27,2027-01-11,AI,Air India,188,1
2026-09-01T13:07:43.187327+00:00,YYZ,BOM,Mumbai,2027-02,1439,cad,2027-02-04,2027-03-04,SV,Saudia,62,1
2026-09-02T13:07:27.992841+00:00,YYZ,LHR,London,2026-09,713,cad,2026-09-18,2026-10-20,FI,Icelandair,604,1
2026-09-02T13:07:27.992841+00:00,YYZ,LHR,London,2026-10,802,cad,2026-10-12,2026-10-19,FI,Icelandair,602,1
2026-09-02T13:07:27.992841+00:00,YYZ,LHR,London,2026-11,858,cad,2026-11-02,2026-11-15,TP,TAP Air Portugal,262,1
2026-09-02T13:07:27.992841+00:00,YYZ,LHR,London,2026-12,949,cad,2026-12-07,2026-12-12,TP,TAP Air Portugal,262,1
2026-09-02T13:07:27.992841+00:00,YYZ,LHR,London,2027-01,706,cad,2027-01-15,2027-01-24,FI,Icelandair,602,1
2026-09-02T13:07:27.992841+00:00,YYZ,LHR,London,2027-02,963,cad,2027-02-13,2027-02-14,AC,Air Canada,600,1
2026-09-02T13:07:27.992841+00:00,YYZ,LHR,London,2027-06,965,cad,2027-06-01,2027-06-08,AC,Air Canada,600,1
2026-09-02T13:07:27.992841+00:00,YYZ,CDG,Paris,2026-09,712,cad,2026-09-11,2026-09-30,WS,WestJet,802,1
2026-09-02T13:07:27.992841+00:00,YYZ,CDG,Paris,2026-10,648,cad,2026-10-06,2026-10-10,WS,WestJet,806,1
2026-09-02T13:07:27.992841+00:00,YYZ,CDG,Paris,2026-11,599,cad,2026-11-19,2026-11-23,FI,Icelandair,602,1
2026-09-02T13:07:27.992841+00:00,YYZ,CDG,Paris,2026-12,850,cad,2026-12-24,2027-01-09,VS,Virgin Atlantic,148,1
2026-09-02T13:07:27.992841+00:00,YYZ,CDG,Paris,2027-01,630,cad,2027-01-10,2027-01-22,TS,Air Transat,188,0
2026-09-02T13:07:27.992841+00:00,YYZ,CDG,Paris,2027-03,589,cad,2027-03-02,2027-03-08,FI,Icelandair,602,1
2026-09-02T13:07:27.992841+00:00,YYZ,CDG,Paris,2027-05,836,cad,2027-05-01,2027-05-08,TS,Air Transat,188,1
2026-09-02T13:07:27.992841+00:00,YYZ,CDG,Paris,2027-06,978,cad,2027-06-17,2027-06-24,TS,Air Transat,188,0
2026-09-02T13:07:27.992841+00:00,YYZ,FCO,Rome,2026-09,778,cad,2026-09-12,2026-09-22,DE,Condor,2403,1
2026-09-02T13:07:27.992841+00:00,YYZ,FCO,Rome,2026-10,783,cad,2026-10-13,2026-10-23,DE,Condor,2403,1
2026-09-02T13:07:27.992841+00:00,YYZ,FCO,Rome,2026-12,819,cad,2026-12-03,2027-01-10,KL,KLM,696,1
2026-09-02T13:07:27.992841+00:00,YYZ,FCO,Rome,2027-01,653,cad,2027-01-19,2027-01-23,FI,Icelandair,602,1
2026-09-02T13:07:27.992841+00:00,YYZ,FCO,Rome,2027-06,943,cad,2027-06-12,2027-06-19,TS,Air Transat,308,0
2026-09-02T13:07:27.992841+00:00,YYZ,FCO,Rome,2027-08,1084,cad,2027-08-16,2027-08-22,AZ,ITA Airways,651,0
2026-09-02T13:07:27.992841+00:00,YYZ,AMS,Amsterdam,2026-09,736,cad,2026-09-29,2026-10-06,AC,Air Canada,894,1
2026-09-02T13:07:27.992841+00:00,YYZ,AMS,Amsterdam,2026-10,688,cad,2026-10-26,2026-11-10,TP,TAP Air Portugal,262,1
2026-09-02T13:07:27.992841+00:00,YYZ,AMS,Amsterdam,2026-11,617,cad,2026-11-26,2026-12-02,FI,Icelandair,602,1
2026-09-02T13:07:27.992841+00:00,YYZ,MAD,Madrid,2026-09,852,cad,2026-09-29,2026-10-06,AC,Air Canada,3488,3
2026-09-02T13:07:27.992841+00:00,YYZ,MAD,Madrid,2026-10,743,cad,2026-10-12,2026-10-20,KL,KLM,692,1
2026-09-02T13:07:27.992841+00:00,YYZ,MAD,Madrid,2027-03,1010,cad,2027-03-11,2027-03-15,AA,American Airlines,5425,1
2026-09-02T13:07:27.992841+00:00,YYZ,MAD,Madrid,2027-04,962,cad,2027-04-08,2027-04-12,IB,Iberia,3528,1
2026-09-02T13:07:27.992841+00:00,YYZ,BCN,Barcelona,2026-09,671,cad,2026-09-11,2026-09-16,PD,Porter Airlines Canada,135,1
2026-09-02T13:07:27.992841+00:00,YYZ,BCN,Barcelona,2026-10,604,cad,2026-10-18,2026-11-18,TP,TAP Air Portugal,262,1
2026-09-02T13:07:27.992841+00:00,YYZ,BCN,Barcelona,2026-12,619,cad,2026-12-07,2026-12-12,TP,TAP Air Portugal,262,1
2026-09-02T13:07:27.992841+00:00,YYZ,BCN,Barcelona,2027-01,573,cad,2027-01-13,2027-01-20,TP,TAP Air Portugal,262,1
2026-09-02T13:07:27.992841+00:00,YYZ,FRA,Frankfurt,2026-09,927,cad,2026-09-20,2026-09-24,DE,Condor,2403,0
2026-09-02T13:07:27.992841+00:00,YYZ,FRA,Frankfurt,2026-10,1052,cad,2026-10-09,2026-10-11,DE,Condor,2403,0
2026-09-02T13:07:27.992841+00:00,YYZ,FRA,Frankfurt,2026-11,720,cad,2026-11-11,2026-11-17,FI,Icelandair,602,1
2026-09-02T13:07:27.992841+00:00,YYZ,FRA,Frankfurt,2026-12,1067,cad,2026-12-12,2026-12-23,AC,Air Canada,842,0
2026-09-02T13:07:27.992841+00:00,YYZ,FRA,Frankfurt,2027-01,1036,cad,2027-01-03,2027-01-16,TP,TAP Air Portugal,262,1
2026-09-02T13:07:27.992841+00:00,YYZ,MUC,Munich,2026-09,1257,cad,2026-09-17,2026-09-27,PD,Porter Airlines Canada,125,3
2026-09-02T13:07:27.992841+00:00,YYZ,MUC,Munich,2026-10,927,cad,2026-10-09,2026-10-16,DE,Condor,2403,1
2026-09-02T13:07:27.992841+00:00,YYZ,MUC,Munich,2026-11,1033,cad,2026-11-14,2026-11-19,FI,Icelandair,602,1
2026-09-02T13:07:27.992841+00:00,YYZ,MUC,Munich,2026-12,1198,cad,2026-12-25,2027-01-14,BA,British Airways,98,1
2026-09-02T13:07:27.992841+00:00,YYZ,MUC,Munich,2027-01,1138,cad,2027-01-09,2027-01-22,AA,American Airlines,5020,1
2026-09-02T13:07:27.992841+00:00,YYZ,DUB,Dublin,2026-09,788,cad,2026-09-17,2026-10-01,WS,WestJet,36,1
2026-09-02T13:07:27.992841+00:00,YYZ,DUB,Dublin,2026-10,612,cad,2026-10-15,2026-10-23,PD,Porter Airlines Canada,7230,0
2026-09-02T13:07:27.992841+00:00,YYZ,DUB,Dublin,2026-11,619,cad,2026-11-17,2026-11-23,SK,SAS Scandinavian,950,1
2026-09-02T13:07:27.992841+00:00,YYZ,DUB,Dublin,2026-12,870,cad,2026-12-30,2027-01-11,FI,Icelandair,602,1
2026-09-02T13:07:27.992841+00:00,YYZ,ZRH,Zurich,2026-10,850,cad,2026-10-10,2026-10-24,WS,WestJet,46,2
2026-09-02T13:07:27.992841+00:00,YYZ,VIE,Vienna,2026-10,824,cad,2026-10-07,2026-10-12,DE,Condor,2403,1
2026-09-02T13:07:27.992841+00:00,YYZ,VIE,Vienna,2026-12,1349,cad,2026-12-19,2026-12-31,BA,British Airways,98,1
2026-09-02T13:07:27.992841+00:00,YYZ,LIS,Lisbon,2026-09,693,cad,2026-09-27,2026-10-04,TS,Air Transat,771,1
2026-09-02T13:07:27.992841+00:00,YYZ,LIS,Lisbon,2026-10,634,cad,2026-10-23,2026-11-08,TS,Air Transat,451,1
2026-09-02T13:07:27.992841+00:00,YYZ,LIS,Lisbon,2026-11,624,cad,2026-11-22,2026-12-13,TS,Air Transat,7250,1
2026-09-02T13:07:27.992841+00:00,YYZ,LIS,Lisbon,2026-12,857,cad,2026-12-31,2027-01-11,PD,Porter Airlines Canada,7250,1
2026-09-02T13:07:27.992841+00:00,YYZ,LIS,Lisbon,2027-01,862,cad,2027-01-01,2027-01-13,AA,American Airlines,5526,1
2026-09-02T13:07:27.992841+00:00,YYZ,LIS,Lisbon,2027-08,1148,cad,2027-08-09,2027-08-13,AC,Air Canada,810,0
2026-09-02T13:07:27.992841+00:00,YYZ,ATH,Athens,2026-09,833,cad,2026-09-07,2026-09-17,KL,KLM,696,1
2026-09-02T13:07:27.992841+00:00,YYZ,ATH,Athens,2026-10,809,cad,2026-10-05,2026-10-20,AF,Air France,357,1
2026-09-02T13:07:27.992841+00:00,YYZ,ATH,Athens,2026-11,736,cad,2026-11-22,2026-12-06,SK,SAS Scandinavian,950,2
2026-09-02T13:07:27.992841+00:00,YYZ,ATH,Athens,2026-12,1319,cad,2026-12-24,2026-12-31,AC,Air Canada,408,1
2026-09-02T13:07:27.992841+00:00,YYZ,ARN,Stockholm,2026-12,1295,cad,2026-12-23,2027-01-03,S4,SATA,2322,2
2026-09-02T13:07:27.992841+00:00,YYZ,BER,Berlin,2026-09,923,cad,2026-09-30,2026-10-04,WS,WestJet,46,2
2026-09-02T13:07:27.992841+00:00,YYZ,BER,Berlin,2026-10,733,cad,2026-10-15,2026-10-23,DE,Condor,2403,1
2026-09-02T13:07:27.992841+00:00,YYZ,BER,Berlin,2026-11,669,cad,2026-11-17,2026-11-22,DE,Condor,2403,1
2026-09-02T13:07:27.992841+00:00,YYZ,WAW,Warsaw,2026-09,939,cad,2026-09-30,2026-11-16,SK,SAS Scandinavian,950,1
2026-09-02T13:07:27.992841+00:00,YYZ,WAW,Warsaw,2026-10,793,cad,2026-10-09,2026-10-16,SK,SAS Scandinavian,950,1
2026-09-02T13:07:27.992841+00:00,YYZ,WAW,Warsaw,2026-11,982,cad,2026-11-01,2026-11-22,SK,SAS Scandinavian,950,1
2026-09-02T13:07:27.992841+00:00,YYZ,WAW,Warsaw,2026-12,1164,cad,2026-12-24,2027-01-09,AA,American Airlines,6921,2
2026-09-02T13:07:27.992841+00:00,YYZ,WAW,Warsaw,2027-02,1028,cad,2027-02-05,2027-02-20,AA,American Airlines,6921,1
2026-09-02T13:07:27.992841+00:00,YYZ,WAW,Warsaw,2027-03,842,cad,2027-03-24,2027-03-29,SK,SAS Scandinavian,950,1
2026-09-02T13:07:27.992841+00:00,YYZ,WAW,Warsaw,2027-04,847,cad,2027-04-15,2027-04-28,SK,SAS Scandinavian,950,1
2026-09-02T13:07:27.992841+00:00,YYZ,WAW,Warsaw,2027-05,970,cad,2027-05-03,2027-05-22,AA,American Airlines,8962,1
2026-09-02T13:07:27.992841+00:00,YYZ,WAW,Warsaw,2027-07,1178,cad,2027-07-01,2027-07-30,BA,British Airways,6921,1
2026-09-02T13:07:27.992841+00:00,YYZ,PRG,Prague,2026-09,1027,cad,2026-09-18,2026-09-28,TS,Air Transat,122,1
2026-09-02T13:07:27.992841+00:00,YYZ,PRG,Prague,2026-11,910,cad,2026-11-14,2026-11-19,AF,Air France,357,1
2026-09-02T13:07:27.992841+00:00,YYZ,PRG,Prague,2027-01,791,cad,2027-01-29,2027-03-13,SK,SAS Scandinavian,3148,2
2026-09-02T13:07:27.992841+00:00,YYZ,PRG,Prague,2027-02,794,cad,2027-02-05,2027-02-19,SK,SAS Scandinavian,3148,2
2026-09-02T13:07:27.992841+00:00,YYZ,BUD,Budapest,2026-09,929,cad,2026-09-09,2026-09-16,DE,Condor,2403,1
2026-09-02T13:07:27.992841+00:00,YYZ,BUD,Budapest,2026-10,785,cad,2026-10-07,2026-10-21,DE,Condor,2403,1
2026-09-02T13:07:27.992841+00:00,YYZ,BUD,Budapest,2027-02,760,cad,2027-02-05,2027-02-19,KL,KLM,696,1
2026-09-02T13:07:27.992841+00:00,YYZ,MXP,Milan,2026-09,764,cad,2026-09-08,2026-09-16,DE,Condor,2403,1
2026-09-02T13:07:27.992841+00:00,YYZ,MXP,Milan,2026-10,732,cad,2026-10-21,2026-10-29,DE,Condor,2403,1
2026-09-02T13:07:27.992841+00:00,YYZ,MXP,Milan,2026-12,750,cad,2026-12-03,2027-01-10,TP,TAP Air Portugal,258,1
2026-09-02T13:07:27.992841+00:00,YYZ,MXP,Milan,2027-05,911,cad,2027-05-03,2027-05-16,DE,Condor,2403,1
2026-09-02T13:07:27.992841+00:00,YYZ,OSL,Oslo,2026-09,986,cad,2026-09-06,2026-09-15,WS,WestJet,806,3
2026-09-02T13:07:27.992841+00:00,YYZ,EDI,Edinburgh,2026-09,769,cad,2026-09-17,2026-10-01,WS,WestJet,36,0
2026-09-02T13:07:27.992841+00:00,YYZ,KEF,Reykjavik,2026-09,696,cad,2026-09-07,2026-09-14,FI,Icelandair,604,0
2026-09-02T13:07:27.992841+00:00,YYZ,KEF,Reykjavik,2026-10,773,cad,2026-10-02,2026-10-09,AC,Air Canada,1966,2
2026-09-02T13:07:27.992841+00:00,YYZ,KEF,Reykjavik,2026-11,836,cad,2026-11-18,2026-11-23,FI,Icelandair,602,0
2026-09-02T13:07:27.992841+00:00,YYZ,KEF,Reykjavik,2026-12,924,cad,2026-12-21,2026-12-28,FI,Icelandair,604,0
2026-09-02T13:07:27.992841+00:00,YYZ,DEL,Delhi,2026-09,1530,cad,2026-09-02,2026-09-28,AA,American Airlines,4347,2
2026-09-02T13:07:27.992841+00:00,YYZ,DEL,Delhi,2026-10,1679,cad,2026-10-11,2026-11-14,AA,American Airlines,4542,2
2026-09-02T13:07:27.992841+00:00,YYZ,DEL,Delhi,2026-11,1522,cad,2026-11-25,2026-11-27,MU,China Eastern,208,1
2026-09-02T13:07:27.992841+00:00,YYZ,DEL,Delhi,2026-12,1781,cad,2026-12-03,2027-01-07,AA,American Airlines,4438,2
2026-09-02T13:07:27.992841+00:00,YYZ,BOM,Mumbai,2026-09,1227,cad,2026-09-11,2026-10-25,ET,Ethiopian Airlines,553,1
2026-09-02T13:07:27.992841+00:00,YYZ,BOM,Mumbai,2026-10,1303,cad,2026-10-10,2026-11-29,ET,Ethiopian Airlines,553,1
2026-09-02T13:07:27.992841+00:00,YYZ,BOM,Mumbai,2026-12,2016,cad,2026-12-27,2027-01-11,AI,Air India,188,1
2026-09-02T13:07:27.992841+00:00,YYZ,BOM,Mumbai,2027-02,1439,cad,2027-02-04,2027-03-04,SV,Saudia,62,1
2026-09-03T13:07:31.805563+00:00,YYZ,LHR,London,2026-09,713,cad,2026-09-18,2026-10-20,FI,Icelandair,604,1
2026-09-03T13:07:31.805563+00:00,YYZ,LHR,London,2026-10,797,cad,2026-10-12,2026-10-19,FI,Icelandair,602,1
2026-09-03T13:07:31.805563+00:00,YYZ,LHR,London,2026-11,858,cad,2026-11-02,2026-11-15,TP,TAP Air Portugal,262,1
2026-09-03T13:07:31.805563+00:00,YYZ,LHR,London,2026-12,943,cad,2026-12-07,2026-12-12,TP,TAP Air Portugal,262,1
2026-09-03T13:07:31.805563+00:00,YYZ,LHR,London,2027-01,706,cad,2027-01-15,2027-01-24,FI,Icelandair,602,1
2026-09-03T13:07:31.805563+00:00,YYZ,LHR,London,2027-02,957,cad,2027-02-13,2027-02-14,AC,Air Canada,600,1
2026-09-03T13:07:31.805563+00:00,YYZ,LHR,London,2027-06,965,cad,2027-06-01,2027-06-08,AC,Air Canada,600,1
2026-09-03T13:07:31.805563+00:00,YYZ,CDG,Paris,2026-09,712,cad,2026-09-11,2026-09-30,WS,WestJet,802,1
2026-09-03T13:07:31.805563+00:00,YYZ,CDG,Paris,2026-10,606,cad,2026-10-02,2026-10-12,UA,United Airlines,5654,1
2026-09-03T13:07:31.805563+00:00,YYZ,CDG,Paris,2026-11,599,cad,2026-11-19,2026-11-23,FI,Icelandair,602,1
2026-09-03T13:07:31.805563+00:00,YYZ,CDG,Paris,2026-12,850,cad,2026-12-24,2027-01-09,VS,Virgin Atlantic,148,1
2026-09-03T13:07:31.805563+00:00,YYZ,CDG,Paris,2027-01,630,cad,2027-01-10,2027-01-22,TS,Air Transat,188,0
2026-09-03T13:07:31.805563+00:00,YYZ,CDG,Paris,2027-03,589,cad,2027-03-02,2027-03-08,FI,Icelandair,602,1
2026-09-03T13:07:31.805563+00:00,YYZ,CDG,Paris,2027-06,978,cad,2027-06-17,2027-06-24,TS,Air Transat,188,0
2026-09-03T13:07:31.805563+00:00,YYZ,FCO,Rome,2026-09,789,cad,2026-09-20,2026-09-22,TS,Air Transat,230,2
2026-09-03T13:07:31.805563+00:00,YYZ,FCO,Rome,2026-10,783,cad,2026-10-13,2026-10-23,DE,Condor,2403,1
2026-09-03T13:07:31.805563+00:00,YYZ,FCO,Rome,2026-12,1056,cad,2026-12-17,2027-01-09,FI,Icelandair,602,1
2026-09-03T13:07:31.805563+00:00,YYZ,FCO,Rome,2027-01,653,cad,2027-01-19,2027-01-23,FI,Icelandair,602,1
2026-09-03T13:07:31.805563+00:00,YYZ,FCO,Rome,2027-08,1084,cad,2027-08-16,2027-08-22,AZ,ITA Airways,651,0
2026-09-03T13:07:31.805563+00:00,YYZ,AMS,Amsterdam,2026-09,736,cad,2026-09-29,2026-10-06,AC,Air Canada,894,1
2026-09-03T13:07:31.805563+00:00,YYZ,AMS,Amsterdam,2026-10,688,cad,2026-10-26,2026-11-10,TP,TAP Air Portugal,262,1
2026-09-03T13:07:31.805563+00:00,YYZ,AMS,Amsterdam,2026-11,613,cad,2026-11-26,2026-12-02,FI,Icelandair,602,1
2026-09-03T13:07:31.805563+00:00,YYZ,AMS,Amsterdam,2026-12,931,cad,2026-12-19,2026-12-27,KL,KLM,4843,1
2026-09-03T13:07:31.805563+00:00,YYZ,MAD,Madrid,2026-09,852,cad,2026-09-29,2026-10-06,AC,Air Canada,3488,3
2026-09-03T13:07:31.805563+00:00,YYZ,MAD,Madrid,2026-10,743,cad,2026-10-12,2026-10-20,KL,KLM,692,1
2026-09-03T13:07:31.805563+00:00,YYZ,MAD,Madrid,2027-03,1010,cad,2027-03-11,2027-03-15,AA,American Airlines,5425,1
2026-09-03T13:07:31.805563+00:00,YYZ,MAD,Madrid,2027-04,962,cad,2027-04-08,2027-04-12,IB,Iberia,3528,1
2026-09-03T13:07:31.805563+00:00,YYZ,BCN,Barcelona,2026-09,671,cad,2026-09-11,2026-09-16,PD,Porter Airlines Canada,135,1
2026-09-03T13:07:31.805563+00:00,YYZ,BCN,Barcelona,2026-10,604,cad,2026-10-18,2026-11-18,TP,TAP Air Portugal,262,1
2026-09-03T13:07:31.805563+00:00,YYZ,BCN,Barcelona,2026-12,615,cad,2026-12-07,2026-12-12,TP,TAP Air Portugal,262,1
2026-09-03T13:07:31.805563+00:00,YYZ,BCN,Barcelona,2027-01,569,cad,2027-01-13,2027-01-20,TP,TAP Air Portugal,262,1
2026-09-03T13:07:31.805563+00:00,YYZ,FRA,Frankfurt,2026-09,927,cad,2026-09-20,2026-09-24,DE,Condor,2403,0
2026-09-03T13:07:31.805563+00:00,YYZ,FRA,Frankfurt,2026-10,1052,cad,2026-10-09,2026-10-11,DE,Condor,2403,0
2026-09-03T13:07:31.805563+00:00,YYZ,FRA,Frankfurt,2026-11,715,cad,2026-11-11,2026-11-17,FI,Icelandair,602,1
2026-09-03T13:07:31.805563+00:00,YYZ,FRA,Frankfurt,2026-12,1067,cad,2026-12-12,2026-12-23,AC,Air Canada,842,0
2026-09-03T13:07:31.805563+00:00,YYZ,FRA,Frankfurt,2027-01,1036,cad,2027-01-03,2027-01-16,TP,TAP Air Portugal,262,1
2026-09-03T13:07:31.805563+00:00,YYZ,MUC,Munich,2026-09,1257,cad,2026-09-17,2026-09-27,PD,Porter Airlines Canada,125,3
2026-09-03T13:07:31.805563+00:00,YYZ,MUC,Munich,2026-10,927,cad,2026-10-09,2026-10-16,DE,Condor,2403,1
2026-09-03T13:07:31.805563+00:00,YYZ,MUC,Munich,2026-11,1033,cad,2026-11-14,2026-11-19,FI,Icelandair,602,1
2026-09-03T13:07:31.805563+00:00,YYZ,MUC,Munich,2026-12,1198,cad,2026-12-25,2027-01-14,BA,British Airways,98,1
2026-09-03T13:07:31.805563+00:00,YYZ,MUC,Munich,2027-01,1138,cad,2027-01-09,2027-01-22,AA,American Airlines,5020,1
2026-09-03T13:07:31.805563+00:00,YYZ,DUB,Dublin,2026-09,788,cad,2026-09-17,2026-10-01,WS,WestJet,36,1
2026-09-03T13:07:31.805563+00:00,YYZ,DUB,Dublin,2026-10,612,cad,2026-10-15,2026-10-23,PD,Porter Airlines Canada,7230,0
2026-09-03T13:07:31.805563+00:00,YYZ,DUB,Dublin,2026-11,619,cad,2026-11-17,2026-11-23,SK,SAS Scandinavian,950,1
2026-09-03T13:07:31.805563+00:00,YYZ,DUB,Dublin,2026-12,870,cad,2026-12-30,2027-01-11,FI,Icelandair,602,1
2026-09-03T13:07:31.805563+00:00,YYZ,ZRH,Zurich,2026-10,950,cad,2026-10-10,2026-10-14,DE,Condor,2403,1
2026-09-03T13:07:31.805563+00:00,YYZ,VIE,Vienna,2026-10,824,cad,2026-10-07,2026-10-12,DE,Condor,2403,1
2026-09-03T13:07:31.805563+00:00,YYZ,VIE,Vienna,2026-12,1349,cad,2026-12-19,2026-12-31,BA,British Airways,98,1
2026-09-03T13:07:31.805563+00:00,YYZ,LIS,Lisbon,2026-09,699,cad,2026-09-07,2026-09-14,LH,Lufthansa,495,1
2026-09-03T13:07:31.805563+00:00,YYZ,LIS,Lisbon,2026-10,634,cad,2026-10-23,2026-11-08,TS,Air Transat,451,1
2026-09-03T13:07:31.805563+00:00,YYZ,LIS,Lisbon,2026-11,616,cad,2026-11-22,2026-12-13,TP,TAP Air Portugal,258,0
2026-09-03T13:07:31.805563+00:00,YYZ,LIS,Lisbon,2026-12,1174,cad,2026-12-24,2027-01-04,BA,British Airways,98,1
2026-09-03T13:07:31.805563+00:00,YYZ,LIS,Lisbon,2027-08,1140,cad,2027-08-09,2027-08-13,AC,Air Canada,810,0
2026-09-03T13:07:31.805563+00:00,YYZ,ATH,Athens,2026-09,833,cad,2026-09-07,2026-09-17,KL,KLM,696,1
2026-09-03T13:07:31.805563+00:00,YYZ,ATH,Athens,2026-10,809,cad,2026-10-05,2026-10-20,AF,Air France,357,1
2026-09-03T13:07:31.805563+00:00,YYZ,ATH,Athens,2026-11,736,cad,2026-11-22,2026-12-06,SK,SAS Scandinavian,950,2
2026-09-03T13:07:31.805563+00:00,YYZ,ATH,Athens,2026-12,1319,cad,2026-12-24,2026-12-31,AC,Air Canada,408,1
2026-09-03T13:07:31.805563+00:00,YYZ,ARN,Stockholm,2026-12,1295,cad,2026-12-23,2027-01-03,S4,SATA,2322,2
2026-09-03T13:07:31.805563+00:00,YYZ,BER,Berlin,2026-09,923,cad,2026-09-30,2026-10-04,WS,WestJet,46,2
2026-09-03T13:07:31.805563+00:00,YYZ,BER,Berlin,2026-10,733,cad,2026-10-15,2026-10-23,DE,Condor,2403,1
2026-09-03T13:07:31.805563+00:00,YYZ,BER,Berlin,2026-11,730,cad,2026-11-17,2026-11-22,DE,Condor,2403,1
2026-09-03T13:07:31.805563+00:00,YYZ,WAW,Warsaw,2026-09,934,cad,2026-09-30,2026-11-16,SK,SAS Scandinavian,950,1
2026-09-03T13:07:31.805563+00:00,YYZ,WAW,Warsaw,2026-10,788,cad,2026-10-09,2026-10-16,SK,SAS Scandinavian,950,1
2026-09-03T13:07:31.805563+00:00,YYZ,WAW,Warsaw,2026-11,841,cad,2026-11-02,2026-11-23,TP,TAP Air Portugal,262,2
2026-09-03T13:07:31.805563+00:00,YYZ,WAW,Warsaw,2026-12,1164,cad,2026-12-24,2027-01-09,AA,American Airlines,6921,2
2026-09-03T13:07:31.805563+00:00,YYZ,WAW,Warsaw,2027-02,907,cad,2027-02-19,2027-03-27,SK,SAS Scandinavian,950,1
2026-09-03T13:07:31.805563+00:00,YYZ,WAW,Warsaw,2027-03,842,cad,2027-03-24,2027-03-29,SK,SAS Scandinavian,950,1
2026-09-03T13:07:31.805563+00:00,YYZ,WAW,Warsaw,2027-04,867,cad,2027-04-15,2027-04-28,SK,SAS Scandinavian,950,1
2026-09-03T13:07:31.805563+00:00,YYZ,WAW,Warsaw,2027-05,964,cad,2027-05-03,2027-05-22,AA,American Airlines,8962,1
2026-09-03T13:07:31.805563+00:00,YYZ,WAW,Warsaw,2027-07,1178,cad,2027-07-01,2027-07-30,BA,British Airways,6921,1
2026-09-03T13:07:31.805563+00:00,YYZ,PRG,Prague,2026-09,1027,cad,2026-09-18,2026-09-28,TS,Air Transat,122,1
2026-09-03T13:07:31.805563+00:00,YYZ,PRG,Prague,2026-11,910,cad,2026-11-14,2026-11-19,AF,Air France,357,1
2026-09-03T13:07:31.805563+00:00,YYZ,PRG,Prague,2027-01,791,cad,2027-01-29,2027-03-13,SK,SAS Scandinavian,3148,2
2026-09-03T13:07:31.805563+00:00,YYZ,PRG,Prague,2027-02,794,cad,2027-02-05,2027-02-19,SK,SAS Scandinavian,3148,2
2026-09-03T13:07:31.805563+00:00,YYZ,BUD,Budapest,2026-09,781,cad,2026-09-07,2026-09-16,DE,Condor,2403,1
2026-09-03T13:07:31.805563+00:00,YYZ,BUD,Budapest,2026-10,785,cad,2026-10-07,2026-10-21,DE,Condor,2403,1
2026-09-03T13:07:31.805563+00:00,YYZ,BUD,Budapest,2027-02,760,cad,2027-02-05,2027-02-19,KL,KLM,696,1
2026-09-03T13:07:31.805563+00:00,YYZ,BUD,Budapest,2027-04,1110,cad,2027-04-01,2027-04-11,BA,British Airways,98,1
2026-09-03T13:07:31.805563+00:00,YYZ,MXP,Milan,2026-09,764,cad,2026-09-08,2026-09-16,DE,Condor,2403,1
2026-09-03T13:07:31.805563+00:00,YYZ,MXP,Milan,2026-10,732,cad,2026-10-21,2026-10-29,DE,Condor,2403,1
2026-09-03T13:07:31.805563+00:00,YYZ,MXP,Milan,2027-05,911,cad,2027-05-03,2027-05-16,DE,Condor,2403,1
2026-09-03T13:07:31.805563+00:00,YYZ,OSL,Oslo,2026-09,986,cad,2026-09-06,2026-09-15,WS,WestJet,806,3
2026-09-03T13:07:31.805563+00:00,YYZ,EDI,Edinburgh,2026-09,769,cad,2026-09-17,2026-10-01,WS,WestJet,36,0
2026-09-03T13:07:31.805563+00:00,YYZ,KEF,Reykjavik,2026-09,696,cad,2026-09-07,2026-09-14,FI,Icelandair,604,0
2026-09-03T13:07:31.805563+00:00,YYZ,KEF,Reykjavik,2026-10,773,cad,2026-10-02,2026-10-09,AC,Air Canada,1966,2
2026-09-03T13:07:31.805563+00:00,YYZ,KEF,Reykjavik,2026-11,836,cad,2026-11-18,2026-11-23,FI,Icelandair,602,0
2026-09-03T13:07:31.805563+00:00,YYZ,KEF,Reykjavik,2026-12,924,cad,2026-12-21,2026-12-28,FI,Icelandair,604,0
2026-09-03T13:07:31.805563+00:00,YYZ,DEL,Delhi,2026-10,1611,cad,2026-10-20,2026-11-26,AC,Air Canada,6603,2
2026-09-03T13:07:31.805563+00:00,YYZ,DEL,Delhi,2026-11,1536,cad,2026-11-20,2026-12-11,SV,Saudia,62,1
2026-09-03T13:07:31.805563+00:00,YYZ,DEL,Delhi,2026-12,1781,cad,2026-12-03,2027-01-07,AA,American Airlines,4438,2
2026-09-03T13:07:31.805563+00:00,YYZ,DEL,Delhi,2027-01,1498,cad,2027-01-22,2027-03-08,SV,Saudia,62,1
2026-09-03T13:07:31.805563+00:00,YYZ,BOM,Mumbai,2026-10,1205,cad,2026-10-06,2026-11-29,ET,Ethiopian Airlines,553,1
2026-09-03T13:07:31.805563+00:00,YYZ,BOM,Mumbai,2026-12,1518,cad,2026-12-01,2026-12-19,SV,Saudia,62,1
2026-09-04T13:07:06.184320+00:00,YYZ,LHR,London,2026-09,713,cad,2026-09-18,2026-10-20,FI,Icelandair,604,1
2026-09-04T13:07:06.184320+00:00,YYZ,LHR,London,2026-10,797,cad,2026-10-12,2026-10-19,FI,Icelandair,602,1
2026-09-04T13:07:06.184320+00:00,YYZ,LHR,London,2026-11,916,cad,2026-11-30,2026-12-22,FI,Icelandair,602,1
2026-09-04T13:07:06.184320+00:00,YYZ,LHR,London,2026-12,943,cad,2026-12-07,2026-12-12,TP,TAP Air Portugal,262,1
2026-09-04T13:07:06.184320+00:00,YYZ,LHR,London,2027-01,706,cad,2027-01-15,2027-01-24,FI,Icelandair,602,1
2026-09-04T13:07:06.184320+00:00,YYZ,LHR,London,2027-02,957,cad,2027-02-13,2027-02-14,AC,Air Canada,600,1
2026-09-04T13:07:06.184320+00:00,YYZ,CDG,Paris,2026-09,712,cad,2026-09-11,2026-09-30,WS,WestJet,802,1
2026-09-04T13:07:06.184320+00:00,YYZ,CDG,Paris,2026-10,606,cad,2026-10-02,2026-10-12,UA,United Airlines,5654,1
2026-09-04T13:07:06.184320+00:00,YYZ,CDG,Paris,2026-11,599,cad,2026-11-19,2026-11-23,FI,Icelandair,602,1
2026-09-04T13:07:06.184320+00:00,YYZ,CDG,Paris,2026-12,850,cad,2026-12-24,2027-01-09,VS,Virgin Atlantic,148,1
2026-09-04T13:07:06.184320+00:00,YYZ,CDG,Paris,2027-01,630,cad,2027-01-10,2027-01-22,TS,Air Transat,188,0
2026-09-04T13:07:06.184320+00:00,YYZ,CDG,Paris,2027-03,589,cad,2027-03-02,2027-03-08,FI,Icelandair,602,1
2026-09-04T13:07:06.184320+00:00,YYZ,CDG,Paris,2027-06,978,cad,2027-06-17,2027-06-24,TS,Air Transat,188,0
2026-09-04T13:07:06.184320+00:00,YYZ,FCO,Rome,2026-09,789,cad,2026-09-20,2026-09-22,TS,Air Transat,230,2
2026-09-04T13:07:06.184320+00:00,YYZ,FCO,Rome,2026-10,783,cad,2026-10-13,2026-10-23,DE,Condor,2403,1
2026-09-04T13:07:06.184320+00:00,YYZ,FCO,Rome,2026-12,1056,cad,2026-12-17,2027-01-09,FI,Icelandair,602,1
2026-09-04T13:07:06.184320+00:00,YYZ,FCO,Rome,2027-01,653,cad,2027-01-19,2027-01-23,FI,Icelandair,602,1
2026-09-04T13:07:06.184320+00:00,YYZ,AMS,Amsterdam,2026-09,736,cad,2026-09-29,2026-10-06,AC,Air Canada,894,1
2026-09-04T13:07:06.184320+00:00,YYZ,AMS,Amsterdam,2026-10,688,cad,2026-10-26,2026-11-10,TP,TAP Air Portugal,262,1
2026-09-04T13:07:06.184320+00:00,YYZ,AMS,Amsterdam,2026-11,562,cad,2026-11-27,2026-12-02,FI,Icelandair,602,1
2026-09-04T13:07:06.184320+00:00,YYZ,AMS,Amsterdam,2026-12,931,cad,2026-12-19,2026-12-27,KL,KLM,4843,1
2026-09-04T13:07:06.184320+00:00,YYZ,MAD,Madrid,2026-09,852,cad,2026-09-29,2026-10-06,AC,Air Canada,3488,3
2026-09-04T13:07:06.184320+00:00,YYZ,MAD,Madrid,2026-10,743,cad,2026-10-12,2026-10-20,KL,KLM,692,1
2026-09-04T13:07:06.184320+00:00,YYZ,MAD,Madrid,2027-03,1010,cad,2027-03-11,2027-03-15,AA,American Airlines,5425,1
2026-09-04T13:07:06.184320+00:00,YYZ,MAD,Madrid,2027-04,962,cad,2027-04-08,2027-04-12,IB,Iberia,3528,1
2026-09-04T13:07:06.184320+00:00,YYZ,BCN,Barcelona,2026-09,671,cad,2026-09-11,2026-09-16,PD,Porter Airlines Canada,135,1
2026-09-04T13:07:06.184320+00:00,YYZ,BCN,Barcelona,2026-10,604,cad,2026-10-18,2026-11-18,TP,TAP Air Portugal,262,1
2026-09-04T13:07:06.184320+00:00,YYZ,BCN,Barcelona,2026-12,615,cad,2026-12-07,2026-12-12,TP,TAP Air Portugal,262,1
2026-09-04T13:07:06.184320+00:00,YYZ,BCN,Barcelona,2027-01,569,cad,2027-01-13,2027-01-20,TP,TAP Air Portugal,262,1
2026-09-04T13:07:06.184320+00:00,YYZ,FRA,Frankfurt,2026-09,927,cad,2026-09-20,2026-09-24,DE,Condor,2403,0
2026-09-04T13:07:06.184320+00:00,YYZ,FRA,Frankfurt,2026-10,1052,cad,2026-10-09,2026-10-11,DE,Condor,2403,0
2026-09-04T13:07:06.184320+00:00,YYZ,FRA,Frankfurt,2026-11,715,cad,2026-11-11,2026-11-17,FI,Icelandair,602,1
2026-09-04T13:07:06.184320+00:00,YYZ,FRA,Frankfurt,2026-12,1067,cad,2026-12-12,2026-12-23,AC,Air Canada,842,0
2026-09-04T13:07:06.184320+00:00,YYZ,FRA,Frankfurt,2027-01,1036,cad,2027-01-03,2027-01-16,TP,TAP Air Portugal,262,1
2026-09-04T13:07:06.184320+00:00,YYZ,MUC,Munich,2026-10,927,cad,2026-10-09,2026-10-16,DE,Condor,2403,1
2026-09-04T13:07:06.184320+00:00,YYZ,MUC,Munich,2026-11,1033,cad,2026-11-14,2026-11-19,FI,Icelandair,602,1
2026-09-04T13:07:06.184320+00:00,YYZ,MUC,Munich,2026-12,1379,cad,2026-12-27,2027-01-03,OH,American Eagle,5045,1
2026-09-04T13:07:06.184320+00:00,YYZ,MUC,Munich,2027-01,1138,cad,2027-01-09,2027-01-22,AA,American Airlines,5020,1
2026-09-04T13:07:06.184320+00:00,YYZ,DUB,Dublin,2026-09,814,cad,2026-09-20,2026-09-27,TS,Air Transat,230,1
2026-09-04T13:07:06.184320+00:00,YYZ,DUB,Dublin,2026-10,612,cad,2026-10-15,2026-10-23,PD,Porter Airlines Canada,7230,0
2026-09-04T13:07:06.184320+00:00,YYZ,DUB,Dublin,2026-11,619,cad,2026-11-17,2026-11-23,SK,SAS Scandinavian,950,1
2026-09-04T13:07:06.184320+00:00,YYZ,DUB,Dublin,2026-12,870,cad,2026-12-30,2027-01-11,FI,Icelandair,602,1
2026-09-04T13:07:06.184320+00:00,YYZ,ZRH,Zurich,2026-10,950,cad,2026-10-10,2026-10-14,DE,Condor,2403,1
2026-09-04T13:07:06.184320+00:00,YYZ,VIE,Vienna,2026-12,1349,cad,2026-12-19,2026-12-31,BA,British Airways,98,1
2026-09-04T13:07:06.184320+00:00,YYZ,LIS,Lisbon,2026-09,699,cad,2026-09-07,2026-09-14,LH,Lufthansa,495,1
2026-09-04T13:07:06.184320+00:00,YYZ,LIS,Lisbon,2026-10,698,cad,2026-10-18,2026-10-30,IB,Iberia,368,1
2026-09-04T13:07:06.184320+00:00,YYZ,LIS,Lisbon,2026-11,614,cad,2026-11-22,2026-12-13,TP,TAP Air Portugal,258,0
2026-09-04T13:07:06.184320+00:00,YYZ,LIS,Lisbon,2026-12,1174,cad,2026-12-24,2027-01-04,BA,British Airways,98,1
2026-09-04T13:07:06.184320+00:00,YYZ,LIS,Lisbon,2027-08,1140,cad,2027-08-09,2027-08-13,AC,Air Canada,810,0
2026-09-04T13:07:06.184320+00:00,YYZ,ATH,Athens,2026-09,964,cad,2026-09-26,2026-10-10,AF,Air France,359,2
2026-09-04T13:07:06.184320+00:00,YYZ,ATH,Athens,2026-10,809,cad,2026-10-05,2026-10-20,AF,Air France,357,1
2026-09-04T13:07:06.184320+00:00,YYZ,ATH,Athens,2026-11,937,cad,2026-11-22,2026-12-06,KL,KLM,696,1
2026-09-04T13:07:06.184320+00:00,YYZ,ARN,Stockholm,2026-12,1295,cad,2026-12-23,2027-01-03,S4,SATA,2322,2
2026-09-04T13:07:06.184320+00:00,YYZ,BER,Berlin,2026-09,923,cad,2026-09-30,2026-10-04,WS,WestJet,46,2
2026-09-04T13:07:06.184320+00:00,YYZ,BER,Berlin,2026-10,733,cad,2026-10-15,2026-10-23,DE,Condor,2403,1
2026-09-04T13:07:06.184320+00:00,YYZ,BER,Berlin,2026-11,730,cad,2026-11-17,2026-11-22,DE,Condor,2403,1
2026-09-04T13:07:06.184320+00:00,YYZ,WAW,Warsaw,2026-09,932,cad,2026-09-30,2026-11-16,SK,SAS Scandinavian,950,1
2026-09-04T13:07:06.184320+00:00,YYZ,WAW,Warsaw,2026-10,812,cad,2026-10-09,2026-10-16,SK,SAS Scandinavian,950,1
2026-09-04T13:07:06.184320+00:00,YYZ,WAW,Warsaw,2026-11,841,cad,2026-11-02,2026-11-23,TP,TAP Air Portugal,262,2
2026-09-04T13:07:06.184320+00:00,YYZ,WAW,Warsaw,2026-12,1164,cad,2026-12-24,2027-01-09,AA,American Airlines,6921,2
2026-09-04T13:07:06.184320+00:00,YYZ,WAW,Warsaw,2027-02,843,cad,2027-02-23,2027-04-03,SK,SAS Scandinavian,950,1
2026-09-04T13:07:06.184320+00:00,YYZ,WAW,Warsaw,2027-03,842,cad,2027-03-24,2027-03-29,SK,SAS Scandinavian,950,1
2026-09-04T13:07:06.184320+00:00,YYZ,WAW,Warsaw,2027-04,864,cad,2027-04-15,2027-04-28,SK,SAS Scandinavian,950,1
2026-09-04T13:07:06.184320+00:00,YYZ,WAW,Warsaw,2027-05,964,cad,2027-05-03,2027-05-22,AA,American Airlines,8962,1
2026-09-04T13:07:06.184320+00:00,YYZ,PRG,Prague,2026-09,1027,cad,2026-09-18,2026-09-28,TS,Air Transat,122,1
2026-09-04T13:07:06.184320+00:00,YYZ,PRG,Prague,2026-10,779,cad,2026-10-05,2026-10-14,DE,Condor,2403,1
2026-09-04T13:07:06.184320+00:00,YYZ,PRG,Prague,2026-11,910,cad,2026-11-14,2026-11-19,AF,Air France,357,1
2026-09-04T13:07:06.184320+00:00,YYZ,PRG,Prague,2027-01,791,cad,2027-01-29,2027-03-13,SK,SAS Scandinavian,3148,2
2026-09-04T13:07:06.184320+00:00,YYZ,PRG,Prague,2027-02,794,cad,2027-02-05,2027-02-19,SK,SAS Scandinavian,3148,2
2026-09-04T13:07:06.184320+00:00,YYZ,BUD,Budapest,2026-09,781,cad,2026-09-07,2026-09-16,DE,Condor,2403,1
2026-09-04T13:07:06.184320+00:00,YYZ,BUD,Budapest,2026-10,785,cad,2026-10-07,2026-10-21,DE,Condor,2403,1
2026-09-04T13:07:06.184320+00:00,YYZ,BUD,Budapest,2027-02,760,cad,2027-02-05,2027-02-19,KL,KLM,696,1
2026-09-04T13:07:06.184320+00:00,YYZ,BUD,Budapest,2027-04,1110,cad,2027-04-01,2027-04-11,BA,British Airways,98,1
2026-09-04T13:07:06.184320+00:00,YYZ,MXP,Milan,2026-09,764,cad,2026-09-08,2026-09-16,DE,Condor,2403,1
2026-09-04T13:07:06.184320+00:00,YYZ,MXP,Milan,2027-05,911,cad,2027-05-03,2027-05-16,DE,Condor,2403,1
2026-09-04T13:07:06.184320+00:00,YYZ,OSL,Oslo,2026-09,986,cad,2026-09-06,2026-09-15,WS,WestJet,806,3
2026-09-04T13:07:06.184320+00:00,YYZ,EDI,Edinburgh,2026-09,769,cad,2026-09-17,2026-10-01,WS,WestJet,36,0
2026-09-04T13:07:06.184320+00:00,YYZ,KEF,Reykjavik,2026-09,696,cad,2026-09-07,2026-09-14,FI,Icelandair,604,0
2026-09-04T13:07:06.184320+00:00,YYZ,KEF,Reykjavik,2026-10,773,cad,2026-10-02,2026-10-09,AC,Air Canada,1966,2
2026-09-04T13:07:06.184320+00:00,YYZ,KEF,Reykjavik,2026-12,924,cad,2026-12-21,2026-12-28,FI,Icelandair,604,0
2026-09-04T13:07:06.184320+00:00,YYZ,DEL,Delhi,2026-10,1610,cad,2026-10-20,2026-11-26,AC,Air Canada,6603,2
2026-09-04T13:07:06.184320+00:00,YYZ,DEL,Delhi,2026-11,1535,cad,2026-11-20,2026-12-11,SV,Saudia,62,1
2026-09-04T13:07:06.184320+00:00,YYZ,DEL,Delhi,2026-12,1781,cad,2026-12-03,2027-01-07,AA,American Airlines,4438,2
2026-09-04T13:07:06.184320+00:00,YYZ,DEL,Delhi,2027-01,1497,cad,2027-01-22,2027-03-08,SV,Saudia,62,1
2026-09-04T13:07:06.184320+00:00,YYZ,DEL,Delhi,2027-02,1390,cad,2027-02-12,2027-04-13,AA,American Airlines,4542,2
2026-09-04T13:07:06.184320+00:00,YYZ,BOM,Mumbai,2026-10,1204,cad,2026-10-06,2026-11-29,ET,Ethiopian Airlines,553,1
2026-09-04T13:07:06.184320+00:00,YYZ,BOM,Mumbai,2026-12,1518,cad,2026-12-01,2026-12-19,SV,Saudia,62,1
2026-09-04T13:07:06.184320+00:00,YYZ,BOM,Mumbai,2027-01,1511,cad,2027-01-22,2027-02-15,SV,Saudia,62,1
2026-09-05T13:06:38.970346+00:00,YYZ,LHR,London,2026-09,713,cad,2026-09-18,2026-10-20,FI,Icelandair,604,1
2026-09-05T13:06:38.970346+00:00,YYZ,LHR,London,2026-10,797,cad,2026-10-12,2026-10-19,FI,Icelandair,602,1
2026-09-05T13:06:38.970346+00:00,YYZ,LHR,London,2026-12,943,cad,2026-12-07,2026-12-12,TP,TAP Air Portugal,262,1
2026-09-05T13:06:38.970346+00:00,YYZ,LHR,London,2027-01,706,cad,2027-01-15,2027-01-24,FI,Icelandair,602,1
2026-09-05T13:06:38.970346+00:00,YYZ,LHR,London,2027-02,957,cad,2027-02-13,2027-02-14,AC,Air Canada,600,1
2026-09-05T13:06:38.970346+00:00,YYZ,CDG,Paris,2026-09,674,cad,2026-09-10,2026-09-15,UA,United Airlines,3637,1
2026-09-05T13:06:38.970346+00:00,YYZ,CDG,Paris,2026-10,606,cad,2026-10-02,2026-10-12,UA,United Airlines,5654,1
2026-09-05T13:06:38.970346+00:00,YYZ,CDG,Paris,2026-11,684,cad,2026-11-19,2026-11-22,TS,Air Transat,7250,1
2026-09-05T13:06:38.970346+00:00,YYZ,CDG,Paris,2026-12,839,cad,2026-12-21,2027-01-09,FI,Icelandair,604,1
2026-09-05T13:06:38.970346+00:00,YYZ,CDG,Paris,2027-01,624,cad,2027-01-10,2027-01-22,TS,Air Transat,471,1
2026-09-05T13:06:38.970346+00:00,YYZ,CDG,Paris,2027-03,589,cad,2027-03-02,2027-03-08,FI,Icelandair,602,1
2026-09-05T13:06:38.970346+00:00,YYZ,CDG,Paris,2027-06,978,cad,2027-06-17,2027-06-24,TS,Air Transat,188,0
2026-09-05T13:06:38.970346+00:00,YYZ,FCO,Rome,2026-09,789,cad,2026-09-20,2026-09-22,TS,Air Transat,230,2
2026-09-05T13:06:38.970346+00:00,YYZ,FCO,Rome,2026-10,783,cad,2026-10-13,2026-10-23,DE,Condor,2403,1
2026-09-05T13:06:38.970346+00:00,YYZ,FCO,Rome,2026-11,631,cad,2026-11-05,2026-12-03,TP,TAP Air Portugal,258,1
2026-09-05T13:06:38.970346+00:00,YYZ,FCO,Rome,2026-12,1056,cad,2026-12-17,2027-01-09,FI,Icelandair,602,1
2026-09-05T13:06:38.970346+00:00,YYZ,FCO,Rome,2027-01,653,cad,2027-01-19,2027-01-23,FI,Icelandair,602,1
2026-09-05T13:06:38.970346+00:00,YYZ,FCO,Rome,2027-04,854,cad,2027-04-26,2027-05-20,TP,TAP Air Portugal,262,1
2026-09-05T13:06:38.970346+00:00,YYZ,FCO,Rome,2027-05,827,cad,2027-05-01,2027-05-31,TP,TAP Air Portugal,258,1
2026-09-05T13:06:38.970346+00:00,YYZ,FCO,Rome,2027-08,1081,cad,2027-08-16,2027-08-29,AZ,ITA Airways,651,0
2026-09-05T13:06:38.970346+00:00,YYZ,AMS,Amsterdam,2026-09,736,cad,2026-09-29,2026-10-06,AC,Air Canada,894,1
2026-09-05T13:06:38.970346+00:00,YYZ,AMS,Amsterdam,2026-10,688,cad,2026-10-26,2026-11-10,TP,TAP Air Portugal,262,1
2026-09-05T13:06:38.970346+00:00,YYZ,AMS,Amsterdam,2026-11,563,cad,2026-11-27,2026-12-02,FI,Icelandair,602,1
2026-09-05T13:06:38.970346+00:00,YYZ,AMS,Amsterdam,2026-12,931,cad,2026-12-19,2026-12-27,KL,KLM,4843,1
2026-09-05T13:06:38.970346+00:00,YYZ,MAD,Madrid,2026-09,852,cad,2026-09-29,2026-10-06,AC,Air Canada,3488,3
2026-09-05T13:06:38.970346+00:00,YYZ,MAD,Madrid,2026-10,939,cad,2026-10-02,2026-10-06,WS,WestJet,46,1
2026-09-05T13:06:38.970346+00:00,YYZ,MAD,Madrid,2027-03,1010,cad,2027-03-11,2027-03-15,AA,American Airlines,5425,1
2026-09-05T13:06:38.970346+00:00,YYZ,MAD,Madrid,2027-04,962,cad,2027-04-08,2027-04-12,IB,Iberia,3528,1
2026-09-05T13:06:38.970346+00:00,YYZ,BCN,Barcelona,2026-09,671,cad,2026-09-11,2026-09-16,PD,Porter Airlines Canada,135,1
2026-09-05T13:06:38.970346+00:00,YYZ,BCN,Barcelona,2026-10,604,cad,2026-10-18,2026-11-18,TP,TAP Air Portugal,262,1
2026-09-05T13:06:38.970346+00:00,YYZ,BCN,Barcelona,2026-12,615,cad,2026-12-07,2026-12-12,TP,TAP Air Portugal,262,1
2026-09-05T13:06:38.970346+00:00,YYZ,BCN,Barcelona,2027-01,569,cad,2027-01-13,2027-01-20,TP,TAP Air Portugal,262,1
2026-09-05T13:06:38.970346+00:00,YYZ,BCN,Barcelona,2027-08,1178,cad,2027-08-04,2027-08-26,TS,Air Transat,431,1
2026-09-05T13:06:38.970346+00:00,YYZ,FRA,Frankfurt,2026-09,927,cad,2026-09-20,2026-09-24,DE,Condor,2403,0
2026-09-05T13:06:38.970346+00:00,YYZ,FRA,Frankfurt,2026-10,1052,cad,2026-10-09,2026-10-11,DE,Condor,2403,0
2026-09-05T13:06:38.970346+00:00,YYZ,FRA,Frankfurt,2026-11,715,cad,2026-11-11,2026-11-17,FI,Icelandair,602,1
2026-09-05T13:06:38.970346+00:00,YYZ,FRA,Frankfurt,2026-12,1067,cad,2026-12-12,2026-12-23,AC,Air Canada,842,0
2026-09-05T13:06:38.970346+00:00,YYZ,FRA,Frankfurt,2027-01,1012,cad,2027-01-09,2027-01-22,FI,Icelandair,602,1
2026-09-05T13:06:38.970346+00:00,YYZ,MUC,Munich,2026-10,927,cad,2026-10-09,2026-10-16,DE,Condor,2403,1
2026-09-05T13:06:38.970346+00:00,YYZ,MUC,Munich,2026-11,1033,cad,2026-11-14,2026-11-19,FI,Icelandair,602,1
2026-09-05T13:06:38.970346+00:00,YYZ,MUC,Munich,2027-01,1135,cad,2027-01-09,2027-01-22,AA,American Airlines,5020,1
2026-09-05T13:06:38.970346+00:00,YYZ,DUB,Dublin,2026-09,814,cad,2026-09-20,2026-09-27,TS,Air Transat,230,1
2026-09-05T13:06:38.970346+00:00,YYZ,DUB,Dublin,2026-10,612,cad,2026-10-15,2026-10-23,PD,Porter Airlines Canada,7230,0
2026-09-05T13:06:38.970346+00:00,YYZ,DUB,Dublin,2026-11,619,cad,2026-11-17,2026-11-23,SK,SAS Scandinavian,950,1
2026-09-05T13:06:38.970346+00:00,YYZ,DUB,Dublin,2026-12,713,cad,2026-12-30,2027-01-11,FI,Icelandair,602,2
2026-09-05T13:06:38.970346+00:00,YYZ,ZRH,Zurich,2026-10,950,cad,2026-10-10,2026-10-14,DE,Condor,2403,1
2026-09-05T13:06:38.970346+00:00,YYZ,VIE,Vienna,2026-12,1053,cad,2026-12-27,2027-01-15,SK,SAS Scandinavian,950,1
2026-09-05T13:06:38.970346+00:00,YYZ,VIE,Vienna,2027-06,1280,cad,2027-06-28,2027-07-12,DE,Condor,2403,1
2026-09-05T13:06:38.970346+00:00,YYZ,LIS,Lisbon,2026-09,699,cad,2026-09-07,2026-09-14,LH,Lufthansa,495,1
2026-09-05T13:06:38.970346+00:00,YYZ,LIS,Lisbon,2026-10,698,cad,2026-10-18,2026-10-30,IB,Iberia,368,1
2026-09-05T13:06:38.970346+00:00,YYZ,LIS,Lisbon,2026-11,612,cad,2026-11-22,2026-12-13,TP,TAP Air Portugal,258,0
2026-09-05T13:06:38.970346+00:00,YYZ,LIS,Lisbon,2026-12,1174,cad,2026-12-24,2027-01-04,BA,British Airways,98,1
2026-09-05T13:06:38.970346+00:00,YYZ,LIS,Lisbon,2027-08,1140,cad,2027-08-09,2027-08-13,AC,Air Canada,810,0
2026-09-05T13:06:38.970346+00:00,YYZ,ATH,Athens,2026-09,964,cad,2026-09-26,2026-10-10,AF,Air France,359,2
2026-09-05T13:06:38.970346+00:00,YYZ,ATH,Athens,2026-10,809,cad,2026-10-05,2026-10-20,AF,Air France,357,1
2026-09-05T13:06:38.970346+00:00,YYZ,ATH,Athens,2026-11,937,cad,2026-11-22,2026-12-06,KL,KLM,696,1
2026-09-05T13:06:38.970346+00:00,YYZ,ARN,Stockholm,2026-12,1295,cad,2026-12-23,2027-01-03,S4,Azores Airlines,2322,2
2026-09-05T13:06:38.970346+00:00,YYZ,BER,Berlin,2026-09,923,cad,2026-09-30,2026-10-04,WS,WestJet,46,2
2026-09-05T13:06:38.970346+00:00,YYZ,BER,Berlin,2026-10,741,cad,2026-10-01,2026-10-08,DE,Condor,2403,1
2026-09-05T13:06:38.970346+00:00,YYZ,BER,Berlin,2026-11,730,cad,2026-11-17,2026-11-22,DE,Condor,2403,1
2026-09-05T13:06:38.970346+00:00,YYZ,WAW,Warsaw,2026-09,932,cad,2026-09-30,2026-11-16,SK,SAS Scandinavian,950,1
2026-09-05T13:06:38.970346+00:00,YYZ,WAW,Warsaw,2026-10,814,cad,2026-10-09,2026-10-16,SK,SAS Scandinavian,950,1
2026-09-05T13:06:38.970346+00:00,YYZ,WAW,Warsaw,2026-11,841,cad,2026-11-02,2026-11-23,TP,TAP Air Portugal,262,2
2026-09-05T13:06:38.970346+00:00,YYZ,WAW,Warsaw,2026-12,1047,cad,2026-12-25,2027-01-09,AA,American Airlines,6921,2
2026-09-05T13:06:38.970346+00:00,YYZ,WAW,Warsaw,2027-01,989,cad,2027-01-01,2027-01-16,SK,SAS Scandinavian,950,1
2026-09-05T13:06:38.970346+00:00,YYZ,WAW,Warsaw,2027-02,845,cad,2027-02-23,2027-04-03,SK,SAS Scandinavian,950,1
2026-09-05T13:06:38.970346+00:00,YYZ,WAW,Warsaw,2027-03,842,cad,2027-03-24,2027-03-29,SK,SAS Scandinavian,950,1
2026-09-05T13:06:38.970346+00:00,YYZ,WAW,Warsaw,2027-04,867,cad,2027-04-15,2027-04-28,SK,SAS Scandinavian,950,1
2026-09-05T13:06:38.970346+00:00,YYZ,WAW,Warsaw,2027-05,964,cad,2027-05-03,2027-05-22,AA,American Airlines,8962,1
2026-09-05T13:06:38.970346+00:00,YYZ,PRG,Prague,2026-09,1027,cad,2026-09-18,2026-09-28,TS,Air Transat,122,1
2026-09-05T13:06:38.970346+00:00,YYZ,PRG,Prague,2026-10,780,cad,2026-10-05,2026-10-14,DE,Condor,2403,1
2026-09-05T13:06:38.970346+00:00,YYZ,PRG,Prague,2026-11,910,cad,2026-11-14,2026-11-19,AF,Air France,357,1
2026-09-05T13:06:38.970346+00:00,YYZ,PRG,Prague,2026-12,924,cad,2026-12-27,2027-01-15,SK,SAS Scandinavian,950,1
2026-09-05T13:06:38.970346+00:00,YYZ,PRG,Prague,2027-01,791,cad,2027-01-29,2027-03-13,SK,SAS Scandinavian,3148,2
2026-09-05T13:06:38.970346+00:00,YYZ,PRG,Prague,2027-02,794,cad,2027-02-05,2027-02-19,SK,SAS Scandinavian,3148,2
2026-09-05T13:06:38.970346+00:00,YYZ,BUD,Budapest,2026-09,781,cad,2026-09-07,2026-09-16,DE,Condor,2403,1
2026-09-05T13:06:38.970346+00:00,YYZ,BUD,Budapest,2026-10,785,cad,2026-10-07,2026-10-21,DE,Condor,2403,1
2026-09-05T13:06:38.970346+00:00,YYZ,BUD,Budapest,2027-02,760,cad,2027-02-05,2027-02-19,KL,KLM,696,1
2026-09-05T13:06:38.970346+00:00,YYZ,BUD,Budapest,2027-04,1110,cad,2027-04-01,2027-04-11,BA,British Airways,98,1
2026-09-05T13:06:38.970346+00:00,YYZ,MXP,Milan,2026-09,809,cad,2026-09-29,2026-10-06,DE,Condor,2403,1
2026-09-05T13:06:38.970346+00:00,YYZ,OSL,Oslo,2026-09,949,cad,2026-09-06,2026-09-15,WS,WestJet,806,3
2026-09-05T13:06:38.970346+00:00,YYZ,OSL,Oslo,2026-10,1014,cad,2026-10-17,2026-10-19,WS,WestJet,46,2
2026-09-05T13:06:38.970346+00:00,YYZ,EDI,Edinburgh,2026-09,769,cad,2026-09-17,2026-10-01,WS,WestJet,36,0
2026-09-05T13:06:38.970346+00:00,YYZ,EDI,Edinburgh,2026-10,829,cad,2026-10-10,2026-10-12,TS,Air Transat,230,1
2026-09-05T13:06:38.970346+00:00,YYZ,EDI,Edinburgh,2026-12,1455,cad,2026-12-29,2026-12-31,AC,Air Canada,3937,2
2026-09-05T13:06:38.970346+00:00,YYZ,KEF,Reykjavik,2026-09,714,cad,2026-09-07,2026-09-14,FI,Icelandair,604,0
2026-09-05T13:06:38.970346+00:00,YYZ,KEF,Reykjavik,2026-10,773,cad,2026-10-02,2026-10-09,AC,Air Canada,1966,2
2026-09-05T13:06:38.970346+00:00,YYZ,KEF,Reykjavik,2026-12,924,cad,2026-12-21,2026-12-28,FI,Icelandair,604,0
2026-09-05T13:06:38.970346+00:00,YYZ,DEL,Delhi,2026-09,1518,cad,2026-09-23,2026-10-23,AI,Air India,188,2
2026-09-05T13:06:38.970346+00:00,YYZ,DEL,Delhi,2026-10,1610,cad,2026-10-20,2026-11-26,AC,Air Canada,6603,2
2026-09-05T13:06:38.970346+00:00,YYZ,DEL,Delhi,2026-11,1504,cad,2026-11-20,2026-11-27,BA,British Airways,98,2
2026-09-05T13:06:38.970346+00:00,YYZ,DEL,Delhi,2026-12,1471,cad,2026-12-02,2026-12-10,AC,Air Canada,762,2
2026-09-05T13:06:38.970346+00:00,YYZ,DEL,Delhi,2027-01,1497,cad,2027-01-22,2027-03-08,SV,Saudia,62,1
2026-09-05T13:06:38.970346+00:00,YYZ,DEL,Delhi,2027-02,1394,cad,2027-02-12,2027-04-13,AA,American Airlines,4542,2
2026-09-05T13:06:38.970346+00:00,YYZ,BOM,Mumbai,2026-09,1214,cad,2026-09-19,2026-10-25,ET,Ethiopian Airlines,553,1
2026-09-05T13:06:38.970346+00:00,YYZ,BOM,Mumbai,2026-10,1204,cad,2026-10-06,2026-11-29,ET,Ethiopian Airlines,553,1
2026-09-05T13:06:38.970346+00:00,YYZ,BOM,Mumbai,2026-12,1518,cad,2026-12-01,2026-12-19,SV,Saudia,62,1
2026-09-05T13:06:38.970346+00:00,YYZ,BOM,Mumbai,2027-01,1511,cad,2027-01-22,2027-02-15,SV,Saudia,62,1
2026-09-06T13:06:50.065981+00:00,YYZ,LHR,London,2026-09,713,cad,2026-09-18,2026-10-20,FI,Icelandair,604,1
2026-09-06T13:06:50.065981+00:00,YYZ,LHR,London,2026-10,713,cad,2026-10-06,2026-10-13,FI,Icelandair,602,1
2026-09-06T13:06:50.065981+00:00,YYZ,LHR,London,2026-12,943,cad,2026-12-07,2026-12-12,TP,TAP Air Portugal,262,1
2026-09-06T13:06:50.065981+00:00,YYZ,LHR,London,2027-01,706,cad,2027-01-15,2027-01-24,FI,Icelandair,602,1
2026-09-06T13:06:50.065981+00:00,YYZ,LHR,London,2027-02,957,cad,2027-02-13,2027-02-14,AC,Air Canada,600,1
2026-09-06T13:06:50.065981+00:00,YYZ,LHR,London,2027-08,1211,cad,2027-08-17,2027-08-24,TP,TAP Air Portugal,258,1
2026-09-06T13:06:50.065981+00:00,YYZ,CDG,Paris,2026-09,674,cad,2026-09-10,2026-09-15,UA,United Airlines,3637,1
2026-09-06T13:06:50.065981+00:00,YYZ,CDG,Paris,2026-10,606,cad,2026-10-02,2026-10-12,UA,United Airlines,5654,1
2026-09-06T13:06:50.065981+00:00,YYZ,CDG,Paris,2026-11,684,cad,2026-11-19,2026-11-22,TS,Air Transat,7250,1
2026-09-06T13:06:50.065981+00:00,YYZ,CDG,Paris,2026-12,839,cad,2026-12-21,2027-01-09,FI,Icelandair,604,1
2026-09-06T13:06:50.065981+00:00,YYZ,CDG,Paris,2027-01,624,cad,2027-01-10,2027-01-22,TS,Air Transat,471,1
2026-09-06T13:06:50.065981+00:00,YYZ,CDG,Paris,2027-03,589,cad,2027-03-02,2027-03-08,FI,Icelandair,602,1
2026-09-06T13:06:50.065981+00:00,YYZ,CDG,Paris,2027-06,978,cad,2027-06-17,2027-06-24,TS,Air Transat,188,0
2026-09-06T13:06:50.065981+00:00,YYZ,FCO,Rome,2026-09,831,cad,2026-09-30,2026-10-16,FI,Icelandair,604,1
2026-09-06T13:06:50.065981+00:00,YYZ,FCO,Rome,2026-10,783,cad,2026-10-13,2026-10-23,DE,Condor,2403,1
2026-09-06T13:06:50.065981+00:00,YYZ,FCO,Rome,2026-11,730,cad,2026-11-05,2026-11-19,TP,TAP Air Portugal,258,1
2026-09-06T13:06:50.065981+00:00,YYZ,FCO,Rome,2026-12,1056,cad,2026-12-17,2027-01-09,FI,Icelandair,602,1
2026-09-06T13:06:50.065981+00:00,YYZ,FCO,Rome,2027-01,653,cad,2027-01-19,2027-01-23,FI,Icelandair,602,1
2026-09-06T13:06:50.065981+00:00,YYZ,FCO,Rome,2027-03,889,cad,2027-03-09,2027-03-14,AF,Air France,357,1
2026-09-06T13:06:50.065981+00:00,YYZ,FCO,Rome,2027-04,854,cad,2027-04-26,2027-05-20,TP,TAP Air Portugal,262,1
2026-09-06T13:06:50.065981+00:00,YYZ,FCO,Rome,2027-05,748,cad,2027-05-02,2027-05-09,TP,TAP Air Portugal,258,1
2026-09-06T13:06:50.065981+00:00,YYZ,FCO,Rome,2027-08,1081,cad,2027-08-16,2027-08-29,AZ,ITA Airways,651,0
2026-09-06T13:06:50.065981+00:00,YYZ,AMS,Amsterdam,2026-09,736,cad,2026-09-29,2026-10-06,AC,Air Canada,894,1
2026-09-06T13:06:50.065981+00:00,YYZ,AMS,Amsterdam,2026-10,688,cad,2026-10-26,2026-11-10,TP,TAP Air Portugal,262,1
2026-09-06T13:06:50.065981+00:00,YYZ,AMS,Amsterdam,2026-11,563,cad,2026-11-27,2026-12-02,FI,Icelandair,602,1
2026-09-06T13:06:50.065981+00:00,YYZ,AMS,Amsterdam,2026-12,950,cad,2026-12-19,2026-12-27,FI,Icelandair,602,1
2026-09-06T13:06:50.065981+00:00,YYZ,AMS,Amsterdam,2027-02,818,cad,2027-02-25,2027-03-01,AC,Air Canada,808,0
2026-09-06T13:06:50.065981+00:00,YYZ,MAD,Madrid,2026-09,852,cad,2026-09-29,2026-10-06,AC,Air Canada,3488,3
2026-09-06T13:06:50.065981+00:00,YYZ,MAD,Madrid,2026-10,939,cad,2026-10-02,2026-10-06,WS,WestJet,46,1
2026-09-06T13:06:50.065981+00:00,YYZ,MAD,Madrid,2027-03,1010,cad,2027-03-11,2027-03-15,AA,American Airlines,5425,1
2026-09-06T13:06:50.065981+00:00,YYZ,MAD,Madrid,2027-04,793,cad,2027-04-30,2027-05-08,TP,TAP Air Portugal,262,1
2026-09-06T13:06:50.065981+00:00,YYZ,MAD,Madrid,2027-05,587,cad,2027-05-03,2027-05-09,TP,TAP Air Portugal,258,1
2026-09-06T13:06:50.065981+00:00,YYZ,BCN,Barcelona,2026-09,671,cad,2026-09-11,2026-09-16,PD,Porter Airlines Canada,135,1
2026-09-06T13:06:50.065981+00:00,YYZ,BCN,Barcelona,2026-10,604,cad,2026-10-18,2026-11-18,TP,TAP Air Portugal,262,1
2026-09-06T13:06:50.065981+00:00,YYZ,BCN,Barcelona,2026-12,615,cad,2026-12-07,2026-12-12,TP,TAP Air Portugal,262,1
2026-09-06T13:06:50.065981+00:00,YYZ,BCN,Barcelona,2027-01,569,cad,2027-01-13,2027-01-20,TP,TAP Air Portugal,262,1
2026-09-06T13:06:50.065981+00:00,YYZ,BCN,Barcelona,2027-05,886,cad,2027-05-01,2027-05-09,TP,TAP Air Portugal,258,1
2026-09-06T13:06:50.065981+00:00,YYZ,BCN,Barcelona,2027-08,1178,cad,2027-08-04,2027-08-26,TS,Air Transat,431,1
2026-09-06T13:06:50.065981+00:00,YYZ,FRA,Frankfurt,2026-09,927,cad,2026-09-20,2026-09-24,DE,Condor,2403,0
2026-09-06T13:06:50.065981+00:00,YYZ,FRA,Frankfurt,2026-11,715,cad,2026-11-11,2026-11-17,FI,Icelandair,602,1
2026-09-06T13:06:50.065981+00:00,YYZ,FRA,Frankfurt,2026-12,1067,cad,2026-12-12,2026-12-23,AC,Air Canada,842,0
2026-09-06T13:06:50.065981+00:00,YYZ,FRA,Frankfurt,2027-01,1012,cad,2027-01-09,2027-01-22,FI,Icelandair,602,1
2026-09-06T13:06:50.065981+00:00,YYZ,MUC,Munich,2026-10,927,cad,2026-10-09,2026-10-16,DE,Condor,2403,1
2026-09-06T13:06:50.065981+00:00,YYZ,MUC,Munich,2026-11,1033,cad,2026-11-14,2026-11-19,FI,Icelandair,602,1
2026-09-06T13:06:50.065981+00:00,YYZ,MUC,Munich,2027-01,1135,cad,2027-01-09,2027-01-22,AA,American Airlines,5020,1
2026-09-06T13:06:50.065981+00:00,YYZ,DUB,Dublin,2026-09,864,cad,2026-09-17,2026-10-06,FI,Icelandair,602,1
2026-09-06T13:06:50.065981+00:00,YYZ,DUB,Dublin,2026-10,612,cad,2026-10-15,2026-10-23,PD,Porter Airlines Canada,7230,0
2026-09-06T13:06:50.065981+00:00,YYZ,DUB,Dublin,2026-11,619,cad,2026-11-17,2026-11-23,SK,SAS Scandinavian,950,1
2026-09-06T13:06:50.065981+00:00,YYZ,DUB,Dublin,2026-12,713,cad,2026-12-30,2027-01-11,FI,Icelandair,602,2
2026-09-06T13:06:50.065981+00:00,YYZ,ZRH,Zurich,2026-10,950,cad,2026-10-10,2026-10-14,DE,Condor,2403,1
2026-09-06T13:06:50.065981+00:00,YYZ,VIE,Vienna,2026-12,1053,cad,2026-12-27,2027-01-15,SK,SAS Scandinavian,950,1
2026-09-06T13:06:50.065981+00:00,YYZ,VIE,Vienna,2027-06,1280,cad,2027-06-28,2027-07-12,DE,Condor,2403,1
2026-09-06T13:06:50.065981+00:00,YYZ,LIS,Lisbon,2026-09,699,cad,2026-09-07,2026-09-14,LH,Lufthansa,495,1
2026-09-06T13:06:50.065981+00:00,YYZ,LIS,Lisbon,2026-10,698,cad,2026-10-18,2026-10-30,IB,Iberia,368,1
2026-09-06T13:06:50.065981+00:00,YYZ,LIS,Lisbon,2026-11,611,cad,2026-11-22,2026-12-13,TP,TAP Air Portugal,258,0
2026-09-06T13:06:50.065981+00:00,YYZ,LIS,Lisbon,2026-12,1174,cad,2026-12-24,2027-01-04,BA,British Airways,98,1
2026-09-06T13:06:50.065981+00:00,YYZ,LIS,Lisbon,2027-01,654,cad,2027-01-11,2027-01-19,TP,TAP Air Portugal,262,0
2026-09-06T13:06:50.065981+00:00,YYZ,LIS,Lisbon,2027-08,1140,cad,2027-08-09,2027-08-13,AC,Air Canada,810,0
2026-09-06T13:06:50.065981+00:00,YYZ,ATH,Athens,2026-09,964,cad,2026-09-26,2026-10-10,AF,Air France,359,2
2026-09-06T13:06:50.065981+00:00,YYZ,ATH,Athens,2026-10,809,cad,2026-10-05,2026-10-20,AF,Air France,357,1
2026-09-06T13:06:50.065981+00:00,YYZ,ATH,Athens,2026-11,937,cad,2026-11-22,2026-12-06,KL,KLM,696,1
2026-09-06T13:06:50.065981+00:00,YYZ,ARN,Stockholm,2026-12,1295,cad,2026-12-23,2027-01-03,S4,Azores Airlines,2322,2
2026-09-06T13:06:50.065981+00:00,YYZ,BER,Berlin,2026-09,996,cad,2026-09-19,2026-10-03,TS,Air Transat,230,1
2026-09-06T13:06:50.065981+00:00,YYZ,BER,Berlin,2026-10,741,cad,2026-10-01,2026-10-08,DE,Condor,2403,1
2026-09-06T13:06:50.065981+00:00,YYZ,BER,Berlin,2026-11,730,cad,2026-11-17,2026-11-22,DE,Condor,2403,1
2026-09-06T13:06:50.065981+00:00,YYZ,BER,Berlin,2026-12,1136,cad,2026-12-15,2026-12-31,AC,Air Canada,840,1
2026-09-06T13:06:50.065981+00:00,YYZ,WAW,Warsaw,2026-09,923,cad,2026-09-30,2026-10-30,SK,SAS Scandinavian,950,1
2026-09-06T13:06:50.065981+00:00,YYZ,WAW,Warsaw,2026-10,896,cad,2026-10-02,2026-10-23,TS,Air Transat,230,1
2026-09-06T13:06:50.065981+00:00,YYZ,WAW,Warsaw,2026-11,841,cad,2026-11-02,2026-11-23,TP,TAP Air Portugal,262,2
2026-09-06T13:06:50.065981+00:00,YYZ,WAW,Warsaw,2026-12,1047,cad,2026-12-25,2027-01-09,AA,American Airlines,6921,2
2026-09-06T13:06:50.065981+00:00,YYZ,WAW,Warsaw,2027-01,989,cad,2027-01-01,2027-01-16,SK,SAS Scandinavian,950,1
2026-09-06T13:06:50.065981+00:00,YYZ,WAW,Warsaw,2027-02,845,cad,2027-02-23,2027-04-03,SK,SAS Scandinavian,950,1
2026-09-06T13:06:50.065981+00:00,YYZ,WAW,Warsaw,2027-03,842,cad,2027-03-24,2027-03-29,SK,SAS Scandinavian,950,1
2026-09-06T13:06:50.065981+00:00,YYZ,WAW,Warsaw,2027-04,867,cad,2027-04-15,2027-04-28,SK,SAS Scandinavian,950,1
2026-09-06T13:06:50.065981+00:00,YYZ,WAW,Warsaw,2027-05,964,cad,2027-05-03,2027-05-22,AA,American Airlines,8962,1
2026-09-06T13:06:50.065981+00:00,YYZ,PRG,Prague,2026-09,1027,cad,2026-09-18,2026-09-28,TS,Air Transat,122,1
2026-09-06T13:06:50.065981+00:00,YYZ,PRG,Prague,2026-10,780,cad,2026-10-05,2026-10-14,DE,Condor,2403,1
2026-09-06T13:06:50.065981+00:00,YYZ,PRG,Prague,2026-11,910,cad,2026-11-14,2026-11-19,AF,Air France,357,1
2026-09-06T13:06:50.065981+00:00,YYZ,PRG,Prague,2026-12,924,cad,2026-12-27,2027-01-15,SK,SAS Scandinavian,950,1
2026-09-06T13:06:50.065981+00:00,YYZ,PRG,Prague,2027-01,791,cad,2027-01-29,2027-03-13,SK,SAS Scandinavian,3148,2
2026-09-06T13:06:50.065981+00:00,YYZ,PRG,Prague,2027-02,794,cad,2027-02-05,2027-02-19,SK,SAS Scandinavian,3148,2
2026-09-06T13:06:50.065981+00:00,YYZ,BUD,Budapest,2026-09,781,cad,2026-09-07,2026-09-16,DE,Condor,2403,1
2026-09-06T13:06:50.065981+00:00,YYZ,BUD,Budapest,2026-10,785,cad,2026-10-07,2026-10-21,DE,Condor,2403,1
2026-09-06T13:06:50.065981+00:00,YYZ,BUD,Budapest,2027-02,760,cad,2027-02-05,2027-02-19,KL,KLM,696,1
2026-09-06T13:06:50.065981+00:00,YYZ,BUD,Budapest,2027-04,1110,cad,2027-04-01,2027-04-11,BA,British Airways,98,1
2026-09-06T13:06:50.065981+00:00,YYZ,MXP,Milan,2026-09,809,cad,2026-09-29,2026-10-06,DE,Condor,2403,1
2026-09-06T13:06:50.065981+00:00,YYZ,MXP,Milan,2026-10,883,cad,2026-10-01,2026-10-05,TS,Air Transat,230,1
2026-09-06T13:06:50.065981+00:00,YYZ,OSL,Oslo,2026-09,949,cad,2026-09-06,2026-09-15,WS,WestJet,806,3
2026-09-06T13:06:50.065981+00:00,YYZ,OSL,Oslo,2026-10,1014,cad,2026-10-17,2026-10-19,WS,WestJet,46,2
2026-09-06T13:06:50.065981+00:00,YYZ,EDI,Edinburgh,2026-09,912,cad,2026-09-22,2026-09-29,TS,Air Transat,230,1
2026-09-06T13:06:50.065981+00:00,YYZ,EDI,Edinburgh,2026-10,829,cad,2026-10-10,2026-10-12,TS,Air Transat,230,1
2026-09-06T13:06:50.065981+00:00,YYZ,EDI,Edinburgh,2026-12,1455,cad,2026-12-29,2026-12-31,AC,Air Canada,3937,2
2026-09-06T13:06:50.065981+00:00,YYZ,KEF,Reykjavik,2026-09,714,cad,2026-09-07,2026-09-14,FI,Icelandair,604,0
2026-09-06T13:06:50.065981+00:00,YYZ,KEF,Reykjavik,2026-10,786,cad,2026-10-02,2026-10-07,FI,Icelandair,604,0
2026-09-06T13:06:50.065981+00:00,YYZ,DEL,Delhi,2026-09,1518,cad,2026-09-23,2026-10-23,AI,Air India,188,2
2026-09-06T13:06:50.065981+00:00,YYZ,DEL,Delhi,2026-10,1467,cad,2026-10-01,2026-10-31,AI,Air India,190,1
2026-09-06T13:06:50.065981+00:00,YYZ,DEL,Delhi,2026-11,1504,cad,2026-11-20,2026-11-27,BA,British Airways,98,2
2026-09-06T13:06:50.065981+00:00,YYZ,DEL,Delhi,2026-12,1471,cad,2026-12-02,2026-12-10,AC,Air Canada,762,2
2026-09-06T13:06:50.065981+00:00,YYZ,DEL,Delhi,2027-01,1497,cad,2027-01-22,2027-03-08,SV,Saudia,62,1
2026-09-06T13:06:50.065981+00:00,YYZ,DEL,Delhi,2027-02,1394,cad,2027-02-12,2027-04-13,AA,American Airlines,4542,2
2026-09-06T13:06:50.065981+00:00,YYZ,BOM,Mumbai,2026-09,1214,cad,2026-09-19,2026-10-25,ET,Ethiopian Airlines,553,1
2026-09-06T13:06:50.065981+00:00,YYZ,BOM,Mumbai,2026-10,1204,cad,2026-10-06,2026-11-29,ET,Ethiopian Airlines,553,1
2026-09-06T13:06:50.065981+00:00,YYZ,BOM,Mumbai,2026-12,1518,cad,2026-12-01,2026-12-19,SV,Saudia,62,1
2026-09-06T13:06:50.065981+00:00,YYZ,BOM,Mumbai,2027-01,1511,cad,2027-01-22,2027-02-15,SV,Saudia,62,1
2026-09-07T13:08:52.477504+00:00,YYZ,LHR,London,2026-09,713,cad,2026-09-18,2026-10-20,FI,Icelandair,604,1
2026-09-07T13:08:52.477504+00:00,YYZ,LHR,London,2026-10,721,cad,2026-10-06,2026-10-13,FI,Icelandair,602,1
2026-09-07T13:08:52.477504+00:00,YYZ,LHR,London,2026-11,796,cad,2026-11-03,2026-11-17,TP,TAP Air Portugal,258,1
2026-09-07T13:08:52.477504+00:00,YYZ,LHR,London,2026-12,943,cad,2026-12-07,2026-12-12,TP,TAP Air Portugal,262,1
2026-09-07T13:08:52.477504+00:00,YYZ,LHR,London,2027-02,957,cad,2027-02-13,2027-02-14,AC,Air Canada,600,1
2026-09-07T13:08:52.477504+00:00,YYZ,LHR,London,2027-08,1211,cad,2027-08-17,2027-08-24,TP,TAP Air Portugal,258,1
2026-09-07T13:08:52.477504+00:00,YYZ,CDG,Paris,2026-09,674,cad,2026-09-10,2026-09-15,UA,United Airlines,3637,1
2026-09-07T13:08:52.477504+00:00,YYZ,CDG,Paris,2026-10,648,cad,2026-10-06,2026-10-10,WS,WestJet,806,1
2026-09-07T13:08:52.477504+00:00,YYZ,CDG,Paris,2026-11,684,cad,2026-11-19,2026-11-22,TS,Air Transat,7250,1
2026-09-07T13:08:52.477504+00:00,YYZ,CDG,Paris,2026-12,839,cad,2026-12-21,2027-01-09,FI,Icelandair,604,1
2026-09-07T13:08:52.477504+00:00,YYZ,CDG,Paris,2027-01,624,cad,2027-01-10,2027-01-22,TS,Air Transat,471,1
2026-09-07T13:08:52.477504+00:00,YYZ,CDG,Paris,2027-03,589,cad,2027-03-02,2027-03-08,FI,Icelandair,602,1
2026-09-07T13:08:52.477504+00:00,YYZ,CDG,Paris,2027-06,978,cad,2027-06-17,2027-06-24,TS,Air Transat,188,0
2026-09-07T13:08:52.477504+00:00,YYZ,FCO,Rome,2026-09,831,cad,2026-09-30,2026-10-16,FI,Icelandair,604,1
2026-09-07T13:08:52.477504+00:00,YYZ,FCO,Rome,2026-10,836,cad,2026-10-14,2026-10-17,DE,Condor,2403,1
2026-09-07T13:08:52.477504+00:00,YYZ,FCO,Rome,2026-11,730,cad,2026-11-05,2026-11-19,TP,TAP Air Portugal,258,1
2026-09-07T13:08:52.477504+00:00,YYZ,FCO,Rome,2026-12,1056,cad,2026-12-17,2027-01-09,FI,Icelandair,602,1
2026-09-07T13:08:52.477504+00:00,YYZ,FCO,Rome,2027-01,653,cad,2027-01-19,2027-01-23,FI,Icelandair,602,1
2026-09-07T13:08:52.477504+00:00,YYZ,FCO,Rome,2027-03,889,cad,2027-03-09,2027-03-14,AF,Air France,357,1
2026-09-07T13:08:52.477504+00:00,YYZ,FCO,Rome,2027-04,854,cad,2027-04-26,2027-05-20,TP,TAP Air Portugal,262,1
2026-09-07T13:08:52.477504+00:00,YYZ,FCO,Rome,2027-05,748,cad,2027-05-02,2027-05-09,TP,TAP Air Portugal,258,1
2026-09-07T13:08:52.477504+00:00,YYZ,FCO,Rome,2027-08,1081,cad,2027-08-16,2027-08-29,AZ,ITA Airways,651,0
2026-09-07T13:08:52.477504+00:00,YYZ,AMS,Amsterdam,2026-09,777,cad,2026-09-12,2026-09-26,AC,Air Canada,1504,1
2026-09-07T13:08:52.477504+00:00,YYZ,AMS,Amsterdam,2026-10,688,cad,2026-10-26,2026-11-10,TP,TAP Air Portugal,262,1
2026-09-07T13:08:52.477504+00:00,YYZ,AMS,Amsterdam,2026-11,563,cad,2026-11-27,2026-12-02,FI,Icelandair,602,1
2026-09-07T13:08:52.477504+00:00,YYZ,AMS,Amsterdam,2026-12,950,cad,2026-12-19,2026-12-27,FI,Icelandair,602,1
2026-09-07T13:08:52.477504+00:00,YYZ,AMS,Amsterdam,2027-02,818,cad,2027-02-25,2027-03-01,AC,Air Canada,808,0
2026-09-07T13:08:52.477504+00:00,YYZ,MAD,Madrid,2026-09,971,cad,2026-09-23,2026-10-01,AA,American Airlines,8851,1
2026-09-07T13:08:52.477504+00:00,YYZ,MAD,Madrid,2026-11,1082,cad,2026-11-19,2026-11-20,TS,Air Transat,480,1
2026-09-07T13:08:52.477504+00:00,YYZ,MAD,Madrid,2027-04,793,cad,2027-04-30,2027-05-08,TP,TAP Air Portugal,262,1
2026-09-07T13:08:52.477504+00:00,YYZ,MAD,Madrid,2027-05,587,cad,2027-05-03,2027-05-09,TP,TAP Air Portugal,258,1
2026-09-07T13:08:52.477504+00:00,YYZ,BCN,Barcelona,2026-09,850,cad,2026-09-23,2026-10-01,TS,Air Transat,531,1
2026-09-07T13:08:52.477504+00:00,YYZ,BCN,Barcelona,2026-10,604,cad,2026-10-18,2026-11-18,TP,TAP Air Portugal,262,1
2026-09-07T13:08:52.477504+00:00,YYZ,BCN,Barcelona,2026-11,616,cad,2026-11-01,2026-11-09,TP,TAP Air Portugal,262,1
2026-09-07T13:08:52.477504+00:00,YYZ,BCN,Barcelona,2026-12,615,cad,2026-12-07,2026-12-12,TP,TAP Air Portugal,262,1
2026-09-07T13:08:52.477504+00:00,YYZ,BCN,Barcelona,2027-01,569,cad,2027-01-13,2027-01-20,TP,TAP Air Portugal,262,1
2026-09-07T13:08:52.477504+00:00,YYZ,BCN,Barcelona,2027-05,885,cad,2027-05-01,2027-05-09,TP,TAP Air Portugal,258,1
2026-09-07T13:08:52.477504+00:00,YYZ,BCN,Barcelona,2027-08,1177,cad,2027-08-04,2027-08-26,TS,Air Transat,431,1
2026-09-07T13:08:52.477504+00:00,YYZ,FRA,Frankfurt,2026-09,1155,cad,2026-09-12,2026-09-26,TS,Air Transat,230,1
2026-09-07T13:08:52.477504+00:00,YYZ,FRA,Frankfurt,2026-11,715,cad,2026-11-11,2026-11-17,FI,Icelandair,602,1
2026-09-07T13:08:52.477504+00:00,YYZ,FRA,Frankfurt,2026-12,1067,cad,2026-12-12,2026-12-23,AC,Air Canada,842,0
2026-09-07T13:08:52.477504+00:00,YYZ,FRA,Frankfurt,2027-01,1012,cad,2027-01-09,2027-01-22,FI,Icelandair,602,1
2026-09-07T13:08:52.477504+00:00,YYZ,MUC,Munich,2026-09,1441,cad,2026-09-20,2026-09-26,TS,Air Transat,230,3
2026-09-07T13:08:52.477504+00:00,YYZ,MUC,Munich,2026-11,1033,cad,2026-11-14,2026-11-19,FI,Icelandair,602,1
2026-09-07T13:08:52.477504+00:00,YYZ,MUC,Munich,2027-01,1135,cad,2027-01-09,2027-01-22,AA,American Airlines,5020,1
2026-09-07T13:08:52.477504+00:00,YYZ,DUB,Dublin,2026-09,864,cad,2026-09-17,2026-10-06,FI,Icelandair,602,1
2026-09-07T13:08:52.477504+00:00,YYZ,DUB,Dublin,2026-10,612,cad,2026-10-15,2026-10-23,PD,Porter Airlines Canada,7230,0
2026-09-07T13:08:52.477504+00:00,YYZ,DUB,Dublin,2026-12,713,cad,2026-12-30,2027-01-11,FI,Icelandair,602,2
2026-09-07T13:08:52.477504+00:00,YYZ,ZRH,Zurich,2026-10,1118,cad,2026-10-09,2026-10-14,BA,British Airways,98,1
2026-09-07T13:08:52.477504+00:00,YYZ,VIE,Vienna,2026-12,1053,cad,2026-12-27,2027-01-15,SK,SAS Scandinavian,950,1
2026-09-07T13:08:52.477504+00:00,YYZ,VIE,Vienna,2027-06,1280,cad,2027-06-28,2027-07-12,DE,Condor,2403,1
2026-09-07T13:08:52.477504+00:00,YYZ,LIS,Lisbon,2026-09,717,cad,2026-09-09,2026-09-17,UA,United Airlines,3637,1
2026-09-07T13:08:52.477504+00:00,YYZ,LIS,Lisbon,2026-10,698,cad,2026-10-18,2026-10-30,IB,Iberia,368,1
2026-09-07T13:08:52.477504+00:00,YYZ,LIS,Lisbon,2026-11,614,cad,2026-11-22,2026-12-13,TP,TAP Air Portugal,258,0
2026-09-07T13:08:52.477504+00:00,YYZ,LIS,Lisbon,2026-12,1174,cad,2026-12-24,2027-01-04,BA,British Airways,98,1
2026-09-07T13:08:52.477504+00:00,YYZ,LIS,Lisbon,2027-01,653,cad,2027-01-11,2027-01-19,TP,TAP Air Portugal,262,0
2026-09-07T13:08:52.477504+00:00,YYZ,LIS,Lisbon,2027-05,642,cad,2027-05-18,2027-05-26,TP,TAP Air Portugal,258,0
2026-09-07T13:08:52.477504+00:00,YYZ,LIS,Lisbon,2027-08,1140,cad,2027-08-09,2027-08-13,AC,Air Canada,810,0
2026-09-07T13:08:52.477504+00:00,YYZ,ATH,Athens,2026-09,906,cad,2026-09-14,2026-09-24,WS,WestJet,9670,2
2026-09-07T13:08:52.477504+00:00,YYZ,ATH,Athens,2026-10,809,cad,2026-10-05,2026-10-20,AF,Air France,357,1
2026-09-07T13:08:52.477504+00:00,YYZ,ATH,Athens,2026-11,848,cad,2026-11-22,2026-12-06,KL,KLM,696,1
2026-09-07T13:08:52.477504+00:00,YYZ,ARN,Stockholm,2026-12,1295,cad,2026-12-23,2027-01-03,S4,Azores Airlines,2322,2
2026-09-07T13:08:52.477504+00:00,YYZ,BER,Berlin,2026-09,996,cad,2026-09-19,2026-10-03,TS,Air Transat,230,1
2026-09-07T13:08:52.477504+00:00,YYZ,BER,Berlin,2026-10,741,cad,2026-10-01,2026-10-08,DE,Condor,2403,1
2026-09-07T13:08:52.477504+00:00,YYZ,BER,Berlin,2026-11,730,cad,2026-11-17,2026-11-22,DE,Condor,2403,1
2026-09-07T13:08:52.477504+00:00,YYZ,BER,Berlin,2026-12,1136,cad,2026-12-15,2026-12-31,AC,Air Canada,840,1
2026-09-07T13:08:52.477504+00:00,YYZ,BER,Berlin,2027-05,913,cad,2027-05-06,2027-05-13,DE,Condor,2403,1
2026-09-07T13:08:52.477504+00:00,YYZ,WAW,Warsaw,2026-09,923,cad,2026-09-30,2026-10-30,SK,SAS Scandinavian,950,1
2026-09-07T13:08:52.477504+00:00,YYZ,WAW,Warsaw,2026-10,951,cad,2026-10-14,2026-10-30,SK,SAS Scandinavian,950,1
2026-09-07T13:08:52.477504+00:00,YYZ,WAW,Warsaw,2026-11,841,cad,2026-11-02,2026-11-23,TP,TAP Air Portugal,262,2
2026-09-07T13:08:52.477504+00:00,YYZ,WAW,Warsaw,2026-12,1047,cad,2026-12-25,2027-01-09,AA,American Airlines,6921,2
2026-09-07T13:08:52.477504+00:00,YYZ,WAW,Warsaw,2027-01,989,cad,2027-01-01,2027-01-16,SK,SAS Scandinavian,950,1
2026-09-07T13:08:52.477504+00:00,YYZ,WAW,Warsaw,2027-02,845,cad,2027-02-23,2027-04-03,SK,SAS Scandinavian,950,1
2026-09-07T13:08:52.477504+00:00,YYZ,WAW,Warsaw,2027-03,842,cad,2027-03-24,2027-03-29,SK,SAS Scandinavian,950,1
2026-09-07T13:08:52.477504+00:00,YYZ,WAW,Warsaw,2027-04,867,cad,2027-04-15,2027-04-28,SK,SAS Scandinavian,950,1
2026-09-07T13:08:52.477504+00:00,YYZ,WAW,Warsaw,2027-05,962,cad,2027-05-05,2027-05-22,AY,Finnair,32,1
2026-09-07T13:08:52.477504+00:00,YYZ,PRG,Prague,2026-09,1027,cad,2026-09-18,2026-09-28,TS,Air Transat,122,1
2026-09-07T13:08:52.477504+00:00,YYZ,PRG,Prague,2026-10,780,cad,2026-10-05,2026-10-14,DE,Condor,2403,1
2026-09-07T13:08:52.477504+00:00,YYZ,PRG,Prague,2026-11,910,cad,2026-11-14,2026-11-19,AF,Air France,357,1
2026-09-07T13:08:52.477504+00:00,YYZ,PRG,Prague,2026-12,924,cad,2026-12-27,2027-01-15,SK,SAS Scandinavian,950,1
2026-09-07T13:08:52.477504+00:00,YYZ,PRG,Prague,2027-01,911,cad,2027-01-17,2027-02-01,AF,Air France,357,1
2026-09-07T13:08:52.477504+00:00,YYZ,PRG,Prague,2027-02,854,cad,2027-02-23,2027-04-03,SK,SAS Scandinavian,950,1
2026-09-07T13:08:52.477504+00:00,YYZ,BUD,Budapest,2026-09,781,cad,2026-09-07,2026-09-16,DE,Condor,2403,1
2026-09-07T13:08:52.477504+00:00,YYZ,BUD,Budapest,2026-10,785,cad,2026-10-07,2026-10-21,DE,Condor,2403,1
2026-09-07T13:08:52.477504+00:00,YYZ,BUD,Budapest,2027-04,1110,cad,2027-04-01,2027-04-11,BA,British Airways,98,1
2026-09-07T13:08:52.477504+00:00,YYZ,BRU,Brussels,2026-11,903,cad,2026-11-11,2026-12-22,FI,Icelandair,602,1
2026-09-07T13:08:52.477504+00:00,YYZ,MXP,Milan,2026-09,1012,cad,2026-09-10,2026-09-16,TS,Air Transat,282,1
2026-09-07T13:08:52.477504+00:00,YYZ,MXP,Milan,2026-10,883,cad,2026-10-01,2026-10-05,TS,Air Transat,230,1
2026-09-07T13:08:52.477504+00:00,YYZ,OSL,Oslo,2026-10,1014,cad,2026-10-17,2026-10-19,WS,WestJet,46,2
2026-09-07T13:08:52.477504+00:00,YYZ,EDI,Edinburgh,2026-09,912,cad,2026-09-22,2026-09-29,TS,Air Transat,230,1
2026-09-07T13:08:52.477504+00:00,YYZ,EDI,Edinburgh,2026-10,829,cad,2026-10-10,2026-10-12,TS,Air Transat,230,1
2026-09-07T13:08:52.477504+00:00,YYZ,EDI,Edinburgh,2026-12,1455,cad,2026-12-29,2026-12-31,AC,Air Canada,3937,2
2026-09-07T13:08:52.477504+00:00,YYZ,KEF,Reykjavik,2026-09,714,cad,2026-09-07,2026-09-14,FI,Icelandair,604,0
2026-09-07T13:08:52.477504+00:00,YYZ,KEF,Reykjavik,2026-10,786,cad,2026-10-02,2026-10-07,FI,Icelandair,604,0
2026-09-07T13:08:52.477504+00:00,YYZ,KEF,Reykjavik,2027-06,850,cad,2027-06-06,2027-06-11,FI,Icelandair,604,0
2026-09-07T13:08:52.477504+00:00,YYZ,DEL,Delhi,2026-09,1518,cad,2026-09-23,2026-10-23,AI,Air India,188,2
2026-09-07T13:08:52.477504+00:00,YYZ,DEL,Delhi,2026-10,1467,cad,2026-10-01,2026-10-31,AI,Air India,190,1
2026-09-07T13:08:52.477504+00:00,YYZ,DEL,Delhi,2026-11,1504,cad,2026-11-20,2026-11-27,BA,British Airways,98,2
2026-09-07T13:08:52.477504+00:00,YYZ,DEL,Delhi,2026-12,1471,cad,2026-12-02,2026-12-10,AC,Air Canada,762,2
2026-09-07T13:08:52.477504+00:00,YYZ,DEL,Delhi,2027-01,1497,cad,2027-01-22,2027-03-08,SV,Saudia,62,1
2026-09-07T13:08:52.477504+00:00,YYZ,DEL,Delhi,2027-02,1394,cad,2027-02-12,2027-04-13,AA,American Airlines,4542,2
2026-09-07T13:08:52.477504+00:00,YYZ,BOM,Mumbai,2026-09,1214,cad,2026-09-19,2026-10-25,ET,Ethiopian Airlines,553,1
2026-09-07T13:08:52.477504+00:00,YYZ,BOM,Mumbai,2026-10,1204,cad,2026-10-06,2026-11-29,ET,Ethiopian Airlines,553,1
2026-09-07T13:08:52.477504+00:00,YYZ,BOM,Mumbai,2026-12,1518,cad,2026-12-01,2026-12-19,SV,Saudia,62,1
2026-09-07T13:08:52.477504+00:00,YYZ,BOM,Mumbai,2027-01,1469,cad,2027-01-07,2027-02-08,LH,Lufthansa,854,2
2026-09-08T13:09:03.413957+00:00,YYZ,LHR,London,2026-09,713,cad,2026-09-18,2026-10-20,FI,Icelandair,604,1
2026-09-08T13:09:03.413957+00:00,YYZ,LHR,London,2026-10,673,cad,2026-10-06,2026-10-13,FI,Icelandair,602,1
2026-09-08T13:09:03.413957+00:00,YYZ,LHR,London,2026-11,795,cad,2026-11-03,2026-11-17,TP,TAP Air Portugal,258,1
2026-09-08T13:09:03.413957+00:00,YYZ,LHR,London,2026-12,943,cad,2026-12-07,2026-12-12,TP,TAP Air Portugal,262,1
2026-09-08T13:09:03.413957+00:00,YYZ,LHR,London,2027-02,957,cad,2027-02-13,2027-02-14,AC,Air Canada,600,1
2026-09-08T13:09:03.413957+00:00,YYZ,LHR,London,2027-08,1211,cad,2027-08-17,2027-08-24,TP,TAP Air Portugal,258,1
2026-09-08T13:09:03.413957+00:00,YYZ,CDG,Paris,2026-09,674,cad,2026-09-10,2026-09-15,UA,United Airlines,3637,1
2026-09-08T13:09:03.413957+00:00,YYZ,CDG,Paris,2026-10,648,cad,2026-10-06,2026-10-10,WS,WestJet,806,1
2026-09-08T13:09:03.413957+00:00,YYZ,CDG,Paris,2026-11,684,cad,2026-11-19,2026-11-22,TS,Air Transat,7250,1
2026-09-08T13:09:03.413957+00:00,YYZ,CDG,Paris,2026-12,839,cad,2026-12-21,2027-01-09,FI,Icelandair,604,1
2026-09-08T13:09:03.413957+00:00,YYZ,CDG,Paris,2027-01,622,cad,2027-01-10,2027-01-22,TS,Air Transat,471,1
2026-09-08T13:09:03.413957+00:00,YYZ,CDG,Paris,2027-03,589,cad,2027-03-02,2027-03-08,FI,Icelandair,602,1
2026-09-08T13:09:03.413957+00:00,YYZ,CDG,Paris,2027-06,978,cad,2027-06-17,2027-06-24,TS,Air Transat,188,0
2026-09-08T13:09:03.413957+00:00,YYZ,FCO,Rome,2026-09,831,cad,2026-09-30,2026-10-16,FI,Icelandair,604,1
2026-09-08T13:09:03.413957+00:00,YYZ,FCO,Rome,2026-10,809,cad,2026-10-23,2026-10-31,TS,Air Transat,451,2
2026-09-08T13:09:03.413957+00:00,YYZ,FCO,Rome,2026-11,730,cad,2026-11-05,2026-11-19,TP,TAP Air Portugal,258,1
2026-09-08T13:09:03.413957+00:00,YYZ,FCO,Rome,2027-01,653,cad,2027-01-19,2027-01-23,FI,Icelandair,602,1
2026-09-08T13:09:03.413957+00:00,YYZ,FCO,Rome,2027-03,889,cad,2027-03-09,2027-03-14,AF,Air France,357,1
2026-09-08T13:09:03.413957+00:00,YYZ,FCO,Rome,2027-04,854,cad,2027-04-26,2027-05-20,TP,TAP Air Portugal,262,1
2026-09-08T13:09:03.413957+00:00,YYZ,FCO,Rome,2027-05,748,cad,2027-05-02,2027-05-09,TP,TAP Air Portugal,258,1
2026-09-08T13:09:03.413957+00:00,YYZ,FCO,Rome,2027-08,1081,cad,2027-08-16,2027-08-29,AZ,ITA Airways,651,0
2026-09-08T13:09:03.413957+00:00,YYZ,AMS,Amsterdam,2026-09,684,cad,2026-09-27,2026-10-04,AC,Air Canada,422,1
2026-09-08T13:09:03.413957+00:00,YYZ,AMS,Amsterdam,2026-10,688,cad,2026-10-26,2026-11-10,TP,TAP Air Portugal,262,1
2026-09-08T13:09:03.413957+00:00,YYZ,AMS,Amsterdam,2026-11,563,cad,2026-11-27,2026-12-02,FI,Icelandair,602,1
2026-09-08T13:09:03.413957+00:00,YYZ,AMS,Amsterdam,2026-12,950,cad,2026-12-19,2026-12-27,FI,Icelandair,602,1
2026-09-08T13:09:03.413957+00:00,YYZ,AMS,Amsterdam,2027-02,818,cad,2027-02-25,2027-03-01,AC,Air Canada,808,0
2026-09-08T13:09:03.413957+00:00,YYZ,MAD,Madrid,2026-09,971,cad,2026-09-23,2026-10-01,AA,American Airlines,8851,1
2026-09-08T13:09:03.413957+00:00,YYZ,MAD,Madrid,2026-11,1082,cad,2026-11-19,2026-11-20,TS,Air Transat,480,1
2026-09-08T13:09:03.413957+00:00,YYZ,MAD,Madrid,2026-12,1564,cad,2026-12-18,2027-01-02,AA,American Airlines,5667,1
2026-09-08T13:09:03.413957+00:00,YYZ,MAD,Madrid,2027-04,793,cad,2027-04-30,2027-05-08,TP,TAP Air Portugal,262,1
2026-09-08T13:09:03.413957+00:00,YYZ,MAD,Madrid,2027-05,588,cad,2027-05-03,2027-05-09,TP,TAP Air Portugal,258,1
2026-09-08T13:09:03.413957+00:00,YYZ,BCN,Barcelona,2026-09,850,cad,2026-09-23,2026-10-01,TS,Air Transat,531,1
2026-09-08T13:09:03.413957+00:00,YYZ,BCN,Barcelona,2026-10,713,cad,2026-10-05,2026-10-20,FI,Icelandair,604,1
2026-09-08T13:09:03.413957+00:00,YYZ,BCN,Barcelona,2026-11,616,cad,2026-11-01,2026-11-09,TP,TAP Air Portugal,262,1
2026-09-08T13:09:03.413957+00:00,YYZ,BCN,Barcelona,2026-12,615,cad,2026-12-07,2026-12-12,TP,TAP Air Portugal,262,1
2026-09-08T13:09:03.413957+00:00,YYZ,BCN,Barcelona,2027-01,569,cad,2027-01-13,2027-01-20,TP,TAP Air Portugal,262,1
2026-09-08T13:09:03.413957+00:00,YYZ,BCN,Barcelona,2027-05,885,cad,2027-05-01,2027-05-09,TP,TAP Air Portugal,258,1
2026-09-08T13:09:03.413957+00:00,YYZ,BCN,Barcelona,2027-08,1177,cad,2027-08-04,2027-08-26,TS,Air Transat,431,1
2026-09-08T13:09:03.413957+00:00,YYZ,FRA,Frankfurt,2026-09,1220,cad,2026-09-26,2026-10-03,TS,Air Transat,230,3
2026-09-08T13:09:03.413957+00:00,YYZ,FRA,Frankfurt,2026-11,715,cad,2026-11-11,2026-11-17,FI,Icelandair,602,1
2026-09-08T13:09:03.413957+00:00,YYZ,FRA,Frankfurt,2026-12,1067,cad,2026-12-12,2026-12-23,AC,Air Canada,842,0
2026-09-08T13:09:03.413957+00:00,YYZ,FRA,Frankfurt,2027-01,984,cad,2027-01-09,2027-01-22,FI,Icelandair,602,1
2026-09-08T13:09:03.413957+00:00,YYZ,MUC,Munich,2026-09,1249,cad,2026-09-15,2026-09-19,AC,Air Canada,9614,1
2026-09-08T13:09:03.413957+00:00,YYZ,MUC,Munich,2027-01,1135,cad,2027-01-09,2027-01-22,AA,American Airlines,5020,1
2026-09-08T13:09:03.413957+00:00,YYZ,DUB,Dublin,2026-09,864,cad,2026-09-17,2026-10-06,FI,Icelandair,602,1
2026-09-08T13:09:03.413957+00:00,YYZ,DUB,Dublin,2026-10,612,cad,2026-10-15,2026-10-23,PD,Porter Airlines Canada,7230,0
2026-09-08T13:09:03.413957+00:00,YYZ,DUB,Dublin,2026-12,713,cad,2026-12-30,2027-01-11,FI,Icelandair,602,2
2026-09-08T13:09:03.413957+00:00,YYZ,ZRH,Zurich,2026-10,1136,cad,2026-10-09,2026-10-14,AC,Air Canada,840,1
2026-09-08T13:09:03.413957+00:00,YYZ,VIE,Vienna,2026-11,986,cad,2026-11-03,2026-11-09,DE,Condor,2403,1
2026-09-08T13:09:03.413957+00:00,YYZ,VIE,Vienna,2026-12,1053,cad,2026-12-27,2027-01-15,SK,SAS Scandinavian,950,1
2026-09-08T13:09:03.413957+00:00,YYZ,VIE,Vienna,2027-06,1280,cad,2027-06-28,2027-07-12,DE,Condor,2403,1
2026-09-08T13:09:03.413957+00:00,YYZ,LIS,Lisbon,2026-09,717,cad,2026-09-09,2026-09-17,UA,United Airlines,3637,1
2026-09-08T13:09:03.413957+00:00,YYZ,LIS,Lisbon,2026-10,698,cad,2026-10-18,2026-10-30,IB,Iberia,368,1
2026-09-08T13:09:03.413957+00:00,YYZ,LIS,Lisbon,2026-11,535,cad,2026-11-26,2026-12-03,TS,Air Transat,480,0
2026-09-08T13:09:03.413957+00:00,YYZ,LIS,Lisbon,2026-12,1469,cad,2026-12-18,2027-01-02,EI,Aer Lingus,126,1
2026-09-08T13:09:03.413957+00:00,YYZ,LIS,Lisbon,2027-01,653,cad,2027-01-11,2027-01-19,TP,TAP Air Portugal,262,0
2026-09-08T13:09:03.413957+00:00,YYZ,LIS,Lisbon,2027-02,702,cad,2027-02-02,2027-02-16,AC,Air Canada,810,0
2026-09-08T13:09:03.413957+00:00,YYZ,LIS,Lisbon,2027-05,642,cad,2027-05-18,2027-05-26,TP,TAP Air Portugal,258,0
2026-09-08T13:09:03.413957+00:00,YYZ,LIS,Lisbon,2027-08,1140,cad,2027-08-09,2027-08-13,AC,Air Canada,810,0
2026-09-08T13:09:03.413957+00:00,YYZ,ATH,Athens,2026-09,906,cad,2026-09-14,2026-09-24,WS,WestJet,9670,2
2026-09-08T13:09:03.413957+00:00,YYZ,ATH,Athens,2026-10,809,cad,2026-10-05,2026-10-20,AF,Air France,357,1
2026-09-08T13:09:03.413957+00:00,YYZ,ATH,Athens,2026-11,848,cad,2026-11-22,2026-12-06,KL,KLM,696,1
2026-09-08T13:09:03.413957+00:00,YYZ,BER,Berlin,2026-09,996,cad,2026-09-19,2026-10-03,TS,Air Transat,230,1
2026-09-08T13:09:03.413957+00:00,YYZ,BER,Berlin,2026-10,741,cad,2026-10-01,2026-10-08,DE,Condor,2403,1
2026-09-08T13:09:03.413957+00:00,YYZ,BER,Berlin,2026-11,730,cad,2026-11-17,2026-11-22,DE,Condor,2403,1
2026-09-08T13:09:03.413957+00:00,YYZ,BER,Berlin,2026-12,1136,cad,2026-12-15,2026-12-31,AC,Air Canada,840,1
2026-09-08T13:09:03.413957+00:00,YYZ,BER,Berlin,2027-05,913,cad,2027-05-06,2027-05-13,DE,Condor,2403,1
2026-09-08T13:09:03.413957+00:00,YYZ,WAW,Warsaw,2026-09,923,cad,2026-09-30,2026-10-30,SK,SAS Scandinavian,950,1
2026-09-08T13:09:03.413957+00:00,YYZ,WAW,Warsaw,2026-10,951,cad,2026-10-14,2026-10-30,SK,SAS Scandinavian,950,1
2026-09-08T13:09:03.413957+00:00,YYZ,WAW,Warsaw,2026-11,841,cad,2026-11-02,2026-11-23,TP,TAP Air Portugal,262,2
2026-09-08T13:09:03.413957+00:00,YYZ,WAW,Warsaw,2026-12,1047,cad,2026-12-25,2027-01-09,AA,American Airlines,6921,2
2026-09-08T13:09:03.413957+00:00,YYZ,WAW,Warsaw,2027-01,989,cad,2027-01-01,2027-01-16,SK,SAS Scandinavian,950,1
2026-09-08T13:09:03.413957+00:00,YYZ,WAW,Warsaw,2027-02,845,cad,2027-02-23,2027-04-03,SK,SAS Scandinavian,950,1
2026-09-08T13:09:03.413957+00:00,YYZ,WAW,Warsaw,2027-04,919,cad,2027-04-15,2027-04-28,SK,SAS Scandinavian,950,1
2026-09-08T13:09:03.413957+00:00,YYZ,WAW,Warsaw,2027-05,962,cad,2027-05-05,2027-05-22,AY,Finnair,32,1
2026-09-08T13:09:03.413957+00:00,YYZ,PRG,Prague,2026-09,1027,cad,2026-09-18,2026-09-28,TS,Air Transat,122,1
2026-09-08T13:09:03.413957+00:00,YYZ,PRG,Prague,2026-10,780,cad,2026-10-05,2026-10-14,DE,Condor,2403,1
2026-09-08T13:09:03.413957+00:00,YYZ,PRG,Prague,2026-12,924,cad,2026-12-27,2027-01-15,SK,SAS Scandinavian,950,1
2026-09-08T13:09:03.413957+00:00,YYZ,PRG,Prague,2027-01,911,cad,2027-01-17,2027-02-01,AF,Air France,357,1
2026-09-08T13:09:03.413957+00:00,YYZ,PRG,Prague,2027-02,854,cad,2027-02-23,2027-04-03,SK,SAS Scandinavian,950,1
2026-09-08T13:09:03.413957+00:00,YYZ,BUD,Budapest,2026-09,799,cad,2026-09-28,2026-10-06,AC,Air Canada,9690,1
2026-09-08T13:09:03.413957+00:00,YYZ,BUD,Budapest,2026-10,838,cad,2026-10-17,2026-10-19,DE,Condor,2403,1
2026-09-08T13:09:03.413957+00:00,YYZ,BUD,Budapest,2027-04,1110,cad,2027-04-01,2027-04-11,BA,British Airways,98,1
2026-09-08T13:09:03.413957+00:00,YYZ,BRU,Brussels,2026-09,756,cad,2026-09-26,2026-10-02,PD,Porter Airlines Canada,125,1
2026-09-08T13:09:03.413957+00:00,YYZ,BRU,Brussels,2026-11,903,cad,2026-11-11,2026-12-22,FI,Icelandair,602,1
2026-09-08T13:09:03.413957+00:00,YYZ,MXP,Milan,2026-09,982,cad,2026-09-26,2026-10-03,TS,Air Transat,206,1
2026-09-08T13:09:03.413957+00:00,YYZ,MXP,Milan,2026-10,883,cad,2026-10-01,2026-10-05,TS,Air Transat,230,1
2026-09-08T13:09:03.413957+00:00,YYZ,OSL,Oslo,2026-10,1014,cad,2026-10-17,2026-10-19,WS,WestJet,46,2
2026-09-08T13:09:03.413957+00:00,YYZ,HEL,Helsinki,2026-09,935,cad,2026-09-27,2026-10-26,FI,Icelandair,604,1
2026-09-08T13:09:03.413957+00:00,YYZ,HEL,Helsinki,2026-11,845,cad,2026-11-17,2026-11-23,FI,Icelandair,602,1
2026-09-08T13:09:03.413957+00:00,YYZ,EDI,Edinburgh,2026-09,912,cad,2026-09-22,2026-09-29,TS,Air Transat,230,1
2026-09-08T13:09:03.413957+00:00,YYZ,EDI,Edinburgh,2026-10,829,cad,2026-10-10,2026-10-12,TS,Air Transat,230,1
2026-09-08T13:09:03.413957+00:00,YYZ,EDI,Edinburgh,2026-12,1455,cad,2026-12-29,2026-12-31,AC,Air Canada,3937,2
2026-09-08T13:09:03.413957+00:00,YYZ,KEF,Reykjavik,2026-09,920,cad,2026-09-23,2026-09-30,FI,Icelandair,602,0
2026-09-08T13:09:03.413957+00:00,YYZ,KEF,Reykjavik,2027-06,850,cad,2027-06-06,2027-06-11,FI,Icelandair,604,0
2026-09-08T13:09:03.413957+00:00,YYZ,DEL,Delhi,2026-09,1373,cad,2026-09-20,2026-10-05,ET,Ethiopian Airlines,553,1
2026-09-08T13:09:03.413957+00:00,YYZ,DEL,Delhi,2026-10,1467,cad,2026-10-01,2026-10-31,AI,Air India,190,1
2026-09-08T13:09:03.413957+00:00,YYZ,DEL,Delhi,2026-11,1458,cad,2026-11-15,2026-12-07,BA,British Airways,98,2
2026-09-08T13:09:03.413957+00:00,YYZ,DEL,Delhi,2026-12,1471,cad,2026-12-02,2026-12-10,AC,Air Canada,762,2
2026-09-08T13:09:03.413957+00:00,YYZ,DEL,Delhi,2027-01,1497,cad,2027-01-22,2027-03-08,SV,Saudia,62,1
2026-09-08T13:09:03.413957+00:00,YYZ,DEL,Delhi,2027-02,1394,cad,2027-02-12,2027-04-13,AA,American Airlines,4542,2
2026-09-08T13:09:03.413957+00:00,YYZ,BOM,Mumbai,2026-09,1214,cad,2026-09-19,2026-10-25,ET,Ethiopian Airlines,553,1
2026-09-08T13:09:03.413957+00:00,YYZ,BOM,Mumbai,2026-10,1204,cad,2026-10-06,2026-11-29,ET,Ethiopian Airlines,553,1
2026-09-08T13:09:03.413957+00:00,YYZ,BOM,Mumbai,2026-12,1518,cad,2026-12-01,2026-12-19,SV,Saudia,62,1
2026-09-08T13:09:03.413957+00:00,YYZ,BOM,Mumbai,2027-01,1469,cad,2027-01-07,2027-02-08,LH,Lufthansa,854,2
2026-09-09T13:08:29.372791+00:00,YYZ,LHR,London,2026-09,872,cad,2026-09-23,2026-10-22,AC,Air Canada,1938,1
2026-09-09T13:08:29.372791+00:00,YYZ,LHR,London,2026-10,671,cad,2026-10-06,2026-10-13,FI,Icelandair,602,1
2026-09-09T13:08:29.372791+00:00,YYZ,LHR,London,2026-11,795,cad,2026-11-03,2026-11-17,TP,TAP Air Portugal,258,1
2026-09-09T13:08:29.372791+00:00,YYZ,LHR,London,2027-08,1211,cad,2027-08-17,2027-08-24,TP,TAP Air Portugal,258,1
2026-09-09T13:08:29.372791+00:00,YYZ,CDG,Paris,2026-09,674,cad,2026-09-10,2026-09-15,UA,United Airlines,3637,1
2026-09-09T13:08:29.372791+00:00,YYZ,CDG,Paris,2026-10,666,cad,2026-10-16,2026-10-28,TS,Air Transat,451,1
2026-09-09T13:08:29.372791+00:00,YYZ,CDG,Paris,2026-11,684,cad,2026-11-19,2026-11-22,TS,Air Transat,7250,1
2026-09-09T13:08:29.372791+00:00,YYZ,CDG,Paris,2026-12,839,cad,2026-12-21,2027-01-09,FI,Icelandair,604,1
2026-09-09T13:08:29.372791+00:00,YYZ,CDG,Paris,2027-01,617,cad,2027-01-10,2027-01-22,TS,Air Transat,188,0
2026-09-09T13:08:29.372791+00:00,YYZ,CDG,Paris,2027-03,679,cad,2027-03-03,2027-03-08,TS,Air Transat,7250,1
2026-09-09T13:08:29.372791+00:00,YYZ,FCO,Rome,2026-09,831,cad,2026-09-30,2026-10-16,FI,Icelandair,604,1
2026-09-09T13:08:29.372791+00:00,YYZ,FCO,Rome,2026-10,807,cad,2026-10-23,2026-10-31,TS,Air Transat,451,2
2026-09-09T13:08:29.372791+00:00,YYZ,FCO,Rome,2026-11,730,cad,2026-11-05,2026-11-19,TP,TAP Air Portugal,258,1
2026-09-09T13:08:29.372791+00:00,YYZ,FCO,Rome,2026-12,1213,cad,2026-12-21,2027-01-05,AF,Air France,359,1
2026-09-09T13:08:29.372791+00:00,YYZ,FCO,Rome,2027-01,741,cad,2027-01-20,2027-01-23,TP,TAP Air Portugal,262,1
2026-09-09T13:08:29.372791+00:00,YYZ,FCO,Rome,2027-03,819,cad,2027-03-25,2027-04-03,KL,KLM,696,1
2026-09-09T13:08:29.372791+00:00,YYZ,FCO,Rome,2027-04,854,cad,2027-04-26,2027-05-20,TP,TAP Air Portugal,262,1
2026-09-09T13:08:29.372791+00:00,YYZ,FCO,Rome,2027-05,748,cad,2027-05-02,2027-05-09,TP,TAP Air Portugal,258,1
2026-09-09T13:08:29.372791+00:00,YYZ,FCO,Rome,2027-08,1081,cad,2027-08-16,2027-08-29,AZ,ITA Airways,651,0
2026-09-09T13:08:29.372791+00:00,YYZ,AMS,Amsterdam,2026-09,691,cad,2026-09-26,2026-10-04,AC,Air Canada,432,1
2026-09-09T13:08:29.372791+00:00,YYZ,AMS,Amsterdam,2026-10,754,cad,2026-10-23,2026-10-29,AC,Air Canada,6841,1
2026-09-09T13:08:29.372791+00:00,YYZ,AMS,Amsterdam,2026-11,563,cad,2026-11-27,2026-12-02,FI,Icelandair,602,1
2026-09-09T13:08:29.372791+00:00,YYZ,AMS,Amsterdam,2026-12,950,cad,2026-12-19,2026-12-27,FI,Icelandair,602,1
2026-09-09T13:08:29.372791+00:00,YYZ,AMS,Amsterdam,2027-02,818,cad,2027-02-25,2027-03-01,AC,Air Canada,808,0
2026-09-09T13:08:29.372791+00:00,YYZ,MAD,Madrid,2026-09,971,cad,2026-09-23,2026-10-01,AA,American Airlines,8851,1
2026-09-09T13:08:29.372791+00:00,YYZ,MAD,Madrid,2026-10,1036,cad,2026-10-02,2026-10-11,AA,American Airlines,4347,1
2026-09-09T13:08:29.372791+00:00,YYZ,MAD,Madrid,2026-11,1082,cad,2026-11-19,2026-11-20,TS,Air Transat,480,1
2026-09-09T13:08:29.372791+00:00,YYZ,MAD,Madrid,2026-12,1564,cad,2026-12-18,2027-01-02,AA,American Airlines,5667,1
2026-09-09T13:08:29.372791+00:00,YYZ,MAD,Madrid,2027-04,793,cad,2027-04-30,2027-05-08,TP,TAP Air Portugal,262,1
2026-09-09T13:08:29.372791+00:00,YYZ,MAD,Madrid,2027-05,594,cad,2027-05-03,2027-05-09,TP,TAP Air Portugal,258,1
2026-09-09T13:08:29.372791+00:00,YYZ,BCN,Barcelona,2026-09,850,cad,2026-09-23,2026-10-01,TS,Air Transat,531,1
2026-09-09T13:08:29.372791+00:00,YYZ,BCN,Barcelona,2026-10,713,cad,2026-10-05,2026-10-20,FI,Icelandair,604,1
2026-09-09T13:08:29.372791+00:00,YYZ,BCN,Barcelona,2026-11,616,cad,2026-11-01,2026-11-09,TP,TAP Air Portugal,262,1
2026-09-09T13:08:29.372791+00:00,YYZ,BCN,Barcelona,2026-12,1134,cad,2026-12-22,2027-01-07,S4,Azores Airlines,322,2
2026-09-09T13:08:29.372791+00:00,YYZ,BCN,Barcelona,2027-01,605,cad,2027-01-12,2027-01-26,TP,TAP Air Portugal,258,1
2026-09-09T13:08:29.372791+00:00,YYZ,BCN,Barcelona,2027-05,885,cad,2027-05-01,2027-05-09,TP,TAP Air Portugal,258,1
2026-09-09T13:08:29.372791+00:00,YYZ,BCN,Barcelona,2027-08,1177,cad,2027-08-04,2027-08-26,TS,Air Transat,431,1
2026-09-09T13:08:29.372791+00:00,YYZ,FRA,Frankfurt,2026-09,1012,cad,2026-09-29,2026-10-13,AC,Air Canada,9562,1
2026-09-09T13:08:29.372791+00:00,YYZ,FRA,Frankfurt,2026-11,834,cad,2026-11-12,2026-11-17,DE,Condor,2403,0
2026-09-09T13:08:29.372791+00:00,YYZ,FRA,Frankfurt,2026-12,1065,cad,2026-12-25,2027-01-18,FI,Icelandair,602,1
2026-09-09T13:08:29.372791+00:00,YYZ,FRA,Frankfurt,2027-01,984,cad,2027-01-09,2027-01-22,FI,Icelandair,602,1
2026-09-09T13:08:29.372791+00:00,YYZ,MUC,Munich,2026-09,1246,cad,2026-09-15,2026-09-19,AC,Air Canada,9614,1
2026-09-09T13:08:29.372791+00:00,YYZ,MUC,Munich,2026-10,1129,cad,2026-10-07,2026-10-12,AC,Air Canada,894,1
2026-09-09T13:08:29.372791+00:00,YYZ,MUC,Munich,2027-01,1135,cad,2027-01-09,2027-01-22,AA,American Airlines,5020,1
2026-09-09T13:08:29.372791+00:00,YYZ,DUB,Dublin,2026-09,864,cad,2026-09-17,2026-10-06,FI,Icelandair,602,1
2026-09-09T13:08:29.372791+00:00,YYZ,DUB,Dublin,2026-10,784,cad,2026-10-24,2026-10-30,WS,WestJet,46,1
2026-09-09T13:08:29.372791+00:00,YYZ,DUB,Dublin,2026-12,672,cad,2026-12-31,2027-01-11,FI,Icelandair,602,1
2026-09-09T13:08:29.372791+00:00,YYZ,ZRH,Zurich,2026-10,1136,cad,2026-10-09,2026-10-14,AC,Air Canada,840,1
2026-09-09T13:08:29.372791+00:00,YYZ,ZRH,Zurich,2027-01,847,cad,2027-01-10,2027-01-17,TP,TAP Air Portugal,262,1
2026-09-09T13:08:29.372791+00:00,YYZ,VIE,Vienna,2026-11,986,cad,2026-11-03,2026-11-09,DE,Condor,2403,1
2026-09-09T13:08:29.372791+00:00,YYZ,VIE,Vienna,2026-12,1053,cad,2026-12-27,2027-01-15,SK,SAS Scandinavian,950,1
2026-09-09T13:08:29.372791+00:00,YYZ,VIE,Vienna,2027-06,1280,cad,2027-06-28,2027-07-12,DE,Condor,2403,1
2026-09-09T13:08:29.372791+00:00,YYZ,LIS,Lisbon,2026-09,717,cad,2026-09-09,2026-09-17,UA,United Airlines,3637,1
2026-09-09T13:08:29.372791+00:00,YYZ,LIS,Lisbon,2026-10,698,cad,2026-10-18,2026-10-30,IB,Iberia,368,1
2026-09-09T13:08:29.372791+00:00,YYZ,LIS,Lisbon,2026-11,536,cad,2026-11-26,2026-12-03,TS,Air Transat,480,0
2026-09-09T13:08:29.372791+00:00,YYZ,LIS,Lisbon,2026-12,1469,cad,2026-12-18,2027-01-02,EI,Aer Lingus,126,1
2026-09-09T13:08:29.372791+00:00,YYZ,LIS,Lisbon,2027-01,653,cad,2027-01-11,2027-01-19,TP,TAP Air Portugal,262,0
2026-09-09T13:08:29.372791+00:00,YYZ,LIS,Lisbon,2027-02,702,cad,2027-02-02,2027-02-16,AC,Air Canada,810,0
2026-09-09T13:08:29.372791+00:00,YYZ,LIS,Lisbon,2027-05,642,cad,2027-05-18,2027-05-26,TP,TAP Air Portugal,258,0
2026-09-09T13:08:29.372791+00:00,YYZ,ATH,Athens,2026-09,906,cad,2026-09-14,2026-09-24,WS,WestJet,9670,2
2026-09-09T13:08:29.372791+00:00,YYZ,ATH,Athens,2026-10,955,cad,2026-10-02,2026-10-09,TS,Air Transat,694,2
2026-09-09T13:08:29.372791+00:00,YYZ,ATH,Athens,2026-11,848,cad,2026-11-22,2026-12-06,KL,KLM,696,1
2026-09-09T13:08:29.372791+00:00,YYZ,ATH,Athens,2026-12,1712,cad,2026-12-18,2027-01-05,SK,SAS Scandinavian,950,1
2026-09-09T13:08:29.372791+00:00,YYZ,BER,Berlin,2026-09,996,cad,2026-09-19,2026-10-03,TS,Air Transat,230,1
2026-09-09T13:08:29.372791+00:00,YYZ,BER,Berlin,2026-10,783,cad,2026-10-06,2026-10-14,DE,Condor,2403,1
2026-09-09T13:08:29.372791+00:00,YYZ,BER,Berlin,2026-11,730,cad,2026-11-17,2026-11-22,DE,Condor,2403,1
2026-09-09T13:08:29.372791+00:00,YYZ,BER,Berlin,2026-12,1136,cad,2026-12-15,2026-12-31,AC,Air Canada,840,1
2026-09-09T13:08:29.372791+00:00,YYZ,BER,Berlin,2027-05,913,cad,2027-05-06,2027-05-13,DE,Condor,2403,1
2026-09-09T13:08:29.372791+00:00,YYZ,WAW,Warsaw,2026-09,923,cad,2026-09-30,2026-10-30,SK,SAS Scandinavian,950,1
2026-09-09T13:08:29.372791+00:00,YYZ,WAW,Warsaw,2026-10,908,cad,2026-10-02,2026-10-09,PD,Porter Airlines Canada,7230,1
2026-09-09T13:08:29.372791+00:00,YYZ,WAW,Warsaw,2026-11,756,cad,2026-11-19,2026-12-03,FI,Icelandair,602,2
2026-09-09T13:08:29.372791+00:00,YYZ,WAW,Warsaw,2026-12,1047,cad,2026-12-25,2027-01-09,AA,American Airlines,6921,2
2026-09-09T13:08:29.372791+00:00,YYZ,WAW,Warsaw,2027-01,989,cad,2027-01-01,2027-01-16,SK,SAS Scandinavian,950,1
2026-09-09T13:08:29.372791+00:00,YYZ,WAW,Warsaw,2027-02,845,cad,2027-02-23,2027-04-03,SK,SAS Scandinavian,950,1
2026-09-09T13:08:29.372791+00:00,YYZ,WAW,Warsaw,2027-04,884,cad,2027-04-15,2027-04-28,SK,SAS Scandinavian,950,1
2026-09-09T13:08:29.372791+00:00,YYZ,WAW,Warsaw,2027-05,962,cad,2027-05-05,2027-05-22,AY,Finnair,32,1
2026-09-09T13:08:29.372791+00:00,YYZ,PRG,Prague,2026-10,718,cad,2026-10-25,2026-11-16,FI,Icelandair,602,1
2026-09-09T13:08:29.372791+00:00,YYZ,PRG,Prague,2026-12,924,cad,2026-12-27,2027-01-15,SK,SAS Scandinavian,950,1
2026-09-09T13:08:29.372791+00:00,YYZ,PRG,Prague,2027-01,927,cad,2027-01-27,2027-03-06,AF,Air France,359,1
2026-09-09T13:08:29.372791+00:00,YYZ,PRG,Prague,2027-02,854,cad,2027-02-23,2027-04-03,SK,SAS Scandinavian,950,1
2026-09-09T13:08:29.372791+00:00,YYZ,BUD,Budapest,2026-09,799,cad,2026-09-28,2026-10-06,AC,Air Canada,9690,1
2026-09-09T13:08:29.372791+00:00,YYZ,BUD,Budapest,2026-10,801,cad,2026-10-23,2026-10-30,TS,Air Transat,451,2
2026-09-09T13:08:29.372791+00:00,YYZ,BUD,Budapest,2026-11,821,cad,2026-11-01,2026-11-10,AC,Air Canada,880,1
2026-09-09T13:08:29.372791+00:00,YYZ,BUD,Budapest,2027-04,1110,cad,2027-04-01,2027-04-11,BA,British Airways,98,1
2026-09-09T13:08:29.372791+00:00,YYZ,BRU,Brussels,2026-09,755,cad,2026-09-26,2026-10-02,PD,Porter Airlines Canada,125,1
2026-09-09T13:08:29.372791+00:00,YYZ,BRU,Brussels,2026-11,903,cad,2026-11-11,2026-12-22,FI,Icelandair,602,1
2026-09-09T13:08:29.372791+00:00,YYZ,MXP,Milan,2026-09,982,cad,2026-09-26,2026-10-03,TS,Air Transat,206,1
2026-09-09T13:08:29.372791+00:00,YYZ,MXP,Milan,2026-10,883,cad,2026-10-01,2026-10-05,TS,Air Transat,230,1
2026-09-09T13:08:29.372791+00:00,YYZ,MXP,Milan,2026-12,1399,cad,2026-12-20,2027-01-03,S4,Azores Airlines,322,2
2026-09-09T13:08:29.372791+00:00,YYZ,MXP,Milan,2027-01,766,cad,2027-01-10,2027-01-17,TP,TAP Air Portugal,258,1
2026-09-09T13:08:29.372791+00:00,YYZ,OSL,Oslo,2026-10,1014,cad,2026-10-17,2026-10-19,WS,WestJet,46,2
2026-09-09T13:08:29.372791+00:00,YYZ,HEL,Helsinki,2026-09,933,cad,2026-09-27,2026-10-26,FI,Icelandair,604,1
2026-09-09T13:08:29.372791+00:00,YYZ,HEL,Helsinki,2026-11,845,cad,2026-11-17,2026-11-23,FI,Icelandair,602,1
2026-09-09T13:08:29.372791+00:00,YYZ,EDI,Edinburgh,2026-10,829,cad,2026-10-10,2026-10-12,TS,Air Transat,230,1
2026-09-09T13:08:29.372791+00:00,YYZ,EDI,Edinburgh,2026-12,1455,cad,2026-12-29,2026-12-31,AC,Air Canada,3937,2
2026-09-09T13:08:29.372791+00:00,YYZ,KEF,Reykjavik,2026-09,914,cad,2026-09-23,2026-09-30,FI,Icelandair,602,0
2026-09-09T13:08:29.372791+00:00,YYZ,KEF,Reykjavik,2027-06,850,cad,2027-06-06,2027-06-11,FI,Icelandair,604,0
2026-09-09T13:08:29.372791+00:00,YYZ,DEL,Delhi,2026-09,1393,cad,2026-09-21,2026-10-05,ET,Ethiopian Airlines,553,1
2026-09-09T13:08:29.372791+00:00,YYZ,DEL,Delhi,2026-10,1467,cad,2026-10-01,2026-10-31,AI,Air India,190,1
2026-09-09T13:08:29.372791+00:00,YYZ,DEL,Delhi,2026-11,1455,cad,2026-11-15,2026-12-07,BA,British Airways,98,2
2026-09-09T13:08:29.372791+00:00,YYZ,DEL,Delhi,2026-12,1471,cad,2026-12-02,2026-12-10,AC,Air Canada,762,2
2026-09-09T13:08:29.372791+00:00,YYZ,DEL,Delhi,2027-01,1497,cad,2027-01-22,2027-03-08,SV,Saudia,62,1
2026-09-09T13:08:29.372791+00:00,YYZ,DEL,Delhi,2027-02,1394,cad,2027-02-12,2027-04-13,AA,American Airlines,4542,2
2026-09-09T13:08:29.372791+00:00,YYZ,DEL,Delhi,2027-03,1648,cad,2027-03-11,2027-03-26,AA,American Airlines,4623,2
2026-09-09T13:08:29.372791+00:00,YYZ,BOM,Mumbai,2026-09,1214,cad,2026-09-19,2026-10-25,ET,Ethiopian Airlines,553,1
2026-09-09T13:08:29.372791+00:00,YYZ,BOM,Mumbai,2026-10,1204,cad,2026-10-06,2026-11-29,ET,Ethiopian Airlines,553,1
2026-09-09T13:08:29.372791+00:00,YYZ,BOM,Mumbai,2026-11,1398,cad,2026-11-05,2026-12-01,ET,Ethiopian Airlines,553,1
2026-09-09T13:08:29.372791+00:00,YYZ,BOM,Mumbai,2026-12,1518,cad,2026-12-01,2026-12-19,SV,Saudia,62,1
2026-09-09T13:08:29.372791+00:00,YYZ,BOM,Mumbai,2027-01,1469,cad,2027-01-07,2027-02-08,LH,Lufthansa,854,2
2026-09-10T13:07:58.994689+00:00,YYZ,LHR,London,2026-09,872,cad,2026-09-23,2026-10-22,AC,Air Canada,1938,1
2026-09-10T13:07:58.994689+00:00,YYZ,LHR,London,2026-10,671,cad,2026-10-06,2026-10-13,FI,Icelandair,602,1
2026-09-10T13:07:58.994689+00:00,YYZ,LHR,London,2026-11,795,cad,2026-11-03,2026-11-17,TP,TAP Air Portugal,258,1
2026-09-10T13:07:58.994689+00:00,YYZ,LHR,London,2026-12,1074,cad,2026-12-24,2027-01-10,WS,WestJet,387,2
2026-09-10T13:07:58.994689+00:00,YYZ,LHR,London,2027-01,942,cad,2027-01-10,2027-01-16,AC,Air Canada,2064,1
2026-09-10T13:07:58.994689+00:00,YYZ,LHR,London,2027-04,914,cad,2027-04-30,2027-05-09,LH,Lufthansa,9724,1
2026-09-10T13:07:58.994689+00:00,YYZ,LHR,London,2027-08,1211,cad,2027-08-17,2027-08-24,TP,TAP Air Portugal,258,1
2026-09-10T13:07:58.994689+00:00,YYZ,CDG,Paris,2026-09,674,cad,2026-09-10,2026-09-15,UA,United Airlines,3637,1
2026-09-10T13:07:58.994689+00:00,YYZ,CDG,Paris,2026-10,667,cad,2026-10-16,2026-10-28,TS,Air Transat,451,1
2026-09-10T13:07:58.994689+00:00,YYZ,CDG,Paris,2026-11,684,cad,2026-11-19,2026-11-22,TS,Air Transat,7250,1
2026-09-10T13:07:58.994689+00:00,YYZ,CDG,Paris,2026-12,839,cad,2026-12-21,2027-01-09,FI,Icelandair,604,1
2026-09-10T13:07:58.994689+00:00,YYZ,CDG,Paris,2027-01,569,cad,2027-01-11,2027-01-22,FI,Icelandair,602,1
2026-09-10T13:07:58.994689+00:00,YYZ,CDG,Paris,2027-03,679,cad,2027-03-03,2027-03-08,TS,Air Transat,7250,1
2026-09-10T13:07:58.994689+00:00,YYZ,FCO,Rome,2026-09,831,cad,2026-09-30,2026-10-16,FI,Icelandair,604,1
2026-09-10T13:07:58.994689+00:00,YYZ,FCO,Rome,2026-10,807,cad,2026-10-23,2026-10-31,TS,Air Transat,451,2
2026-09-10T13:07:58.994689+00:00,YYZ,FCO,Rome,2026-11,730,cad,2026-11-05,2026-11-19,TP,TAP Air Portugal,258,1
2026-09-10T13:07:58.994689+00:00,YYZ,FCO,Rome,2026-12,1215,cad,2026-12-21,2027-01-05,AF,Air France,359,1
2026-09-10T13:07:58.994689+00:00,YYZ,FCO,Rome,2027-01,741,cad,2027-01-20,2027-01-23,TP,TAP Air Portugal,262,1
2026-09-10T13:07:58.994689+00:00,YYZ,FCO,Rome,2027-03,819,cad,2027-03-25,2027-04-03,KL,KLM,696,1
2026-09-10T13:07:58.994689+00:00,YYZ,FCO,Rome,2027-04,854,cad,2027-04-26,2027-05-20,TP,TAP Air Portugal,262,1
2026-09-10T13:07:58.994689+00:00,YYZ,FCO,Rome,2027-05,748,cad,2027-05-02,2027-05-09,TP,TAP Air Portugal,258,1
2026-09-10T13:07:58.994689+00:00,YYZ,FCO,Rome,2027-08,1081,cad,2027-08-16,2027-08-29,AZ,ITA Airways,651,0
2026-09-10T13:07:58.994689+00:00,YYZ,AMS,Amsterdam,2026-09,691,cad,2026-09-26,2026-10-04,AC,Air Canada,432,1
2026-09-10T13:07:58.994689+00:00,YYZ,AMS,Amsterdam,2026-10,729,cad,2026-10-02,2026-10-12,UA,United Airlines,8266,1
2026-09-10T13:07:58.994689+00:00,YYZ,AMS,Amsterdam,2026-11,563,cad,2026-11-27,2026-12-02,FI,Icelandair,602,1
2026-09-10T13:07:58.994689+00:00,YYZ,AMS,Amsterdam,2026-12,771,cad,2026-12-08,2026-12-25,KL,KLM,692,0
2026-09-10T13:07:58.994689+00:00,YYZ,AMS,Amsterdam,2027-02,818,cad,2027-02-25,2027-03-01,AC,Air Canada,808,0
2026-09-10T13:07:58.994689+00:00,YYZ,MAD,Madrid,2026-09,971,cad,2026-09-23,2026-10-01,AA,American Airlines,8851,1
2026-09-10T13:07:58.994689+00:00,YYZ,MAD,Madrid,2026-10,1036,cad,2026-10-02,2026-10-11,AA,American Airlines,4347,1
2026-09-10T13:07:58.994689+00:00,YYZ,MAD,Madrid,2026-11,1082,cad,2026-11-19,2026-11-20,TS,Air Transat,480,1
2026-09-10T13:07:58.994689+00:00,YYZ,MAD,Madrid,2026-12,1564,cad,2026-12-18,2027-01-02,AA,American Airlines,5667,1
2026-09-10T13:07:58.994689+00:00,YYZ,MAD,Madrid,2027-04,793,cad,2027-04-30,2027-05-08,TP,TAP Air Portugal,262,1
2026-09-10T13:07:58.994689+00:00,YYZ,MAD,Madrid,2027-05,590,cad,2027-05-03,2027-05-09,TP,TAP Air Portugal,258,1
2026-09-10T13:07:58.994689+00:00,YYZ,BCN,Barcelona,2026-09,850,cad,2026-09-23,2026-10-01,TS,Air Transat,531,1
2026-09-10T13:07:58.994689+00:00,YYZ,BCN,Barcelona,2026-10,713,cad,2026-10-05,2026-10-20,FI,Icelandair,604,1
2026-09-10T13:07:58.994689+00:00,YYZ,BCN,Barcelona,2026-11,616,cad,2026-11-01,2026-11-09,TP,TAP Air Portugal,262,1
2026-09-10T13:07:58.994689+00:00,YYZ,BCN,Barcelona,2026-12,1136,cad,2026-12-22,2027-01-07,S4,Azores Airlines,322,2
2026-09-10T13:07:58.994689+00:00,YYZ,BCN,Barcelona,2027-01,605,cad,2027-01-12,2027-01-26,TP,TAP Air Portugal,258,1
2026-09-10T13:07:58.994689+00:00,YYZ,BCN,Barcelona,2027-05,885,cad,2027-05-01,2027-05-09,TP,TAP Air Portugal,258,1
2026-09-10T13:07:58.994689+00:00,YYZ,BCN,Barcelona,2027-08,1177,cad,2027-08-04,2027-08-26,TS,Air Transat,431,1
2026-09-10T13:07:58.994689+00:00,YYZ,FRA,Frankfurt,2026-09,1013,cad,2026-09-29,2026-10-13,AC,Air Canada,9562,1
2026-09-10T13:07:58.994689+00:00,YYZ,FRA,Frankfurt,2026-10,983,cad,2026-10-06,2026-10-15,AC,Air Canada,842,0
2026-09-10T13:07:58.994689+00:00,YYZ,FRA,Frankfurt,2026-11,770,cad,2026-11-11,2026-12-04,FI,Icelandair,602,1
2026-09-10T13:07:58.994689+00:00,YYZ,FRA,Frankfurt,2026-12,1065,cad,2026-12-25,2027-01-18,FI,Icelandair,602,1
2026-09-10T13:07:58.994689+00:00,YYZ,FRA,Frankfurt,2027-01,984,cad,2027-01-09,2027-01-22,FI,Icelandair,602,1
2026-09-10T13:07:58.994689+00:00,YYZ,MUC,Munich,2026-09,1246,cad,2026-09-15,2026-09-19,AC,Air Canada,9614,1
2026-09-10T13:07:58.994689+00:00,YYZ,MUC,Munich,2026-10,1131,cad,2026-10-07,2026-10-12,AC,Air Canada,894,1
2026-09-10T13:07:58.994689+00:00,YYZ,MUC,Munich,2027-01,1136,cad,2027-01-09,2027-01-22,AA,American Airlines,1746,1
2026-09-10T13:07:58.994689+00:00,YYZ,DUB,Dublin,2026-09,864,cad,2026-09-17,2026-10-06,FI,Icelandair,602,1
2026-09-10T13:07:58.994689+00:00,YYZ,DUB,Dublin,2026-10,719,cad,2026-10-15,2026-10-23,AA,American Airlines,8012,0
2026-09-10T13:07:58.994689+00:00,YYZ,DUB,Dublin,2026-12,673,cad,2026-12-31,2027-01-11,FI,Icelandair,602,1
2026-09-10T13:07:58.994689+00:00,YYZ,DUB,Dublin,2027-01,867,cad,2027-01-01,2027-01-11,AA,American Airlines,6917,1
2026-09-10T13:07:58.994689+00:00,YYZ,ZRH,Zurich,2026-10,1136,cad,2026-10-09,2026-10-14,AC,Air Canada,840,1
2026-09-10T13:07:58.994689+00:00,YYZ,ZRH,Zurich,2026-11,799,cad,2026-11-22,2026-11-26,FI,Icelandair,602,2
2026-09-10T13:07:58.994689+00:00,YYZ,ZRH,Zurich,2027-01,848,cad,2027-01-10,2027-01-17,TP,TAP Air Portugal,262,1
2026-09-10T13:07:58.994689+00:00,YYZ,VIE,Vienna,2026-10,937,cad,2026-10-16,2026-10-21,DE,Condor,2403,1
2026-09-10T13:07:58.994689+00:00,YYZ,VIE,Vienna,2026-11,986,cad,2026-11-03,2026-11-09,DE,Condor,2403,1
2026-09-10T13:07:58.994689+00:00,YYZ,VIE,Vienna,2026-12,1053,cad,2026-12-27,2027-01-15,SK,SAS Scandinavian,950,1
2026-09-10T13:07:58.994689+00:00,YYZ,VIE,Vienna,2027-06,1280,cad,2027-06-28,2027-07-12,DE,Condor,2403,1
2026-09-10T13:07:58.994689+00:00,YYZ,LIS,Lisbon,2026-09,736,cad,2026-09-14,2026-09-24,AC,Air Canada,1500,1
2026-09-10T13:07:58.994689+00:00,YYZ,LIS,Lisbon,2026-10,698,cad,2026-10-18,2026-10-30,IB,Iberia,368,1
2026-09-10T13:07:58.994689+00:00,YYZ,LIS,Lisbon,2026-11,594,cad,2026-11-22,2026-12-13,TP,TAP Air Portugal,262,0
2026-09-10T13:07:58.994689+00:00,YYZ,LIS,Lisbon,2026-12,1469,cad,2026-12-18,2027-01-02,EI,Aer Lingus,126,1
2026-09-10T13:07:58.994689+00:00,YYZ,LIS,Lisbon,2027-01,653,cad,2027-01-11,2027-01-19,TP,TAP Air Portugal,262,0
2026-09-10T13:07:58.994689+00:00,YYZ,LIS,Lisbon,2027-02,702,cad,2027-02-02,2027-02-16,AC,Air Canada,810,0
2026-09-10T13:07:58.994689+00:00,YYZ,LIS,Lisbon,2027-05,642,cad,2027-05-18,2027-05-26,TP,TAP Air Portugal,258,0
2026-09-10T13:07:58.994689+00:00,YYZ,ATH,Athens,2026-09,1053,cad,2026-09-26,2026-10-03,TS,Air Transat,230,1
2026-09-10T13:07:58.994689+00:00,YYZ,ATH,Athens,2026-11,848,cad,2026-11-22,2026-12-06,KL,KLM,696,1
2026-09-10T13:07:58.994689+00:00,YYZ,ATH,Athens,2026-12,1712,cad,2026-12-18,2027-01-05,SK,SAS Scandinavian,950,1
2026-09-10T13:07:58.994689+00:00,YYZ,BER,Berlin,2026-09,996,cad,2026-09-19,2026-10-03,TS,Air Transat,230,1
2026-09-10T13:07:58.994689+00:00,YYZ,BER,Berlin,2026-10,850,cad,2026-10-15,2026-10-31,DE,Condor,2403,1
2026-09-10T13:07:58.994689+00:00,YYZ,BER,Berlin,2026-12,1136,cad,2026-12-15,2026-12-31,AC,Air Canada,840,1
2026-09-10T13:07:58.994689+00:00,YYZ,BER,Berlin,2027-05,913,cad,2027-05-06,2027-05-13,DE,Condor,2403,1
2026-09-10T13:07:58.994689+00:00,YYZ,WAW,Warsaw,2026-09,923,cad,2026-09-30,2026-10-30,SK,SAS Scandinavian,950,1
2026-09-10T13:07:58.994689+00:00,YYZ,WAW,Warsaw,2026-10,908,cad,2026-10-02,2026-10-09,PD,Porter Airlines Canada,7230,1
2026-09-10T13:07:58.994689+00:00,YYZ,WAW,Warsaw,2026-11,756,cad,2026-11-19,2026-12-03,FI,Icelandair,602,2
2026-09-10T13:07:58.994689+00:00,YYZ,WAW,Warsaw,2026-12,1047,cad,2026-12-25,2027-01-09,AA,American Airlines,6921,2
2026-09-10T13:07:58.994689+00:00,YYZ,WAW,Warsaw,2027-01,989,cad,2027-01-01,2027-01-16,SK,SAS Scandinavian,950,1
2026-09-10T13:07:58.994689+00:00,YYZ,WAW,Warsaw,2027-02,845,cad,2027-02-23,2027-04-03,SK,SAS Scandinavian,950,1
2026-09-10T13:07:58.994689+00:00,YYZ,WAW,Warsaw,2027-04,886,cad,2027-04-15,2027-04-28,SK,SAS Scandinavian,950,1
2026-09-10T13:07:58.994689+00:00,YYZ,WAW,Warsaw,2027-05,962,cad,2027-05-05,2027-05-22,AY,Finnair,32,1
2026-09-10T13:07:58.994689+00:00,YYZ,PRG,Prague,2026-10,719,cad,2026-10-25,2026-11-16,FI,Icelandair,602,1
2026-09-10T13:07:58.994689+00:00,YYZ,PRG,Prague,2026-12,924,cad,2026-12-27,2027-01-15,SK,SAS Scandinavian,950,1
2026-09-10T13:07:58.994689+00:00,YYZ,PRG,Prague,2027-01,928,cad,2027-01-27,2027-03-06,AF,Air France,359,1
2026-09-10T13:07:58.994689+00:00,YYZ,PRG,Prague,2027-02,855,cad,2027-02-23,2027-04-03,SK,SAS Scandinavian,950,1
2026-09-10T13:07:58.994689+00:00,YYZ,BUD,Budapest,2026-09,799,cad,2026-09-28,2026-10-06,AC,Air Canada,9690,1
2026-09-10T13:07:58.994689+00:00,YYZ,BUD,Budapest,2026-10,801,cad,2026-10-23,2026-10-30,TS,Air Transat,451,2
2026-09-10T13:07:58.994689+00:00,YYZ,BUD,Budapest,2026-11,821,cad,2026-11-01,2026-11-10,AC,Air Canada,880,1
2026-09-10T13:07:58.994689+00:00,YYZ,BRU,Brussels,2026-09,755,cad,2026-09-26,2026-10-02,PD,Porter Airlines Canada,125,1
2026-09-10T13:07:58.994689+00:00,YYZ,BRU,Brussels,2026-11,903,cad,2026-11-11,2026-12-22,FI,Icelandair,602,1
2026-09-10T13:07:58.994689+00:00,YYZ,BRU,Brussels,2026-12,1084,cad,2026-12-08,2026-12-25,BA,British Airways,92,1
2026-09-10T13:07:58.994689+00:00,YYZ,MXP,Milan,2026-09,982,cad,2026-09-26,2026-10-03,TS,Air Transat,206,1
2026-09-10T13:07:58.994689+00:00,YYZ,MXP,Milan,2026-10,883,cad,2026-10-01,2026-10-05,TS,Air Transat,230,1
2026-09-10T13:07:58.994689+00:00,YYZ,MXP,Milan,2026-12,1401,cad,2026-12-20,2027-01-03,S4,Azores Airlines,322,2
2026-09-10T13:07:58.994689+00:00,YYZ,MXP,Milan,2027-01,767,cad,2027-01-10,2027-01-17,TP,TAP Air Portugal,258,1
2026-09-10T13:07:58.994689+00:00,YYZ,OSL,Oslo,2026-10,1014,cad,2026-10-17,2026-10-19,WS,WestJet,46,2
2026-09-10T13:07:58.994689+00:00,YYZ,HEL,Helsinki,2026-09,933,cad,2026-09-27,2026-10-26,FI,Icelandair,604,1
2026-09-10T13:07:58.994689+00:00,YYZ,HEL,Helsinki,2026-11,845,cad,2026-11-17,2026-11-23,FI,Icelandair,602,1
2026-09-10T13:07:58.994689+00:00,YYZ,EDI,Edinburgh,2026-10,829,cad,2026-10-10,2026-10-12,TS,Air Transat,230,1
2026-09-10T13:07:58.994689+00:00,YYZ,EDI,Edinburgh,2026-12,1455,cad,2026-12-29,2026-12-31,AC,Air Canada,3937,2
2026-09-10T13:07:58.994689+00:00,YYZ,KEF,Reykjavik,2026-09,914,cad,2026-09-23,2026-09-30,FI,Icelandair,602,0
2026-09-10T13:07:58.994689+00:00,YYZ,KEF,Reykjavik,2026-11,987,cad,2026-11-09,2026-11-14,FI,Icelandair,602,0
2026-09-10T13:07:58.994689+00:00,YYZ,KEF,Reykjavik,2027-06,850,cad,2027-06-06,2027-06-11,FI,Icelandair,604,0
2026-09-10T13:07:58.994689+00:00,YYZ,DEL,Delhi,2026-09,1393,cad,2026-09-21,2026-10-05,ET,Ethiopian Airlines,553,1
2026-09-10T13:07:58.994689+00:00,YYZ,DEL,Delhi,2026-10,1467,cad,2026-10-01,2026-10-31,AI,Air India,190,1
2026-09-10T13:07:58.994689+00:00,YYZ,DEL,Delhi,2026-11,1455,cad,2026-11-15,2026-12-07,BA,British Airways,98,2
2026-09-10T13:07:58.994689+00:00,YYZ,DEL,Delhi,2026-12,1471,cad,2026-12-02,2026-12-10,AC,Air Canada,762,2
2026-09-10T13:07:58.994689+00:00,YYZ,DEL,Delhi,2027-01,1420,cad,2027-01-30,2027-02-28,BA,British Airways,98,2
2026-09-10T13:07:58.994689+00:00,YYZ,DEL,Delhi,2027-02,1394,cad,2027-02-12,2027-04-13,AA,American Airlines,4542,2
2026-09-10T13:07:58.994689+00:00,YYZ,DEL,Delhi,2027-03,1651,cad,2027-03-11,2027-03-26,AA,American Airlines,4623,2
2026-09-10T13:07:58.994689+00:00,YYZ,BOM,Mumbai,2026-09,1214,cad,2026-09-19,2026-10-25,ET,Ethiopian Airlines,553,1
2026-09-10T13:07:58.994689+00:00,YYZ,BOM,Mumbai,2026-10,1229,cad,2026-10-23,2026-10-31,ET,Ethiopian Airlines,553,1
2026-09-10T13:07:58.994689+00:00,YYZ,BOM,Mumbai,2026-11,1400,cad,2026-11-05,2026-12-01,ET,Ethiopian Airlines,553,1
2026-09-10T13:07:58.994689+00:00,YYZ,BOM,Mumbai,2026-12,2381,cad,2026-12-16,2026-12-30,AI,Air India,192,2
2026-09-10T13:07:58.994689+00:00,YYZ,BOM,Mumbai,2027-01,1469,cad,2027-01-07,2027-02-08,LH,Lufthansa,854,2
2026-09-11T13:07:33.810192+00:00,YYZ,LHR,London,2026-09,860,cad,2026-09-30,2026-10-08,AC,Air Canada,854,1
2026-09-11T13:07:33.810192+00:00,YYZ,LHR,London,2026-10,671,cad,2026-10-06,2026-10-13,FI,Icelandair,602,1
2026-09-11T13:07:33.810192+00:00,YYZ,LHR,London,2026-11,795,cad,2026-11-03,2026-11-17,TP,TAP Air Portugal,258,1
2026-09-11T13:07:33.810192+00:00,YYZ,LHR,London,2026-12,1074,cad,2026-12-24,2027-01-10,WS,WestJet,387,2
2026-09-11T13:07:33.810192+00:00,YYZ,LHR,London,2027-01,943,cad,2027-01-10,2027-01-16,AC,Air Canada,2064,1
2026-09-11T13:07:33.810192+00:00,YYZ,LHR,London,2027-04,915,cad,2027-04-30,2027-05-09,LH,Lufthansa,9724,1
2026-09-11T13:07:33.810192+00:00,YYZ,LHR,London,2027-08,1211,cad,2027-08-17,2027-08-24,TP,TAP Air Portugal,258,1
2026-09-11T13:07:33.810192+00:00,YYZ,CDG,Paris,2026-09,733,cad,2026-09-27,2026-10-26,TS,Air Transat,771,1
2026-09-11T13:07:33.810192+00:00,YYZ,CDG,Paris,2026-10,662,cad,2026-10-03,2026-10-08,TS,Air Transat,761,1
2026-09-11T13:07:33.810192+00:00,YYZ,CDG,Paris,2026-11,684,cad,2026-11-19,2026-11-22,TS,Air Transat,7250,1
2026-09-11T13:07:33.810192+00:00,YYZ,CDG,Paris,2026-12,839,cad,2026-12-21,2027-01-09,FI,Icelandair,604,1
2026-09-11T13:07:33.810192+00:00,YYZ,CDG,Paris,2027-01,570,cad,2027-01-11,2027-01-22,FI,Icelandair,602,1
2026-09-11T13:07:33.810192+00:00,YYZ,CDG,Paris,2027-03,679,cad,2027-03-03,2027-03-08,TS,Air Transat,7250,1
2026-09-11T13:07:33.810192+00:00,YYZ,FCO,Rome,2026-09,831,cad,2026-09-30,2026-10-16,FI,Icelandair,604,1
2026-09-11T13:07:33.810192+00:00,YYZ,FCO,Rome,2026-10,807,cad,2026-10-23,2026-10-31,TS,Air Transat,451,2
2026-09-11T13:07:33.810192+00:00,YYZ,FCO,Rome,2026-11,730,cad,2026-11-05,2026-11-19,TP,TAP Air Portugal,258,1
2026-09-11T13:07:33.810192+00:00,YYZ,FCO,Rome,2026-12,1215,cad,2026-12-21,2027-01-05,AF,Air France,359,1
2026-09-11T13:07:33.810192+00:00,YYZ,FCO,Rome,2027-01,741,cad,2027-01-20,2027-01-23,TP,TAP Air Portugal,262,1
2026-09-11T13:07:33.810192+00:00,YYZ,FCO,Rome,2027-03,819,cad,2027-03-25,2027-04-03,KL,KLM,696,1
2026-09-11T13:07:33.810192+00:00,YYZ,FCO,Rome,2027-04,854,cad,2027-04-26,2027-05-20,TP,TAP Air Portugal,262,1
2026-09-11T13:07:33.810192+00:00,YYZ,FCO,Rome,2027-05,748,cad,2027-05-02,2027-05-09,TP,TAP Air Portugal,258,1
2026-09-11T13:07:33.810192+00:00,YYZ,FCO,Rome,2027-08,1081,cad,2027-08-16,2027-08-29,AZ,ITA Airways,651,0
2026-09-11T13:07:33.810192+00:00,YYZ,AMS,Amsterdam,2026-09,691,cad,2026-09-26,2026-10-04,AC,Air Canada,432,1
2026-09-11T13:07:33.810192+00:00,YYZ,AMS,Amsterdam,2026-10,694,cad,2026-10-26,2026-11-09,TP,TAP Air Portugal,262,1
2026-09-11T13:07:33.810192+00:00,YYZ,AMS,Amsterdam,2026-11,586,cad,2026-11-28,2026-12-02,FI,Icelandair,602,1
2026-09-11T13:07:33.810192+00:00,YYZ,AMS,Amsterdam,2026-12,771,cad,2026-12-08,2026-12-25,KL,KLM,692,0
2026-09-11T13:07:33.810192+00:00,YYZ,AMS,Amsterdam,2027-02,818,cad,2027-02-25,2027-03-01,AC,Air Canada,808,0
2026-09-11T13:07:33.810192+00:00,YYZ,AMS,Amsterdam,2027-04,765,cad,2027-04-14,2027-04-18,TP,TAP Air Portugal,262,1
2026-09-11T13:07:33.810192+00:00,YYZ,MAD,Madrid,2026-09,971,cad,2026-09-23,2026-10-01,AA,American Airlines,8851,1
2026-09-11T13:07:33.810192+00:00,YYZ,MAD,Madrid,2026-10,1036,cad,2026-10-02,2026-10-11,AA,American Airlines,4347,1
2026-09-11T13:07:33.810192+00:00,YYZ,MAD,Madrid,2026-11,1082,cad,2026-11-19,2026-11-20,TS,Air Transat,480,1
2026-09-11T13:07:33.810192+00:00,YYZ,MAD,Madrid,2026-12,1564,cad,2026-12-18,2027-01-02,AA,American Airlines,5667,1
2026-09-11T13:07:33.810192+00:00,YYZ,MAD,Madrid,2027-04,793,cad,2027-04-30,2027-05-08,TP,TAP Air Portugal,262,1
2026-09-11T13:07:33.810192+00:00,YYZ,MAD,Madrid,2027-05,592,cad,2027-05-03,2027-05-09,TP,TAP Air Portugal,258,1
2026-09-11T13:07:33.810192+00:00,YYZ,BCN,Barcelona,2026-09,850,cad,2026-09-23,2026-10-01,TS,Air Transat,531,1
2026-09-11T13:07:33.810192+00:00,YYZ,BCN,Barcelona,2026-10,797,cad,2026-10-13,2026-10-22,DE,Condor,2403,1
2026-09-11T13:07:33.810192+00:00,YYZ,BCN,Barcelona,2026-11,616,cad,2026-11-01,2026-11-09,TP,TAP Air Portugal,262,1
2026-09-11T13:07:33.810192+00:00,YYZ,BCN,Barcelona,2026-12,1136,cad,2026-12-22,2027-01-07,S4,Azores Airlines,322,2
2026-09-11T13:07:33.810192+00:00,YYZ,BCN,Barcelona,2027-01,605,cad,2027-01-12,2027-01-26,TP,TAP Air Portugal,258,1
2026-09-11T13:07:33.810192+00:00,YYZ,BCN,Barcelona,2027-05,885,cad,2027-05-01,2027-05-09,TP,TAP Air Portugal,258,1
2026-09-11T13:07:33.810192+00:00,YYZ,BCN,Barcelona,2027-08,1177,cad,2027-08-04,2027-08-26,TS,Air Transat,431,1
2026-09-11T13:07:33.810192+00:00,YYZ,FRA,Frankfurt,2026-09,932,cad,2026-09-30,2026-10-14,AC,Air Canada,432,1
2026-09-11T13:07:33.810192+00:00,YYZ,FRA,Frankfurt,2026-10,984,cad,2026-10-06,2026-10-15,AC,Air Canada,842,0
2026-09-11T13:07:33.810192+00:00,YYZ,FRA,Frankfurt,2026-11,771,cad,2026-11-11,2026-12-04,FI,Icelandair,602,1
2026-09-11T13:07:33.810192+00:00,YYZ,FRA,Frankfurt,2027-01,964,cad,2027-01-09,2027-01-22,FI,Icelandair,602,1
2026-09-11T13:07:33.810192+00:00,YYZ,MUC,Munich,2026-09,1246,cad,2026-09-15,2026-09-19,AC,Air Canada,9614,1
2026-09-11T13:07:33.810192+00:00,YYZ,MUC,Munich,2026-10,1131,cad,2026-10-07,2026-10-12,AC,Air Canada,894,1
2026-09-11T13:07:33.810192+00:00,YYZ,MUC,Munich,2027-01,1136,cad,2027-01-09,2027-01-22,AA,American Airlines,1746,1
2026-09-11T13:07:33.810192+00:00,YYZ,DUB,Dublin,2026-09,808,cad,2026-09-23,2026-09-30,FI,Icelandair,604,1
2026-09-11T13:07:33.810192+00:00,YYZ,DUB,Dublin,2026-10,719,cad,2026-10-15,2026-10-23,AA,American Airlines,8012,0
2026-09-11T13:07:33.810192+00:00,YYZ,DUB,Dublin,2026-12,673,cad,2026-12-31,2027-01-11,FI,Icelandair,602,1
2026-09-11T13:07:33.810192+00:00,YYZ,DUB,Dublin,2027-01,656,cad,2027-01-26,2027-02-05,EI,Aer Lingus,126,0
2026-09-11T13:07:33.810192+00:00,YYZ,ZRH,Zurich,2026-10,1120,cad,2026-10-09,2026-10-14,DE,Condor,7248,1
2026-09-11T13:07:33.810192+00:00,YYZ,ZRH,Zurich,2026-11,799,cad,2026-11-22,2026-11-26,FI,Icelandair,602,2
2026-09-11T13:07:33.810192+00:00,YYZ,ZRH,Zurich,2027-01,848,cad,2027-01-10,2027-01-17,TP,TAP Air Portugal,262,1
2026-09-11T13:07:33.810192+00:00,YYZ,VIE,Vienna,2026-10,785,cad,2026-10-14,2026-10-27,DE,Condor,2403,1
2026-09-11T13:07:33.810192+00:00,YYZ,VIE,Vienna,2026-11,986,cad,2026-11-03,2026-11-09,DE,Condor,2403,1
2026-09-11T13:07:33.810192+00:00,YYZ,VIE,Vienna,2026-12,1053,cad,2026-12-27,2027-01-15,SK,SAS Scandinavian,950,1
2026-09-11T13:07:33.810192+00:00,YYZ,VIE,Vienna,2027-06,1280,cad,2027-06-28,2027-07-12,DE,Condor,2403,1
2026-09-11T13:07:33.810192+00:00,YYZ,LIS,Lisbon,2026-09,736,cad,2026-09-14,2026-09-24,AC,Air Canada,1500,1
2026-09-11T13:07:33.810192+00:00,YYZ,LIS,Lisbon,2026-10,773,cad,2026-10-21,2026-10-31,AT,Royal Air Maroc,211,1
2026-09-11T13:07:33.810192+00:00,YYZ,LIS,Lisbon,2026-11,594,cad,2026-11-22,2026-12-13,TP,TAP Air Portugal,262,0
2026-09-11T13:07:33.810192+00:00,YYZ,LIS,Lisbon,2026-12,1469,cad,2026-12-18,2027-01-02,EI,Aer Lingus,126,1
2026-09-11T13:07:33.810192+00:00,YYZ,LIS,Lisbon,2027-01,653,cad,2027-01-11,2027-01-19,TP,TAP Air Portugal,262,0
2026-09-11T13:07:33.810192+00:00,YYZ,LIS,Lisbon,2027-02,702,cad,2027-02-02,2027-02-16,AC,Air Canada,810,0
2026-09-11T13:07:33.810192+00:00,YYZ,LIS,Lisbon,2027-05,642,cad,2027-05-18,2027-05-26,TP,TAP Air Portugal,258,0
2026-09-11T13:07:33.810192+00:00,YYZ,ATH,Athens,2026-09,1119,cad,2026-09-14,2026-09-24,AC,Air Canada,9614,1
2026-09-11T13:07:33.810192+00:00,YYZ,ATH,Athens,2026-11,848,cad,2026-11-22,2026-12-06,KL,KLM,696,1
2026-09-11T13:07:33.810192+00:00,YYZ,ATH,Athens,2026-12,1712,cad,2026-12-18,2027-01-05,SK,SAS Scandinavian,950,1
2026-09-11T13:07:33.810192+00:00,YYZ,BER,Berlin,2026-09,996,cad,2026-09-19,2026-10-03,TS,Air Transat,230,1
2026-09-11T13:07:33.810192+00:00,YYZ,BER,Berlin,2026-10,850,cad,2026-10-15,2026-10-31,DE,Condor,2403,1
2026-09-11T13:07:33.810192+00:00,YYZ,BER,Berlin,2026-12,1136,cad,2026-12-15,2026-12-31,AC,Air Canada,840,1
2026-09-11T13:07:33.810192+00:00,YYZ,BER,Berlin,2027-05,913,cad,2027-05-06,2027-05-13,DE,Condor,2403,1
2026-09-11T13:07:33.810192+00:00,YYZ,WAW,Warsaw,2026-09,923,cad,2026-09-30,2026-10-30,SK,SAS Scandinavian,950,1
2026-09-11T13:07:33.810192+00:00,YYZ,WAW,Warsaw,2026-10,908,cad,2026-10-02,2026-10-09,PD,Porter Airlines Canada,7230,1
2026-09-11T13:07:33.810192+00:00,YYZ,WAW,Warsaw,2026-11,756,cad,2026-11-19,2026-12-03,FI,Icelandair,602,2
2026-09-11T13:07:33.810192+00:00,YYZ,WAW,Warsaw,2026-12,1047,cad,2026-12-25,2027-01-09,AA,American Airlines,6921,2
2026-09-11T13:07:33.810192+00:00,YYZ,WAW,Warsaw,2027-01,989,cad,2027-01-01,2027-01-16,SK,SAS Scandinavian,950,1
2026-09-11T13:07:33.810192+00:00,YYZ,WAW,Warsaw,2027-02,1048,cad,2027-02-05,2027-02-20,BA,British Airways,98,1
2026-09-11T13:07:33.810192+00:00,YYZ,WAW,Warsaw,2027-04,886,cad,2027-04-15,2027-04-28,SK,SAS Scandinavian,950,1
2026-09-11T13:07:33.810192+00:00,YYZ,WAW,Warsaw,2027-05,970,cad,2027-05-03,2027-05-22,AA,American Airlines,8962,1
2026-09-11T13:07:33.810192+00:00,YYZ,PRG,Prague,2026-09,1032,cad,2026-09-19,2026-09-23,KL,KLM,696,1
2026-09-11T13:07:33.810192+00:00,YYZ,PRG,Prague,2026-10,719,cad,2026-10-25,2026-11-16,FI,Icelandair,602,1
2026-09-11T13:07:33.810192+00:00,YYZ,PRG,Prague,2026-11,892,cad,2026-11-20,2026-11-23,SK,SAS Scandinavian,950,1
2026-09-11T13:07:33.810192+00:00,YYZ,PRG,Prague,2026-12,924,cad,2026-12-27,2027-01-15,SK,SAS Scandinavian,950,1
2026-09-11T13:07:33.810192+00:00,YYZ,PRG,Prague,2027-01,928,cad,2027-01-27,2027-03-06,AF,Air France,359,1
2026-09-11T13:07:33.810192+00:00,YYZ,PRG,Prague,2027-02,855,cad,2027-02-23,2027-04-03,SK,SAS Scandinavian,950,1
2026-09-11T13:07:33.810192+00:00,YYZ,BUD,Budapest,2026-09,799,cad,2026-09-28,2026-10-06,AC,Air Canada,9690,1
2026-09-11T13:07:33.810192+00:00,YYZ,BUD,Budapest,2026-10,801,cad,2026-10-23,2026-10-30,TS,Air Transat,451,2
2026-09-11T13:07:33.810192+00:00,YYZ,BUD,Budapest,2026-11,821,cad,2026-11-01,2026-11-10,AC,Air Canada,880,1
2026-09-11T13:07:33.810192+00:00,YYZ,BRU,Brussels,2026-09,755,cad,2026-09-26,2026-10-02,PD,Porter Airlines Canada,125,1
2026-09-11T13:07:33.810192+00:00,YYZ,BRU,Brussels,2026-11,903,cad,2026-11-11,2026-12-22,FI,Icelandair,602,1
2026-09-11T13:07:33.810192+00:00,YYZ,BRU,Brussels,2026-12,1084,cad,2026-12-08,2026-12-25,BA,British Airways,92,1
2026-09-11T13:07:33.810192+00:00,YYZ,MXP,Milan,2026-09,982,cad,2026-09-26,2026-10-03,TS,Air Transat,206,1
2026-09-11T13:07:33.810192+00:00,YYZ,MXP,Milan,2026-10,819,cad,2026-10-19,2026-11-29,DE,Condor,2403,1
2026-09-11T13:07:33.810192+00:00,YYZ,MXP,Milan,2026-12,1401,cad,2026-12-20,2027-01-03,S4,Azores Airlines,322,2
2026-09-11T13:07:33.810192+00:00,YYZ,MXP,Milan,2027-01,767,cad,2027-01-10,2027-01-17,TP,TAP Air Portugal,258,1
2026-09-11T13:07:33.810192+00:00,YYZ,OSL,Oslo,2026-10,1014,cad,2026-10-17,2026-10-19,WS,WestJet,46,2
2026-09-11T13:07:33.810192+00:00,YYZ,HEL,Helsinki,2026-09,933,cad,2026-09-27,2026-10-26,FI,Icelandair,604,1
2026-09-11T13:07:33.810192+00:00,YYZ,HEL,Helsinki,2026-11,845,cad,2026-11-17,2026-11-23,FI,Icelandair,602,1
2026-09-11T13:07:33.810192+00:00,YYZ,EDI,Edinburgh,2026-10,829,cad,2026-10-10,2026-10-12,TS,Air Transat,230,1
2026-09-11T13:07:33.810192+00:00,YYZ,EDI,Edinburgh,2026-12,1455,cad,2026-12-29,2026-12-31,AC,Air Canada,3937,2
2026-09-11T13:07:33.810192+00:00,YYZ,KEF,Reykjavik,2026-09,914,cad,2026-09-23,2026-09-30,FI,Icelandair,602,0
2026-09-11T13:07:33.810192+00:00,YYZ,KEF,Reykjavik,2026-11,989,cad,2026-11-09,2026-11-14,FI,Icelandair,602,0
2026-09-11T13:07:33.810192+00:00,YYZ,KEF,Reykjavik,2027-06,850,cad,2027-06-06,2027-06-11,FI,Icelandair,604,0
2026-09-11T13:07:33.810192+00:00,YYZ,DEL,Delhi,2026-09,1393,cad,2026-09-21,2026-10-05,ET,Ethiopian Airlines,553,1
2026-09-11T13:07:33.810192+00:00,YYZ,DEL,Delhi,2026-10,1467,cad,2026-10-01,2026-10-31,AI,Air India,190,1
2026-09-11T13:07:33.810192+00:00,YYZ,DEL,Delhi,2026-11,1455,cad,2026-11-15,2026-12-07,BA,British Airways,98,2
2026-09-11T13:07:33.810192+00:00,YYZ,DEL,Delhi,2026-12,1471,cad,2026-12-02,2026-12-10,AC,Air Canada,762,2
2026-09-11T13:07:33.810192+00:00,YYZ,DEL,Delhi,2027-01,1422,cad,2027-01-30,2027-02-28,BA,British Airways,98,2
2026-09-11T13:07:33.810192+00:00,YYZ,DEL,Delhi,2027-03,1651,cad,2027-03-11,2027-03-26,AA,American Airlines,4623,2
2026-09-11T13:07:33.810192+00:00,YYZ,BOM,Mumbai,2026-09,1214,cad,2026-09-19,2026-10-25,ET,Ethiopian Airlines,553,1
2026-09-11T13:07:33.810192+00:00,YYZ,BOM,Mumbai,2026-10,1229,cad,2026-10-23,2026-10-31,ET,Ethiopian Airlines,553,1
2026-09-11T13:07:33.810192+00:00,YYZ,BOM,Mumbai,2026-11,1400,cad,2026-11-05,2026-12-01,ET,Ethiopian Airlines,553,1
2026-09-11T13:07:33.810192+00:00,YYZ,BOM,Mumbai,2026-12,2381,cad,2026-12-16,2026-12-30,AI,Air India,192,2
2026-09-11T13:07:33.810192+00:00,YYZ,BOM,Mumbai,2027-01,1469,cad,2027-01-07,2027-02-08,LH,Lufthansa,854,2
2026-09-12T13:06:38.942226+00:00,YYZ,LHR,London,2026-09,860,cad,2026-09-30,2026-10-08,AC,Air Canada,854,1
2026-09-12T13:06:38.942226+00:00,YYZ,LHR,London,2026-10,671,cad,2026-10-06,2026-10-13,FI,Icelandair,602,1
2026-09-12T13:06:38.942226+00:00,YYZ,LHR,London,2026-11,795,cad,2026-11-03,2026-11-17,TP,TAP Air Portugal,258,1
2026-09-12T13:06:38.942226+00:00,YYZ,LHR,London,2026-12,1074,cad,2026-12-24,2027-01-10,WS,WestJet,387,2
2026-09-12T13:06:38.942226+00:00,YYZ,LHR,London,2027-01,943,cad,2027-01-10,2027-01-16,AC,Air Canada,2064,1
2026-09-12T13:06:38.942226+00:00,YYZ,LHR,London,2027-04,915,cad,2027-04-30,2027-05-09,LH,Lufthansa,9724,1
2026-09-12T13:06:38.942226+00:00,YYZ,LHR,London,2027-08,1211,cad,2027-08-17,2027-08-24,TP,TAP Air Portugal,258,1
2026-09-12T13:06:38.942226+00:00,YYZ,CDG,Paris,2026-09,733,cad,2026-09-27,2026-10-26,TS,Air Transat,771,1
2026-09-12T13:06:38.942226+00:00,YYZ,CDG,Paris,2026-10,635,cad,2026-10-18,2026-10-24,TS,Air Transat,771,1
2026-09-12T13:06:38.942226+00:00,YYZ,CDG,Paris,2026-11,702,cad,2026-11-05,2026-11-11,TS,Air Transat,7250,1
2026-09-12T13:06:38.942226+00:00,YYZ,CDG,Paris,2026-12,918,cad,2026-12-14,2026-12-20,AC,Air Canada,3910,1
2026-09-12T13:06:38.942226+00:00,YYZ,CDG,Paris,2027-01,570,cad,2027-01-11,2027-01-22,FI,Icelandair,602,1
2026-09-12T13:06:38.942226+00:00,YYZ,CDG,Paris,2027-03,679,cad,2027-03-03,2027-03-08,TS,Air Transat,7250,1
2026-09-12T13:06:38.942226+00:00,YYZ,FCO,Rome,2026-09,831,cad,2026-09-30,2026-10-16,FI,Icelandair,604,1
2026-09-12T13:06:38.942226+00:00,YYZ,FCO,Rome,2026-10,706,cad,2026-10-12,2026-10-21,FI,Icelandair,604,1
2026-09-12T13:06:38.942226+00:00,YYZ,FCO,Rome,2026-11,739,cad,2026-11-05,2026-12-03,TP,TAP Air Portugal,258,1
2026-09-12T13:06:38.942226+00:00,YYZ,FCO,Rome,2026-12,1215,cad,2026-12-21,2027-01-05,AF,Air France,359,1
2026-09-12T13:06:38.942226+00:00,YYZ,FCO,Rome,2027-01,741,cad,2027-01-20,2027-01-23,TP,TAP Air Portugal,262,1
2026-09-12T13:06:38.942226+00:00,YYZ,FCO,Rome,2027-03,819,cad,2027-03-25,2027-04-03,KL,KLM,696,1
2026-09-12T13:06:38.942226+00:00,YYZ,FCO,Rome,2027-05,748,cad,2027-05-02,2027-05-09,TP,TAP Air Portugal,258,1
2026-09-12T13:06:38.942226+00:00,YYZ,AMS,Amsterdam,2026-09,691,cad,2026-09-26,2026-10-04,AC,Air Canada,432,1
2026-09-12T13:06:38.942226+00:00,YYZ,AMS,Amsterdam,2026-10,695,cad,2026-10-26,2026-11-09,TP,TAP Air Portugal,262,1
2026-09-12T13:06:38.942226+00:00,YYZ,AMS,Amsterdam,2026-11,586,cad,2026-11-28,2026-12-02,FI,Icelandair,602,1
2026-09-12T13:06:38.942226+00:00,YYZ,AMS,Amsterdam,2026-12,771,cad,2026-12-08,2026-12-25,KL,KLM,692,0
2026-09-12T13:06:38.942226+00:00,YYZ,AMS,Amsterdam,2027-02,818,cad,2027-02-25,2027-03-01,AC,Air Canada,808,0
2026-09-12T13:06:38.942226+00:00,YYZ,AMS,Amsterdam,2027-04,766,cad,2027-04-14,2027-04-18,TP,TAP Air Portugal,262,1
2026-09-12T13:06:38.942226+00:00,YYZ,MAD,Madrid,2026-09,971,cad,2026-09-23,2026-10-01,AA,American Airlines,8851,1
2026-09-12T13:06:38.942226+00:00,YYZ,MAD,Madrid,2026-10,1036,cad,2026-10-02,2026-10-11,AA,American Airlines,4347,1
2026-09-12T13:06:38.942226+00:00,YYZ,MAD,Madrid,2026-11,1082,cad,2026-11-19,2026-11-20,TS,Air Transat,480,1
2026-09-12T13:06:38.942226+00:00,YYZ,MAD,Madrid,2026-12,1564,cad,2026-12-18,2027-01-02,AA,American Airlines,5667,1
2026-09-12T13:06:38.942226+00:00,YYZ,MAD,Madrid,2027-04,793,cad,2027-04-30,2027-05-08,TP,TAP Air Portugal,262,1
2026-09-12T13:06:38.942226+00:00,YYZ,MAD,Madrid,2027-05,590,cad,2027-05-03,2027-05-09,TP,TAP Air Portugal,258,1
2026-09-12T13:06:38.942226+00:00,YYZ,BCN,Barcelona,2026-09,850,cad,2026-09-23,2026-10-01,TS,Air Transat,531,1
2026-09-12T13:06:38.942226+00:00,YYZ,BCN,Barcelona,2026-10,797,cad,2026-10-13,2026-10-22,DE,Condor,2403,1
2026-09-12T13:06:38.942226+00:00,YYZ,BCN,Barcelona,2026-11,616,cad,2026-11-01,2026-11-09,TP,TAP Air Portugal,262,1
2026-09-12T13:06:38.942226+00:00,YYZ,BCN,Barcelona,2026-12,1136,cad,2026-12-22,2027-01-07,S4,Azores Airlines,322,2
2026-09-12T13:06:38.942226+00:00,YYZ,BCN,Barcelona,2027-01,605,cad,2027-01-12,2027-01-26,TP,TAP Air Portugal,258,1
2026-09-12T13:06:38.942226+00:00,YYZ,BCN,Barcelona,2027-05,885,cad,2027-05-01,2027-05-09,TP,TAP Air Portugal,258,1
2026-09-12T13:06:38.942226+00:00,YYZ,BCN,Barcelona,2027-08,1177,cad,2027-08-04,2027-08-26,TS,Air Transat,431,1
2026-09-12T13:06:38.942226+00:00,YYZ,FRA,Frankfurt,2026-09,932,cad,2026-09-30,2026-10-14,AC,Air Canada,432,1
2026-09-12T13:06:38.942226+00:00,YYZ,FRA,Frankfurt,2026-10,984,cad,2026-10-06,2026-10-15,AC,Air Canada,842,0
2026-09-12T13:06:38.942226+00:00,YYZ,FRA,Frankfurt,2026-11,771,cad,2026-11-11,2026-12-04,FI,Icelandair,602,1
2026-09-12T13:06:38.942226+00:00,YYZ,FRA,Frankfurt,2027-01,964,cad,2027-01-09,2027-01-22,FI,Icelandair,602,1
2026-09-12T13:06:38.942226+00:00,YYZ,MUC,Munich,2026-09,1246,cad,2026-09-15,2026-09-19,AC,Air Canada,9614,1
2026-09-12T13:06:38.942226+00:00,YYZ,MUC,Munich,2026-10,1131,cad,2026-10-07,2026-10-12,AC,Air Canada,894,1
2026-09-12T13:06:38.942226+00:00,YYZ,MUC,Munich,2027-01,1136,cad,2027-01-09,2027-01-22,AA,American Airlines,1746,1
2026-09-12T13:06:38.942226+00:00,YYZ,DUB,Dublin,2026-09,809,cad,2026-09-23,2026-09-30,FI,Icelandair,604,1
2026-09-12T13:06:38.942226+00:00,YYZ,DUB,Dublin,2026-10,719,cad,2026-10-15,2026-10-23,AA,American Airlines,8012,0
2026-09-12T13:06:38.942226+00:00,YYZ,DUB,Dublin,2026-12,673,cad,2026-12-31,2027-01-11,FI,Icelandair,602,1
2026-09-12T13:06:38.942226+00:00,YYZ,DUB,Dublin,2027-01,660,cad,2027-01-26,2027-02-05,EI,Aer Lingus,126,0
2026-09-12T13:06:38.942226+00:00,YYZ,ZRH,Zurich,2026-10,1120,cad,2026-10-09,2026-10-14,DE,Condor,7248,1
2026-09-12T13:06:38.942226+00:00,YYZ,ZRH,Zurich,2026-11,799,cad,2026-11-22,2026-11-26,FI,Icelandair,602,2
2026-09-12T13:06:38.942226+00:00,YYZ,ZRH,Zurich,2027-01,848,cad,2027-01-10,2027-01-17,TP,TAP Air Portugal,262,1
2026-09-12T13:06:38.942226+00:00,YYZ,VIE,Vienna,2026-10,786,cad,2026-10-14,2026-10-27,DE,Condor,2403,1
2026-09-12T13:06:38.942226+00:00,YYZ,VIE,Vienna,2026-11,986,cad,2026-11-03,2026-11-09,DE,Condor,2403,1
2026-09-12T13:06:38.942226+00:00,YYZ,VIE,Vienna,2026-12,1293,cad,2026-12-23,2026-12-30,BA,British Airways,6921,1
2026-09-12T13:06:38.942226+00:00,YYZ,LIS,Lisbon,2026-09,774,cad,2026-09-14,2026-09-24,AC,Air Canada,422,2
2026-09-12T13:06:38.942226+00:00,YYZ,LIS,Lisbon,2026-10,815,cad,2026-10-07,2026-10-14,AA,American Airlines,8851,1
2026-09-12T13:06:38.942226+00:00,YYZ,LIS,Lisbon,2026-11,452,cad,2026-11-23,2026-12-13,FI,Icelandair,602,1
2026-09-12T13:06:38.942226+00:00,YYZ,LIS,Lisbon,2026-12,1469,cad,2026-12-18,2027-01-02,EI,Aer Lingus,126,1
2026-09-12T13:06:38.942226+00:00,YYZ,LIS,Lisbon,2027-01,653,cad,2027-01-11,2027-01-19,TP,TAP Air Portugal,262,0
2026-09-12T13:06:38.942226+00:00,YYZ,LIS,Lisbon,2027-02,702,cad,2027-02-02,2027-02-16,AC,Air Canada,810,0
2026-09-12T13:06:38.942226+00:00,YYZ,LIS,Lisbon,2027-05,642,cad,2027-05-18,2027-05-26,TP,TAP Air Portugal,258,0
2026-09-12T13:06:38.942226+00:00,YYZ,ATH,Athens,2026-09,1114,cad,2026-09-14,2026-09-24,AC,Air Canada,9614,1
2026-09-12T13:06:38.942226+00:00,YYZ,ATH,Athens,2026-11,848,cad,2026-11-22,2026-12-06,KL,KLM,696,1
2026-09-12T13:06:38.942226+00:00,YYZ,ATH,Athens,2026-12,1712,cad,2026-12-18,2027-01-05,SK,SAS Scandinavian,950,1
2026-09-12T13:06:38.942226+00:00,YYZ,BER,Berlin,2026-09,996,cad,2026-09-19,2026-10-03,TS,Air Transat,230,1
2026-09-12T13:06:38.942226+00:00,YYZ,BER,Berlin,2026-10,938,cad,2026-10-15,2026-10-31,DE,Condor,2403,1
2026-09-12T13:06:38.942226+00:00,YYZ,BER,Berlin,2026-12,1136,cad,2026-12-15,2026-12-31,AC,Air Canada,840,1
2026-09-12T13:06:38.942226+00:00,YYZ,BER,Berlin,2027-05,913,cad,2027-05-06,2027-05-13,DE,Condor,2403,1
2026-09-12T13:06:38.942226+00:00,YYZ,WAW,Warsaw,2026-09,923,cad,2026-09-30,2026-10-30,SK,SAS Scandinavian,950,1
2026-09-12T13:06:38.942226+00:00,YYZ,WAW,Warsaw,2026-10,904,cad,2026-10-24,2026-11-08,FI,Icelandair,604,2
2026-09-12T13:06:38.942226+00:00,YYZ,WAW,Warsaw,2026-11,756,cad,2026-11-19,2026-12-03,FI,Icelandair,602,2
2026-09-12T13:06:38.942226+00:00,YYZ,WAW,Warsaw,2026-12,1074,cad,2026-12-27,2027-01-10,AA,American Airlines,98,1
2026-09-12T13:06:38.942226+00:00,YYZ,WAW,Warsaw,2027-02,1048,cad,2027-02-05,2027-02-20,BA,British Airways,98,1
2026-09-12T13:06:38.942226+00:00,YYZ,WAW,Warsaw,2027-04,923,cad,2027-04-15,2027-04-28,SK,SAS Scandinavian,950,1
2026-09-12T13:06:38.942226+00:00,YYZ,WAW,Warsaw,2027-05,973,cad,2027-05-03,2027-05-22,AA,American Airlines,8962,1
2026-09-12T13:06:38.942226+00:00,YYZ,PRG,Prague,2026-09,911,cad,2026-09-21,2026-09-30,KL,KLM,696,1
2026-09-12T13:06:38.942226+00:00,YYZ,PRG,Prague,2026-10,719,cad,2026-10-25,2026-11-16,FI,Icelandair,602,1
2026-09-12T13:06:38.942226+00:00,YYZ,PRG,Prague,2026-11,892,cad,2026-11-20,2026-11-23,SK,SAS Scandinavian,950,1
2026-09-12T13:06:38.942226+00:00,YYZ,PRG,Prague,2026-12,1296,cad,2026-12-30,2027-01-03,FI,Icelandair,604,2
2026-09-12T13:06:38.942226+00:00,YYZ,PRG,Prague,2027-01,928,cad,2027-01-27,2027-03-06,AF,Air France,359,1
2026-09-12T13:06:38.942226+00:00,YYZ,PRG,Prague,2027-02,798,cad,2027-02-23,2027-04-03,SK,SAS Scandinavian,950,1
2026-09-12T13:06:38.942226+00:00,YYZ,BUD,Budapest,2026-09,799,cad,2026-09-28,2026-10-06,AC,Air Canada,9690,1
2026-09-12T13:06:38.942226+00:00,YYZ,BUD,Budapest,2026-10,773,cad,2026-10-09,2026-10-13,AC,Air Canada,842,1
2026-09-12T13:06:38.942226+00:00,YYZ,BUD,Budapest,2026-11,821,cad,2026-11-01,2026-11-10,AC,Air Canada,880,1
2026-09-12T13:06:38.942226+00:00,YYZ,BRU,Brussels,2026-09,755,cad,2026-09-26,2026-10-02,PD,Porter Airlines Canada,125,1
2026-09-12T13:06:38.942226+00:00,YYZ,BRU,Brussels,2026-11,903,cad,2026-11-11,2026-12-22,FI,Icelandair,602,1
2026-09-12T13:06:38.942226+00:00,YYZ,BRU,Brussels,2026-12,1084,cad,2026-12-08,2026-12-25,BA,British Airways,92,1
2026-09-12T13:06:38.942226+00:00,YYZ,MXP,Milan,2026-09,982,cad,2026-09-26,2026-10-03,TS,Air Transat,206,1
2026-09-12T13:06:38.942226+00:00,YYZ,MXP,Milan,2026-10,819,cad,2026-10-19,2026-11-29,DE,Condor,2403,1
2026-09-12T13:06:38.942226+00:00,YYZ,MXP,Milan,2026-12,1401,cad,2026-12-20,2027-01-03,S4,Azores Airlines,322,2
2026-09-12T13:06:38.942226+00:00,YYZ,MXP,Milan,2027-01,767,cad,2027-01-10,2027-01-17,TP,TAP Air Portugal,258,1
2026-09-12T13:06:38.942226+00:00,YYZ,HEL,Helsinki,2026-09,933,cad,2026-09-27,2026-10-26,FI,Icelandair,604,1
2026-09-12T13:06:38.942226+00:00,YYZ,HEL,Helsinki,2026-11,845,cad,2026-11-17,2026-11-23,FI,Icelandair,602,1
2026-09-12T13:06:38.942226+00:00,YYZ,EDI,Edinburgh,2026-09,951,cad,2026-09-17,2026-10-01,AC,Air Canada,5137,1
2026-09-12T13:06:38.942226+00:00,YYZ,KEF,Reykjavik,2026-09,914,cad,2026-09-23,2026-09-30,FI,Icelandair,602,0
2026-09-12T13:06:38.942226+00:00,YYZ,KEF,Reykjavik,2026-11,989,cad,2026-11-09,2026-11-14,FI,Icelandair,602,0
2026-09-12T13:06:38.942226+00:00,YYZ,KEF,Reykjavik,2027-06,850,cad,2027-06-06,2027-06-11,FI,Icelandair,604,0
2026-09-12T13:06:38.942226+00:00,YYZ,DEL,Delhi,2026-09,1393,cad,2026-09-21,2026-10-05,ET,Ethiopian Airlines,553,1
2026-09-12T13:06:38.942226+00:00,YYZ,DEL,Delhi,2026-10,1467,cad,2026-10-01,2026-10-31,AI,Air India,190,1
2026-09-12T13:06:38.942226+00:00,YYZ,DEL,Delhi,2026-11,1426,cad,2026-11-03,2026-11-24,AA,American Airlines,4438,2
2026-09-12T13:06:38.942226+00:00,YYZ,DEL,Delhi,2026-12,1633,cad,2026-12-04,2027-01-31,LH,Lufthansa,471,2
2026-09-12T13:06:38.942226+00:00,YYZ,DEL,Delhi,2027-01,1422,cad,2027-01-30,2027-02-28,BA,British Airways,98,2
2026-09-12T13:06:38.942226+00:00,YYZ,DEL,Delhi,2027-03,1651,cad,2027-03-11,2027-03-26,AA,American Airlines,4623,2
2026-09-12T13:06:38.942226+00:00,YYZ,BOM,Mumbai,2026-10,1229,cad,2026-10-23,2026-10-31,ET,Ethiopian Airlines,553,1
2026-09-12T13:06:38.942226+00:00,YYZ,BOM,Mumbai,2026-11,1400,cad,2026-11-05,2026-12-01,ET,Ethiopian Airlines,553,1
2026-09-12T13:06:38.942226+00:00,YYZ,BOM,Mumbai,2027-01,1469,cad,2027-01-07,2027-02-08,LH,Lufthansa,854,2
2026-09-13T13:06:52.083760+00:00,YYZ,LHR,London,2026-09,860,cad,2026-09-30,2026-10-08,AC,Air Canada,854,1
2026-09-13T13:06:52.083760+00:00,YYZ,LHR,London,2026-10,671,cad,2026-10-06,2026-10-13,FI,Icelandair,602,1
2026-09-13T13:06:52.083760+00:00,YYZ,LHR,London,2026-11,795,cad,2026-11-03,2026-11-17,TP,TAP Air Portugal,258,1
2026-09-13T13:06:52.083760+00:00,YYZ,LHR,London,2026-12,1074,cad,2026-12-24,2027-01-10,WS,WestJet,387,2
2026-09-13T13:06:52.083760+00:00,YYZ,LHR,London,2027-01,943,cad,2027-01-10,2027-01-16,AC,Air Canada,2064,1
2026-09-13T13:06:52.083760+00:00,YYZ,LHR,London,2027-04,915,cad,2027-04-30,2027-05-09,LH,Lufthansa,9724,1
2026-09-13T13:06:52.083760+00:00,YYZ,CDG,Paris,2026-09,733,cad,2026-09-27,2026-10-26,TS,Air Transat,771,1
2026-09-13T13:06:52.083760+00:00,YYZ,CDG,Paris,2026-10,635,cad,2026-10-18,2026-10-24,TS,Air Transat,771,1
2026-09-13T13:06:52.083760+00:00,YYZ,CDG,Paris,2026-11,702,cad,2026-11-05,2026-11-11,TS,Air Transat,7250,1
2026-09-13T13:06:52.083760+00:00,YYZ,CDG,Paris,2026-12,918,cad,2026-12-14,2026-12-20,AC,Air Canada,3910,1
2026-09-13T13:06:52.083760+00:00,YYZ,CDG,Paris,2027-01,570,cad,2027-01-11,2027-01-22,FI,Icelandair,602,1
2026-09-13T13:06:52.083760+00:00,YYZ,CDG,Paris,2027-03,679,cad,2027-03-03,2027-03-08,TS,Air Transat,7250,1
2026-09-13T13:06:52.083760+00:00,YYZ,FCO,Rome,2026-09,886,cad,2026-09-26,2026-10-02,FI,Icelandair,602,1
2026-09-13T13:06:52.083760+00:00,YYZ,FCO,Rome,2026-10,706,cad,2026-10-12,2026-10-21,FI,Icelandair,604,1
2026-09-13T13:06:52.083760+00:00,YYZ,FCO,Rome,2026-11,757,cad,2026-11-14,2026-11-20,AF,Air France,357,1
2026-09-13T13:06:52.083760+00:00,YYZ,FCO,Rome,2026-12,1215,cad,2026-12-21,2027-01-05,AF,Air France,359,1
2026-09-13T13:06:52.083760+00:00,YYZ,FCO,Rome,2027-01,741,cad,2027-01-20,2027-01-23,TP,TAP Air Portugal,262,1
2026-09-13T13:06:52.083760+00:00,YYZ,FCO,Rome,2027-03,819,cad,2027-03-25,2027-04-03,KL,KLM,696,1
2026-09-13T13:06:52.083760+00:00,YYZ,AMS,Amsterdam,2026-09,691,cad,2026-09-26,2026-10-04,AC,Air Canada,432,1
2026-09-13T13:06:52.083760+00:00,YYZ,AMS,Amsterdam,2026-10,695,cad,2026-10-26,2026-11-09,TP,TAP Air Portugal,262,1
2026-09-13T13:06:52.083760+00:00,YYZ,AMS,Amsterdam,2026-11,586,cad,2026-11-28,2026-12-02,FI,Icelandair,602,1
2026-09-13T13:06:52.083760+00:00,YYZ,AMS,Amsterdam,2026-12,771,cad,2026-12-08,2026-12-25,KL,KLM,692,0
2026-09-13T13:06:52.083760+00:00,YYZ,AMS,Amsterdam,2027-04,766,cad,2027-04-14,2027-04-18,TP,TAP Air Portugal,262,1
2026-09-13T13:06:52.083760+00:00,YYZ,MAD,Madrid,2026-09,971,cad,2026-09-23,2026-10-01,AA,American Airlines,8851,1
2026-09-13T13:06:52.083760+00:00,YYZ,MAD,Madrid,2026-10,1036,cad,2026-10-02,2026-10-11,AA,American Airlines,4347,1
2026-09-13T13:06:52.083760+00:00,YYZ,MAD,Madrid,2026-11,1082,cad,2026-11-19,2026-11-20,TS,Air Transat,480,1
2026-09-13T13:06:52.083760+00:00,YYZ,MAD,Madrid,2026-12,1564,cad,2026-12-18,2027-01-02,AA,American Airlines,5667,1
2026-09-13T13:06:52.083760+00:00,YYZ,MAD,Madrid,2027-05,608,cad,2027-05-03,2027-05-09,TP,TAP Air Portugal,258,1
2026-09-13T13:06:52.083760+00:00,YYZ,BCN,Barcelona,2026-09,850,cad,2026-09-23,2026-10-01,TS,Air Transat,531,1
2026-09-13T13:06:52.083760+00:00,YYZ,BCN,Barcelona,2026-10,797,cad,2026-10-13,2026-10-22,DE,Condor,2403,1
2026-09-13T13:06:52.083760+00:00,YYZ,BCN,Barcelona,2026-11,616,cad,2026-11-01,2026-11-09,TP,TAP Air Portugal,262,1
2026-09-13T13:06:52.083760+00:00,YYZ,BCN,Barcelona,2026-12,1136,cad,2026-12-22,2027-01-07,S4,Azores Airlines,322,2
2026-09-13T13:06:52.083760+00:00,YYZ,BCN,Barcelona,2027-01,605,cad,2027-01-12,2027-01-26,TP,TAP Air Portugal,258,1
2026-09-13T13:06:52.083760+00:00,YYZ,FRA,Frankfurt,2026-09,932,cad,2026-09-30,2026-10-14,AC,Air Canada,432,1
2026-09-13T13:06:52.083760+00:00,YYZ,FRA,Frankfurt,2026-10,899,cad,2026-10-18,2026-11-01,AC,Air Canada,2056,1
2026-09-13T13:06:52.083760+00:00,YYZ,FRA,Frankfurt,2026-11,771,cad,2026-11-11,2026-12-04,FI,Icelandair,602,1
2026-09-13T13:06:52.083760+00:00,YYZ,FRA,Frankfurt,2027-01,964,cad,2027-01-09,2027-01-22,FI,Icelandair,602,1
2026-09-13T13:06:52.083760+00:00,YYZ,MUC,Munich,2026-09,1246,cad,2026-09-15,2026-09-19,AC,Air Canada,9614,1
2026-09-13T13:06:52.083760+00:00,YYZ,MUC,Munich,2026-10,1131,cad,2026-10-07,2026-10-12,AC,Air Canada,894,1
2026-09-13T13:06:52.083760+00:00,YYZ,MUC,Munich,2027-01,1142,cad,2027-01-09,2027-01-22,BA,British Airways,92,1
2026-09-13T13:06:52.083760+00:00,YYZ,DUB,Dublin,2026-09,809,cad,2026-09-23,2026-09-30,FI,Icelandair,604,1
2026-09-13T13:06:52.083760+00:00,YYZ,DUB,Dublin,2026-10,719,cad,2026-10-15,2026-10-23,AA,American Airlines,8012,0
2026-09-13T13:06:52.083760+00:00,YYZ,DUB,Dublin,2026-12,673,cad,2026-12-31,2027-01-11,FI,Icelandair,602,1
2026-09-13T13:06:52.083760+00:00,YYZ,DUB,Dublin,2027-01,659,cad,2027-01-26,2027-02-05,EI,Aer Lingus,126,0
2026-09-13T13:06:52.083760+00:00,YYZ,ZRH,Zurich,2026-10,1120,cad,2026-10-09,2026-10-14,DE,Condor,7248,1
2026-09-13T13:06:52.083760+00:00,YYZ,ZRH,Zurich,2026-11,799,cad,2026-11-22,2026-11-26,FI,Icelandair,602,2
2026-09-13T13:06:52.083760+00:00,YYZ,ZRH,Zurich,2027-01,848,cad,2027-01-10,2027-01-17,TP,TAP Air Portugal,262,1
2026-09-13T13:06:52.083760+00:00,YYZ,VIE,Vienna,2026-10,786,cad,2026-10-14,2026-10-27,DE,Condor,2403,1
2026-09-13T13:06:52.083760+00:00,YYZ,VIE,Vienna,2026-11,986,cad,2026-11-03,2026-11-09,DE,Condor,2403,1
2026-09-13T13:06:52.083760+00:00,YYZ,VIE,Vienna,2026-12,1286,cad,2026-12-21,2026-12-29,BA,British Airways,6921,1
2026-09-13T13:06:52.083760+00:00,YYZ,LIS,Lisbon,2026-09,774,cad,2026-09-14,2026-09-24,AC,Air Canada,422,2
2026-09-13T13:06:52.083760+00:00,YYZ,LIS,Lisbon,2026-10,830,cad,2026-10-08,2026-10-12,TS,Air Transat,7805,1
2026-09-13T13:06:52.083760+00:00,YYZ,LIS,Lisbon,2026-11,452,cad,2026-11-23,2026-12-13,FI,Icelandair,602,1
2026-09-13T13:06:52.083760+00:00,YYZ,LIS,Lisbon,2026-12,1101,cad,2026-12-19,2027-01-11,PD,Porter Airlines Canada,7250,1
2026-09-13T13:06:52.083760+00:00,YYZ,LIS,Lisbon,2027-01,807,cad,2027-01-06,2027-01-11,TP,TAP Air Portugal,262,0
2026-09-13T13:06:52.083760+00:00,YYZ,LIS,Lisbon,2027-02,702,cad,2027-02-02,2027-02-16,AC,Air Canada,810,0
2026-09-13T13:06:52.083760+00:00,YYZ,LIS,Lisbon,2027-05,642,cad,2027-05-18,2027-05-26,TP,TAP Air Portugal,258,0
2026-09-13T13:06:52.083760+00:00,YYZ,ATH,Athens,2026-09,1120,cad,2026-09-14,2026-09-24,TS,Air Transat,711,2
2026-09-13T13:06:52.083760+00:00,YYZ,ATH,Athens,2026-11,848,cad,2026-11-22,2026-12-06,KL,KLM,696,1
2026-09-13T13:06:52.083760+00:00,YYZ,ATH,Athens,2026-12,1712,cad,2026-12-18,2027-01-05,SK,SAS Scandinavian,950,1
2026-09-13T13:06:52.083760+00:00,YYZ,BER,Berlin,2026-09,1115,cad,2026-09-19,2026-10-03,TS,Air Transat,230,1
2026-09-13T13:06:52.083760+00:00,YYZ,BER,Berlin,2026-10,938,cad,2026-10-15,2026-10-31,DE,Condor,2403,1
2026-09-13T13:06:52.083760+00:00,YYZ,BER,Berlin,2026-11,816,cad,2026-11-14,2026-11-28,FI,Icelandair,602,1
2026-09-13T13:06:52.083760+00:00,YYZ,BER,Berlin,2026-12,860,cad,2026-12-05,2026-12-12,AC,Air Canada,412,2
2026-09-13T13:06:52.083760+00:00,YYZ,BER,Berlin,2027-05,913,cad,2027-05-06,2027-05-13,DE,Condor,2403,1
2026-09-13T13:06:52.083760+00:00,YYZ,WAW,Warsaw,2026-09,957,cad,2026-09-29,2026-10-06,TS,Air Transat,230,1
2026-09-13T13:06:52.083760+00:00,YYZ,WAW,Warsaw,2026-10,902,cad,2026-10-24,2026-11-08,FI,Icelandair,604,2
2026-09-13T13:06:52.083760+00:00,YYZ,WAW,Warsaw,2026-11,756,cad,2026-11-19,2026-12-03,FI,Icelandair,602,2
2026-09-13T13:06:52.083760+00:00,YYZ,WAW,Warsaw,2026-12,1074,cad,2026-12-27,2027-01-10,AA,American Airlines,98,1
2026-09-13T13:06:52.083760+00:00,YYZ,WAW,Warsaw,2027-02,1048,cad,2027-02-05,2027-02-20,BA,British Airways,98,1
2026-09-13T13:06:52.083760+00:00,YYZ,WAW,Warsaw,2027-04,922,cad,2027-04-15,2027-04-28,SK,SAS Scandinavian,950,1
2026-09-13T13:06:52.083760+00:00,YYZ,WAW,Warsaw,2027-05,972,cad,2027-05-03,2027-05-22,AA,American Airlines,8962,1
2026-09-13T13:06:52.083760+00:00,YYZ,PRG,Prague,2026-09,911,cad,2026-09-21,2026-09-30,KL,KLM,696,1
2026-09-13T13:06:52.083760+00:00,YYZ,PRG,Prague,2026-10,719,cad,2026-10-25,2026-11-16,FI,Icelandair,602,1
2026-09-13T13:06:52.083760+00:00,YYZ,PRG,Prague,2026-11,894,cad,2026-11-20,2026-11-23,TS,Air Transat,122,1
2026-09-13T13:06:52.083760+00:00,YYZ,PRG,Prague,2026-12,1296,cad,2026-12-30,2027-01-03,FI,Icelandair,604,2
2026-09-13T13:06:52.083760+00:00,YYZ,PRG,Prague,2027-01,937,cad,2027-01-27,2027-03-06,AF,Air France,359,1
2026-09-13T13:06:52.083760+00:00,YYZ,PRG,Prague,2027-02,797,cad,2027-02-23,2027-04-03,SK,SAS Scandinavian,950,1
2026-09-13T13:06:52.083760+00:00,YYZ,BUD,Budapest,2026-10,773,cad,2026-10-09,2026-10-13,AC,Air Canada,842,1
2026-09-13T13:06:52.083760+00:00,YYZ,BUD,Budapest,2026-11,821,cad,2026-11-01,2026-11-10,AC,Air Canada,880,1
2026-09-13T13:06:52.083760+00:00,YYZ,BRU,Brussels,2026-09,755,cad,2026-09-26,2026-10-02,PD,Porter Airlines Canada,125,1
2026-09-13T13:06:52.083760+00:00,YYZ,BRU,Brussels,2026-11,903,cad,2026-11-11,2026-12-22,FI,Icelandair,602,1
2026-09-13T13:06:52.083760+00:00,YYZ,BRU,Brussels,2026-12,1084,cad,2026-12-08,2026-12-25,BA,British Airways,92,1
2026-09-13T13:06:52.083760+00:00,YYZ,MXP,Milan,2026-09,982,cad,2026-09-26,2026-10-03,TS,Air Transat,206,1
2026-09-13T13:06:52.083760+00:00,YYZ,MXP,Milan,2026-10,819,cad,2026-10-19,2026-11-29,DE,Condor,2403,1
2026-09-13T13:06:52.083760+00:00,YYZ,MXP,Milan,2026-12,1401,cad,2026-12-20,2027-01-03,S4,Azores Airlines,322,2
2026-09-13T13:06:52.083760+00:00,YYZ,MXP,Milan,2027-01,767,cad,2027-01-10,2027-01-17,TP,TAP Air Portugal,258,1
2026-09-13T13:06:52.083760+00:00,YYZ,OSL,Oslo,2026-10,927,cad,2026-10-15,2026-10-22,AF,Air France,359,1
2026-09-13T13:06:52.083760+00:00,YYZ,HEL,Helsinki,2026-09,933,cad,2026-09-27,2026-10-26,FI,Icelandair,604,1
2026-09-13T13:06:52.083760+00:00,YYZ,HEL,Helsinki,2026-11,845,cad,2026-11-17,2026-11-23,FI,Icelandair,602,1
2026-09-13T13:06:52.083760+00:00,YYZ,EDI,Edinburgh,2026-09,951,cad,2026-09-17,2026-10-01,AC,Air Canada,5137,1
2026-09-13T13:06:52.083760+00:00,YYZ,KEF,Reykjavik,2026-09,914,cad,2026-09-23,2026-09-30,FI,Icelandair,602,0
2026-09-13T13:06:52.083760+00:00,YYZ,KEF,Reykjavik,2026-10,1204,cad,2026-10-09,2026-10-12,LH,Lufthansa,6779,1
2026-09-13T13:06:52.083760+00:00,YYZ,KEF,Reykjavik,2026-11,989,cad,2026-11-09,2026-11-14,FI,Icelandair,602,0
2026-09-13T13:06:52.083760+00:00,YYZ,KEF,Reykjavik,2027-01,617,cad,2027-01-22,2027-01-25,FI,Icelandair,602,0
2026-09-13T13:06:52.083760+00:00,YYZ,KEF,Reykjavik,2027-06,850,cad,2027-06-06,2027-06-11,FI,Icelandair,604,0
2026-09-13T13:06:52.083760+00:00,YYZ,DEL,Delhi,2026-09,1070,cad,2026-09-19,2026-09-29,ET,Ethiopian Airlines,553,1
2026-09-13T13:06:52.083760+00:00,YYZ,DEL,Delhi,2026-10,1600,cad,2026-10-10,2026-10-12,TS,Air Transat,230,2
2026-09-13T13:06:52.083760+00:00,YYZ,DEL,Delhi,2026-11,1426,cad,2026-11-03,2026-11-24,AA,American Airlines,4438,2
2026-09-13T13:06:52.083760+00:00,YYZ,DEL,Delhi,2026-12,1778,cad,2026-12-05,2026-12-21,FI,Icelandair,602,3
2026-09-13T13:06:52.083760+00:00,YYZ,DEL,Delhi,2027-01,1422,cad,2027-01-30,2027-02-28,BA,British Airways,98,2
2026-09-13T13:06:52.083760+00:00,YYZ,DEL,Delhi,2027-03,1651,cad,2027-03-11,2027-03-26,AA,American Airlines,4623,2
2026-09-13T13:06:52.083760+00:00,YYZ,BOM,Mumbai,2026-10,1229,cad,2026-10-23,2026-10-31,ET,Ethiopian Airlines,553,1
2026-09-13T13:06:52.083760+00:00,YYZ,BOM,Mumbai,2026-11,1412,cad,2026-11-05,2026-12-01,ET,Ethiopian Airlines,553,1
2026-09-13T13:06:52.083760+00:00,YYZ,BOM,Mumbai,2027-01,1469,cad,2027-01-07,2027-02-08,LH,Lufthansa,854,2
2026-09-14T13:10:07.915044+00:00,YYZ,LHR,London,2026-09,860,cad,2026-09-30,2026-10-08,AC,Air Canada,854,1
2026-09-14T13:10:07.915044+00:00,YYZ,LHR,London,2026-10,671,cad,2026-10-06,2026-10-13,FI,Icelandair,602,1
2026-09-14T13:10:07.915044+00:00,YYZ,LHR,London,2026-11,795,cad,2026-11-03,2026-11-17,TP,TAP Air Portugal,258,1
2026-09-14T13:10:07.915044+00:00,YYZ,LHR,London,2026-12,1074,cad,2026-12-24,2027-01-10,WS,WestJet,387,2
2026-09-14T13:10:07.915044+00:00,YYZ,LHR,London,2027-01,943,cad,2027-01-10,2027-01-16,AC,Air Canada,2064,1
2026-09-14T13:10:07.915044+00:00,YYZ,LHR,London,2027-04,915,cad,2027-04-30,2027-05-09,LH,Lufthansa,9724,1
2026-09-14T13:10:07.915044+00:00,YYZ,CDG,Paris,2026-09,733,cad,2026-09-27,2026-10-26,TS,Air Transat,771,1
2026-09-14T13:10:07.915044+00:00,YYZ,CDG,Paris,2026-10,635,cad,2026-10-18,2026-10-24,TS,Air Transat,771,1
2026-09-14T13:10:07.915044+00:00,YYZ,CDG,Paris,2026-11,702,cad,2026-11-05,2026-11-11,TS,Air Transat,7250,1
2026-09-14T13:10:07.915044+00:00,YYZ,CDG,Paris,2026-12,918,cad,2026-12-14,2026-12-20,AC,Air Canada,3910,1
2026-09-14T13:10:07.915044+00:00,YYZ,CDG,Paris,2027-01,570,cad,2027-01-11,2027-01-22,FI,Icelandair,602,1
2026-09-14T13:10:07.915044+00:00,YYZ,CDG,Paris,2027-03,679,cad,2027-03-03,2027-03-08,TS,Air Transat,7250,1
2026-09-14T13:10:07.915044+00:00,YYZ,CDG,Paris,2027-05,887,cad,2027-05-22,2027-05-30,VS,Virgin Atlantic,148,1
2026-09-14T13:10:07.915044+00:00,YYZ,FCO,Rome,2026-09,886,cad,2026-09-26,2026-10-02,FI,Icelandair,602,1
2026-09-14T13:10:07.915044+00:00,YYZ,FCO,Rome,2026-10,706,cad,2026-10-12,2026-10-21,FI,Icelandair,604,1
2026-09-14T13:10:07.915044+00:00,YYZ,FCO,Rome,2026-11,811,cad,2026-11-10,2026-11-20,AC,Air Canada,890,1
2026-09-14T13:10:07.915044+00:00,YYZ,FCO,Rome,2026-12,1215,cad,2026-12-21,2027-01-05,AF,Air France,359,1
2026-09-14T13:10:07.915044+00:00,YYZ,FCO,Rome,2027-01,741,cad,2027-01-20,2027-01-23,TP,TAP Air Portugal,262,1
2026-09-14T13:10:07.915044+00:00,YYZ,FCO,Rome,2027-02,772,cad,2027-02-13,2027-02-19,KL,KLM,692,1
2026-09-14T13:10:07.915044+00:00,YYZ,FCO,Rome,2027-03,819,cad,2027-03-25,2027-04-03,KL,KLM,696,1
2026-09-14T13:10:07.915044+00:00,YYZ,AMS,Amsterdam,2026-09,691,cad,2026-09-26,2026-10-04,AC,Air Canada,432,1
2026-09-14T13:10:07.915044+00:00,YYZ,AMS,Amsterdam,2026-10,695,cad,2026-10-26,2026-11-09,TP,TAP Air Portugal,262,1
2026-09-14T13:10:07.915044+00:00,YYZ,AMS,Amsterdam,2026-11,586,cad,2026-11-28,2026-12-02,FI,Icelandair,602,1
2026-09-14T13:10:07.915044+00:00,YYZ,AMS,Amsterdam,2026-12,771,cad,2026-12-08,2026-12-25,KL,KLM,692,0
2026-09-14T13:10:07.915044+00:00,YYZ,AMS,Amsterdam,2027-04,766,cad,2027-04-14,2027-04-18,TP,TAP Air Portugal,262,1
2026-09-14T13:10:07.915044+00:00,YYZ,MAD,Madrid,2026-10,1036,cad,2026-10-02,2026-10-11,AA,American Airlines,4347,1
2026-09-14T13:10:07.915044+00:00,YYZ,MAD,Madrid,2026-12,1564,cad,2026-12-18,2027-01-02,AA,American Airlines,5667,1
2026-09-14T13:10:07.915044+00:00,YYZ,MAD,Madrid,2027-05,612,cad,2027-05-01,2027-05-09,TP,TAP Air Portugal,258,1
2026-09-14T13:10:07.915044+00:00,YYZ,BCN,Barcelona,2026-09,899,cad,2026-09-26,2026-10-03,EI,Aer Lingus,126,1
2026-09-14T13:10:07.915044+00:00,YYZ,BCN,Barcelona,2026-10,860,cad,2026-10-02,2026-10-09,DE,Condor,2403,1
2026-09-14T13:10:07.915044+00:00,YYZ,BCN,Barcelona,2026-12,617,cad,2026-12-31,2027-01-13,TP,TAP Air Portugal,258,1
2026-09-14T13:10:07.915044+00:00,YYZ,BCN,Barcelona,2027-01,607,cad,2027-01-14,2027-01-20,TP,TAP Air Portugal,258,1
2026-09-14T13:10:07.915044+00:00,YYZ,BCN,Barcelona,2027-05,609,cad,2027-05-16,2027-05-31,TP,TAP Air Portugal,262,1
2026-09-14T13:10:07.915044+00:00,YYZ,FRA,Frankfurt,2026-09,932,cad,2026-09-30,2026-10-14,AC,Air Canada,432,1
2026-09-14T13:10:07.915044+00:00,YYZ,FRA,Frankfurt,2026-10,899,cad,2026-10-18,2026-11-01,AC,Air Canada,2056,1
2026-09-14T13:10:07.915044+00:00,YYZ,FRA,Frankfurt,2026-11,771,cad,2026-11-11,2026-12-04,FI,Icelandair,602,1
2026-09-14T13:10:07.915044+00:00,YYZ,FRA,Frankfurt,2027-01,962,cad,2027-01-09,2027-01-22,FI,Icelandair,602,1
2026-09-14T13:10:07.915044+00:00,YYZ,MUC,Munich,2026-09,1246,cad,2026-09-15,2026-09-19,AC,Air Canada,9614,1
2026-09-14T13:10:07.915044+00:00,YYZ,MUC,Munich,2026-10,1131,cad,2026-10-07,2026-10-12,AC,Air Canada,894,1
2026-09-14T13:10:07.915044+00:00,YYZ,MUC,Munich,2027-01,1142,cad,2027-01-09,2027-01-22,BA,British Airways,92,1
2026-09-14T13:10:07.915044+00:00,YYZ,MUC,Munich,2027-02,999,cad,2027-02-01,2027-02-15,FI,Icelandair,602,1
2026-09-14T13:10:07.915044+00:00,YYZ,DUB,Dublin,2026-09,809,cad,2026-09-23,2026-09-30,FI,Icelandair,604,1
2026-09-14T13:10:07.915044+00:00,YYZ,DUB,Dublin,2026-10,719,cad,2026-10-15,2026-10-23,AA,American Airlines,8012,0
2026-09-14T13:10:07.915044+00:00,YYZ,DUB,Dublin,2026-11,703,cad,2026-11-17,2026-11-29,AC,Air Canada,3712,1
2026-09-14T13:10:07.915044+00:00,YYZ,DUB,Dublin,2026-12,673,cad,2026-12-31,2027-01-11,FI,Icelandair,602,1
2026-09-14T13:10:07.915044+00:00,YYZ,DUB,Dublin,2027-01,681,cad,2027-01-26,2027-02-05,EI,Aer Lingus,126,0
2026-09-14T13:10:07.915044+00:00,YYZ,ZRH,Zurich,2026-10,1156,cad,2026-10-09,2026-10-14,AA,American Airlines,5525,1
2026-09-14T13:10:07.915044+00:00,YYZ,ZRH,Zurich,2026-11,799,cad,2026-11-22,2026-11-26,FI,Icelandair,602,2
2026-09-14T13:10:07.915044+00:00,YYZ,ZRH,Zurich,2027-01,848,cad,2027-01-10,2027-01-17,TP,TAP Air Portugal,262,1
2026-09-14T13:10:07.915044+00:00,YYZ,VIE,Vienna,2026-10,786,cad,2026-10-14,2026-10-27,DE,Condor,2403,1
2026-09-14T13:10:07.915044+00:00,YYZ,VIE,Vienna,2026-11,986,cad,2026-11-03,2026-11-09,DE,Condor,2403,1
2026-09-14T13:10:07.915044+00:00,YYZ,VIE,Vienna,2026-12,1286,cad,2026-12-21,2026-12-29,BA,British Airways,6921,1
2026-09-14T13:10:07.915044+00:00,YYZ,LIS,Lisbon,2026-09,774,cad,2026-09-14,2026-09-24,AC,Air Canada,422,2
2026-09-14T13:10:07.915044+00:00,YYZ,LIS,Lisbon,2026-10,840,cad,2026-10-01,2026-10-08,VS,Virgin Atlantic,5002,2
2026-09-14T13:10:07.915044+00:00,YYZ,LIS,Lisbon,2026-11,452,cad,2026-11-23,2026-12-13,FI,Icelandair,602,1
2026-09-14T13:10:07.915044+00:00,YYZ,LIS,Lisbon,2026-12,1094,cad,2026-12-23,2027-01-01,S4,Azores Airlines,2322,1
2026-09-14T13:10:07.915044+00:00,YYZ,LIS,Lisbon,2027-01,807,cad,2027-01-06,2027-01-11,TP,TAP Air Portugal,262,0
2026-09-14T13:10:07.915044+00:00,YYZ,LIS,Lisbon,2027-02,702,cad,2027-02-02,2027-02-16,AC,Air Canada,810,0
2026-09-14T13:10:07.915044+00:00,YYZ,ATH,Athens,2026-09,1120,cad,2026-09-14,2026-09-24,TS,Air Transat,711,2
2026-09-14T13:10:07.915044+00:00,YYZ,ATH,Athens,2026-12,1613,cad,2026-12-23,2027-01-03,S4,Azores Airlines,2322,3
2026-09-14T13:10:07.915044+00:00,YYZ,ARN,Stockholm,2026-12,1488,cad,2026-12-23,2027-01-02,S4,Azores Airlines,2322,3
2026-09-14T13:10:07.915044+00:00,YYZ,BER,Berlin,2026-09,1115,cad,2026-09-19,2026-10-03,TS,Air Transat,230,1
2026-09-14T13:10:07.915044+00:00,YYZ,BER,Berlin,2026-10,838,cad,2026-10-25,2026-11-08,AC,Air Canada,880,1
2026-09-14T13:10:07.915044+00:00,YYZ,BER,Berlin,2026-11,743,cad,2026-11-17,2026-11-29,DE,Condor,2403,1
2026-09-14T13:10:07.915044+00:00,YYZ,BER,Berlin,2026-12,860,cad,2026-12-05,2026-12-12,AC,Air Canada,412,2
2026-09-14T13:10:07.915044+00:00,YYZ,WAW,Warsaw,2026-09,947,cad,2026-09-30,2026-11-26,SK,SAS Scandinavian,950,1
2026-09-14T13:10:07.915044+00:00,YYZ,WAW,Warsaw,2026-10,902,cad,2026-10-24,2026-11-08,FI,Icelandair,604,2
2026-09-14T13:10:07.915044+00:00,YYZ,WAW,Warsaw,2026-11,756,cad,2026-11-19,2026-12-03,FI,Icelandair,602,2
2026-09-14T13:10:07.915044+00:00,YYZ,WAW,Warsaw,2026-12,1074,cad,2026-12-27,2027-01-10,AA,American Airlines,98,1
2026-09-14T13:10:07.915044+00:00,YYZ,WAW,Warsaw,2027-02,1049,cad,2027-02-05,2027-02-20,IB,Iberia,3532,1
2026-09-14T13:10:07.915044+00:00,YYZ,WAW,Warsaw,2027-04,922,cad,2027-04-15,2027-04-28,SK,SAS Scandinavian,950,1
2026-09-14T13:10:07.915044+00:00,YYZ,WAW,Warsaw,2027-05,972,cad,2027-05-03,2027-05-22,AA,American Airlines,8962,1
2026-09-14T13:10:07.915044+00:00,YYZ,PRG,Prague,2026-09,911,cad,2026-09-21,2026-09-30,KL,KLM,696,1
2026-09-14T13:10:07.915044+00:00,YYZ,PRG,Prague,2026-10,719,cad,2026-10-25,2026-11-16,FI,Icelandair,602,1
2026-09-14T13:10:07.915044+00:00,YYZ,PRG,Prague,2026-11,728,cad,2026-11-17,2026-11-29,DE,Condor,2403,1
2026-09-14T13:10:07.915044+00:00,YYZ,PRG,Prague,2026-12,1296,cad,2026-12-30,2027-01-03,FI,Icelandair,604,2
2026-09-14T13:10:07.915044+00:00,YYZ,PRG,Prague,2027-01,937,cad,2027-01-27,2027-03-06,AF,Air France,359,1
2026-09-14T13:10:07.915044+00:00,YYZ,PRG,Prague,2027-02,797,cad,2027-02-23,2027-04-03,SK,SAS Scandinavian,950,1
2026-09-14T13:10:07.915044+00:00,YYZ,BUD,Budapest,2026-10,773,cad,2026-10-09,2026-10-13,AC,Air Canada,842,1
2026-09-14T13:10:07.915044+00:00,YYZ,BUD,Budapest,2026-11,821,cad,2026-11-01,2026-11-10,AC,Air Canada,880,1
2026-09-14T13:10:07.915044+00:00,YYZ,BUD,Budapest,2026-12,1239,cad,2026-12-21,2027-01-09,BA,British Airways,98,1
2026-09-14T13:10:07.915044+00:00,YYZ,BRU,Brussels,2026-09,755,cad,2026-09-26,2026-10-02,PD,Porter Airlines Canada,125,1
2026-09-14T13:10:07.915044+00:00,YYZ,BRU,Brussels,2026-11,996,cad,2026-11-06,2026-11-23,SK,SAS Scandinavian,950,2
2026-09-14T13:10:07.915044+00:00,YYZ,BRU,Brussels,2026-12,1084,cad,2026-12-08,2026-12-25,BA,British Airways,92,1
2026-09-14T13:10:07.915044+00:00,YYZ,MXP,Milan,2026-09,982,cad,2026-09-26,2026-10-03,TS,Air Transat,206,1
2026-09-14T13:10:07.915044+00:00,YYZ,MXP,Milan,2026-10,819,cad,2026-10-19,2026-11-29,DE,Condor,2403,1
2026-09-14T13:10:07.915044+00:00,YYZ,MXP,Milan,2026-12,1401,cad,2026-12-20,2027-01-03,S4,Azores Airlines,322,2
2026-09-14T13:10:07.915044+00:00,YYZ,MXP,Milan,2027-01,767,cad,2027-01-10,2027-01-17,TP,TAP Air Portugal,258,1
2026-09-14T13:10:07.915044+00:00,YYZ,OSL,Oslo,2026-10,928,cad,2026-10-15,2026-10-22,AF,Air France,359,1
2026-09-14T13:10:07.915044+00:00,YYZ,HEL,Helsinki,2026-09,933,cad,2026-09-27,2026-10-26,FI,Icelandair,604,1
2026-09-14T13:10:07.915044+00:00,YYZ,HEL,Helsinki,2026-11,845,cad,2026-11-17,2026-11-23,FI,Icelandair,602,1
2026-09-14T13:10:07.915044+00:00,YYZ,EDI,Edinburgh,2026-09,951,cad,2026-09-17,2026-10-01,AC,Air Canada,5137,1
2026-09-14T13:10:07.915044+00:00,YYZ,KEF,Reykjavik,2026-09,914,cad,2026-09-23,2026-09-30,FI,Icelandair,602,0
2026-09-14T13:10:07.915044+00:00,YYZ,KEF,Reykjavik,2026-10,1205,cad,2026-10-09,2026-10-12,LH,Lufthansa,6779,1
2026-09-14T13:10:07.915044+00:00,YYZ,KEF,Reykjavik,2026-11,989,cad,2026-11-09,2026-11-14,FI,Icelandair,602,0
2026-09-14T13:10:07.915044+00:00,YYZ,KEF,Reykjavik,2027-01,617,cad,2027-01-22,2027-01-25,FI,Icelandair,602,0
2026-09-14T13:10:07.915044+00:00,YYZ,DEL,Delhi,2026-09,1071,cad,2026-09-19,2026-09-29,ET,Ethiopian Airlines,553,1
2026-09-14T13:10:07.915044+00:00,YYZ,DEL,Delhi,2026-10,1600,cad,2026-10-10,2026-10-12,TS,Air Transat,230,2
2026-09-14T13:10:07.915044+00:00,YYZ,DEL,Delhi,2026-11,1426,cad,2026-11-03,2026-11-24,AA,American Airlines,4438,2
2026-09-14T13:10:07.915044+00:00,YYZ,DEL,Delhi,2026-12,1778,cad,2026-12-05,2026-12-21,FI,Icelandair,602,3
2026-09-14T13:10:07.915044+00:00,YYZ,DEL,Delhi,2027-01,1422,cad,2027-01-30,2027-02-28,BA,British Airways,98,2
2026-09-14T13:10:07.915044+00:00,YYZ,DEL,Delhi,2027-03,1651,cad,2027-03-11,2027-03-26,AA,American Airlines,4623,2
2026-09-14T13:10:07.915044+00:00,YYZ,BOM,Mumbai,2026-10,1229,cad,2026-10-23,2026-10-31,ET,Ethiopian Airlines,553,1
2026-09-14T13:10:07.915044+00:00,YYZ,BOM,Mumbai,2026-11,1412,cad,2026-11-05,2026-12-01,ET,Ethiopian Airlines,553,1
2026-09-14T13:10:07.915044+00:00,YYZ,BOM,Mumbai,2027-01,1847,cad,2027-01-01,2027-01-11,AI,Air India,188,1
2026-09-15T13:08:49.891231+00:00,YYZ,LHR,London,2026-09,860,cad,2026-09-30,2026-10-08,AC,Air Canada,854,1
2026-09-15T13:08:49.891231+00:00,YYZ,LHR,London,2026-10,859,cad,2026-10-03,2026-10-11,TS,Air Transat,230,1
2026-09-15T13:08:49.891231+00:00,YYZ,LHR,London,2026-11,801,cad,2026-11-17,2026-11-20,LX,SWISS,4641,1
2026-09-15T13:08:49.891231+00:00,YYZ,LHR,London,2026-12,1074,cad,2026-12-24,2027-01-10,WS,WestJet,387,2
2026-09-15T13:08:49.891231+00:00,YYZ,LHR,London,2027-01,943,cad,2027-01-10,2027-01-16,AC,Air Canada,2064,1
2026-09-15T13:08:49.891231+00:00,YYZ,LHR,London,2027-04,915,cad,2027-04-30,2027-05-09,LH,Lufthansa,9724,1
2026-09-15T13:08:49.891231+00:00,YYZ,CDG,Paris,2026-09,815,cad,2026-09-25,2026-10-03,UA,United Airlines,3605,1
2026-09-15T13:08:49.891231+00:00,YYZ,CDG,Paris,2026-10,635,cad,2026-10-18,2026-10-24,TS,Air Transat,771,1
2026-09-15T13:08:49.891231+00:00,YYZ,CDG,Paris,2026-11,702,cad,2026-11-05,2026-11-11,TS,Air Transat,7250,1
2026-09-15T13:08:49.891231+00:00,YYZ,CDG,Paris,2026-12,918,cad,2026-12-14,2026-12-20,AC,Air Canada,3910,1
2026-09-15T13:08:49.891231+00:00,YYZ,CDG,Paris,2027-01,570,cad,2027-01-11,2027-01-22,FI,Icelandair,602,1
2026-09-15T13:08:49.891231+00:00,YYZ,CDG,Paris,2027-05,887,cad,2027-05-22,2027-05-30,VS,Virgin Atlantic,148,1
2026-09-15T13:08:49.891231+00:00,YYZ,FCO,Rome,2026-09,886,cad,2026-09-26,2026-10-02,FI,Icelandair,602,1
2026-09-15T13:08:49.891231+00:00,YYZ,FCO,Rome,2026-10,706,cad,2026-10-12,2026-10-21,FI,Icelandair,604,1
2026-09-15T13:08:49.891231+00:00,YYZ,FCO,Rome,2026-12,1215,cad,2026-12-21,2027-01-05,AF,Air France,359,1
2026-09-15T13:08:49.891231+00:00,YYZ,FCO,Rome,2027-02,772,cad,2027-02-13,2027-02-19,KL,KLM,692,1
2026-09-15T13:08:49.891231+00:00,YYZ,FCO,Rome,2027-03,819,cad,2027-03-25,2027-04-03,KL,KLM,696,1
2026-09-15T13:08:49.891231+00:00,YYZ,AMS,Amsterdam,2026-09,696,cad,2026-09-28,2026-10-05,AC,Air Canada,808,1
2026-09-15T13:08:49.891231+00:00,YYZ,AMS,Amsterdam,2026-10,695,cad,2026-10-26,2026-11-09,TP,TAP Air Portugal,262,1
2026-09-15T13:08:49.891231+00:00,YYZ,AMS,Amsterdam,2026-11,586,cad,2026-11-28,2026-12-02,FI,Icelandair,602,1
2026-09-15T13:08:49.891231+00:00,YYZ,AMS,Amsterdam,2026-12,771,cad,2026-12-08,2026-12-25,KL,KLM,692,0
2026-09-15T13:08:49.891231+00:00,YYZ,AMS,Amsterdam,2027-04,766,cad,2027-04-14,2027-04-18,TP,TAP Air Portugal,262,1
2026-09-15T13:08:49.891231+00:00,YYZ,MAD,Madrid,2026-10,1036,cad,2026-10-02,2026-10-11,AA,American Airlines,4347,1
2026-09-15T13:08:49.891231+00:00,YYZ,MAD,Madrid,2027-05,592,cad,2027-05-01,2027-05-09,TP,TAP Air Portugal,258,1
2026-09-15T13:08:49.891231+00:00,YYZ,BCN,Barcelona,2026-09,819,cad,2026-09-24,2026-09-30,FI,Icelandair,602,1
2026-09-15T13:08:49.891231+00:00,YYZ,BCN,Barcelona,2026-10,861,cad,2026-10-02,2026-10-09,DE,Condor,2403,1
2026-09-15T13:08:49.891231+00:00,YYZ,BCN,Barcelona,2026-12,617,cad,2026-12-31,2027-01-13,TP,TAP Air Portugal,258,1
2026-09-15T13:08:49.891231+00:00,YYZ,BCN,Barcelona,2027-01,607,cad,2027-01-14,2027-01-20,TP,TAP Air Portugal,258,1
2026-09-15T13:08:49.891231+00:00,YYZ,BCN,Barcelona,2027-05,601,cad,2027-05-17,2027-05-31,TP,TAP Air Portugal,262,1
2026-09-15T13:08:49.891231+00:00,YYZ,FRA,Frankfurt,2026-09,932,cad,2026-09-30,2026-10-14,AC,Air Canada,432,1
2026-09-15T13:08:49.891231+00:00,YYZ,FRA,Frankfurt,2026-10,899,cad,2026-10-18,2026-11-01,AC,Air Canada,2056,1
2026-09-15T13:08:49.891231+00:00,YYZ,FRA,Frankfurt,2026-11,771,cad,2026-11-11,2026-12-04,FI,Icelandair,602,1
2026-09-15T13:08:49.891231+00:00,YYZ,FRA,Frankfurt,2027-01,962,cad,2027-01-09,2027-01-22,FI,Icelandair,602,1
2026-09-15T13:08:49.891231+00:00,YYZ,MUC,Munich,2026-10,1131,cad,2026-10-07,2026-10-12,AC,Air Canada,894,1
2026-09-15T13:08:49.891231+00:00,YYZ,MUC,Munich,2027-01,1142,cad,2027-01-09,2027-01-22,BA,British Airways,92,1
2026-09-15T13:08:49.891231+00:00,YYZ,MUC,Munich,2027-02,999,cad,2027-02-01,2027-02-15,FI,Icelandair,602,1
2026-09-15T13:08:49.891231+00:00,YYZ,DUB,Dublin,2026-09,809,cad,2026-09-23,2026-09-30,FI,Icelandair,604,1
2026-09-15T13:08:49.891231+00:00,YYZ,DUB,Dublin,2026-10,719,cad,2026-10-15,2026-10-23,AA,American Airlines,8012,0
2026-09-15T13:08:49.891231+00:00,YYZ,DUB,Dublin,2026-11,703,cad,2026-11-17,2026-11-29,AC,Air Canada,3712,1
2026-09-15T13:08:49.891231+00:00,YYZ,DUB,Dublin,2026-12,673,cad,2026-12-31,2027-01-11,FI,Icelandair,602,1
2026-09-15T13:08:49.891231+00:00,YYZ,DUB,Dublin,2027-01,681,cad,2027-01-26,2027-02-05,EI,Aer Lingus,126,0
2026-09-15T13:08:49.891231+00:00,YYZ,ZRH,Zurich,2026-10,1156,cad,2026-10-09,2026-10-14,AA,American Airlines,5525,1
2026-09-15T13:08:49.891231+00:00,YYZ,ZRH,Zurich,2026-11,799,cad,2026-11-22,2026-11-26,FI,Icelandair,602,2
2026-09-15T13:08:49.891231+00:00,YYZ,ZRH,Zurich,2027-01,848,cad,2027-01-10,2027-01-17,TP,TAP Air Portugal,262,1
2026-09-15T13:08:49.891231+00:00,YYZ,VIE,Vienna,2026-10,786,cad,2026-10-14,2026-10-27,DE,Condor,2403,1
2026-09-15T13:08:49.891231+00:00,YYZ,VIE,Vienna,2026-12,1307,cad,2026-12-21,2026-12-29,BA,British Airways,6921,1
2026-09-15T13:08:49.891231+00:00,YYZ,LIS,Lisbon,2026-09,830,cad,2026-09-17,2026-09-24,AC,Air Canada,1512,1
2026-09-15T13:08:49.891231+00:00,YYZ,LIS,Lisbon,2026-10,875,cad,2026-10-23,2026-11-01,IB,Iberia,368,2
2026-09-15T13:08:49.891231+00:00,YYZ,LIS,Lisbon,2026-11,452,cad,2026-11-23,2026-12-13,FI,Icelandair,602,1
2026-09-15T13:08:49.891231+00:00,YYZ,LIS,Lisbon,2026-12,1094,cad,2026-12-23,2027-01-01,S4,Azores Airlines,2322,1
2026-09-15T13:08:49.891231+00:00,YYZ,LIS,Lisbon,2027-01,807,cad,2027-01-06,2027-01-11,TP,TAP Air Portugal,262,0
2026-09-15T13:08:49.891231+00:00,YYZ,ATH,Athens,2026-10,1260,cad,2026-10-24,2026-10-26,DE,Condor,2403,3
2026-09-15T13:08:49.891231+00:00,YYZ,ATH,Athens,2026-12,1613,cad,2026-12-23,2027-01-03,S4,Azores Airlines,2322,3
2026-09-15T13:08:49.891231+00:00,YYZ,ARN,Stockholm,2026-12,1488,cad,2026-12-23,2027-01-02,S4,Azores Airlines,2322,3
2026-09-15T13:08:49.891231+00:00,YYZ,BER,Berlin,2026-09,961,cad,2026-09-26,2026-10-10,AC,Air Canada,3880,2
2026-09-15T13:08:49.891231+00:00,YYZ,BER,Berlin,2026-10,756,cad,2026-10-22,2026-11-05,DE,Condor,2403,1
2026-09-15T13:08:49.891231+00:00,YYZ,BER,Berlin,2026-11,744,cad,2026-11-17,2026-11-29,DE,Condor,2403,1
2026-09-15T13:08:49.891231+00:00,YYZ,BER,Berlin,2026-12,860,cad,2026-12-05,2026-12-12,AC,Air Canada,412,2
2026-09-15T13:08:49.891231+00:00,YYZ,WAW,Warsaw,2026-09,947,cad,2026-09-30,2026-11-26,SK,SAS Scandinavian,950,1
2026-09-15T13:08:49.891231+00:00,YYZ,WAW,Warsaw,2026-10,908,cad,2026-10-02,2026-10-09,PD,Porter Airlines Canada,7230,1
2026-09-15T13:08:49.891231+00:00,YYZ,WAW,Warsaw,2026-11,756,cad,2026-11-19,2026-12-03,FI,Icelandair,602,2
2026-09-15T13:08:49.891231+00:00,YYZ,WAW,Warsaw,2026-12,1048,cad,2026-12-12,2027-01-15,BA,British Airways,92,1
2026-09-15T13:08:49.891231+00:00,YYZ,WAW,Warsaw,2027-02,1049,cad,2027-02-05,2027-02-20,IB,Iberia,3532,1
2026-09-15T13:08:49.891231+00:00,YYZ,WAW,Warsaw,2027-04,922,cad,2027-04-15,2027-04-28,SK,SAS Scandinavian,950,1
2026-09-15T13:08:49.891231+00:00,YYZ,WAW,Warsaw,2027-05,972,cad,2027-05-03,2027-05-22,AA,American Airlines,8962,1
2026-09-15T13:08:49.891231+00:00,YYZ,PRG,Prague,2026-09,911,cad,2026-09-21,2026-09-30,KL,KLM,696,1
2026-09-15T13:08:49.891231+00:00,YYZ,PRG,Prague,2026-10,719,cad,2026-10-25,2026-11-16,FI,Icelandair,602,1
2026-09-15T13:08:49.891231+00:00,YYZ,PRG,Prague,2026-11,728,cad,2026-11-17,2026-11-29,DE,Condor,2403,1
2026-09-15T13:08:49.891231+00:00,YYZ,PRG,Prague,2026-12,1296,cad,2026-12-30,2027-01-03,FI,Icelandair,604,2
2026-09-15T13:08:49.891231+00:00,YYZ,PRG,Prague,2027-01,937,cad,2027-01-27,2027-03-06,AF,Air France,359,1
2026-09-15T13:08:49.891231+00:00,YYZ,PRG,Prague,2027-02,797,cad,2027-02-23,2027-04-03,SK,SAS Scandinavian,950,1
2026-09-15T13:08:49.891231+00:00,YYZ,BUD,Budapest,2026-10,727,cad,2026-10-13,2026-10-21,AC,Air Canada,942,1
2026-09-15T13:08:49.891231+00:00,YYZ,BUD,Budapest,2026-11,821,cad,2026-11-01,2026-11-10,AC,Air Canada,880,1
2026-09-15T13:08:49.891231+00:00,YYZ,BUD,Budapest,2026-12,918,cad,2026-12-13,2026-12-21,LH,Lufthansa,6791,1
2026-09-15T13:08:49.891231+00:00,YYZ,BRU,Brussels,2026-09,912,cad,2026-09-25,2026-10-03,FI,Icelandair,602,1
2026-09-15T13:08:49.891231+00:00,YYZ,BRU,Brussels,2026-12,1084,cad,2026-12-08,2026-12-25,BA,British Airways,92,1
2026-09-15T13:08:49.891231+00:00,YYZ,MXP,Milan,2026-10,788,cad,2026-10-06,2026-10-13,AC,Air Canada,800,1
2026-09-15T13:08:49.891231+00:00,YYZ,MXP,Milan,2026-12,1401,cad,2026-12-20,2027-01-03,S4,Azores Airlines,322,2
2026-09-15T13:08:49.891231+00:00,YYZ,MXP,Milan,2027-01,767,cad,2027-01-10,2027-01-17,TP,TAP Air Portugal,258,1
2026-09-15T13:08:49.891231+00:00,YYZ,OSL,Oslo,2026-10,928,cad,2026-10-15,2026-10-22,AF,Air France,359,1
2026-09-15T13:08:49.891231+00:00,YYZ,EDI,Edinburgh,2026-09,951,cad,2026-09-17,2026-10-01,AC,Air Canada,5137,1
2026-09-15T13:08:49.891231+00:00,YYZ,KEF,Reykjavik,2026-09,914,cad,2026-09-23,2026-09-30,FI,Icelandair,602,0
2026-09-15T13:08:49.891231+00:00,YYZ,KEF,Reykjavik,2026-10,1205,cad,2026-10-09,2026-10-12,LH,Lufthansa,6779,1
2026-09-15T13:08:49.891231+00:00,YYZ,KEF,Reykjavik,2026-11,989,cad,2026-11-09,2026-11-14,FI,Icelandair,602,0
2026-09-15T13:08:49.891231+00:00,YYZ,KEF,Reykjavik,2026-12,837,cad,2026-12-02,2026-12-07,FI,Icelandair,602,0
2026-09-15T13:08:49.891231+00:00,YYZ,KEF,Reykjavik,2027-01,617,cad,2027-01-22,2027-01-25,FI,Icelandair,602,0
2026-09-15T13:08:49.891231+00:00,YYZ,DEL,Delhi,2026-09,1071,cad,2026-09-19,2026-09-29,ET,Ethiopian Airlines,553,1
2026-09-15T13:08:49.891231+00:00,YYZ,DEL,Delhi,2026-10,1600,cad,2026-10-10,2026-10-12,TS,Air Transat,230,2
2026-09-15T13:08:49.891231+00:00,YYZ,DEL,Delhi,2026-11,1426,cad,2026-11-03,2026-11-24,AA,American Airlines,4438,2
2026-09-15T13:08:49.891231+00:00,YYZ,DEL,Delhi,2026-12,2313,cad,2026-12-15,2027-01-19,AA,American Airlines,5884,2
2026-09-15T13:08:49.891231+00:00,YYZ,DEL,Delhi,2027-01,1422,cad,2027-01-30,2027-02-28,BA,British Airways,98,2
2026-09-15T13:08:49.891231+00:00,YYZ,DEL,Delhi,2027-03,1651,cad,2027-03-11,2027-03-26,AA,American Airlines,4623,2
2026-09-15T13:08:49.891231+00:00,YYZ,BOM,Mumbai,2026-10,1591,cad,2026-10-10,2026-11-29,ET,Ethiopian Airlines,553,1
2026-09-15T13:08:49.891231+00:00,YYZ,BOM,Mumbai,2026-11,1412,cad,2026-11-05,2026-12-01,ET,Ethiopian Airlines,553,1
2026-09-15T13:08:49.891231+00:00,YYZ,BOM,Mumbai,2027-01,1847,cad,2027-01-01,2027-01-11,AI,Air India,188,1
2026-09-16T13:08:52.796835+00:00,YYZ,LHR,London,2026-09,860,cad,2026-09-30,2026-10-08,AC,Air Canada,854,1
2026-09-16T13:08:52.796835+00:00,YYZ,LHR,London,2026-10,859,cad,2026-10-03,2026-10-11,TS,Air Transat,230,1
2026-09-16T13:08:52.796835+00:00,YYZ,LHR,London,2026-11,801,cad,2026-11-17,2026-11-20,LX,SWISS,4641,1
2026-09-16T13:08:52.796835+00:00,YYZ,LHR,London,2026-12,1074,cad,2026-12-24,2027-01-10,WS,WestJet,387,2
2026-09-16T13:08:52.796835+00:00,YYZ,LHR,London,2027-01,943,cad,2027-01-10,2027-01-16,AC,Air Canada,2064,1
2026-09-16T13:08:52.796835+00:00,YYZ,LHR,London,2027-04,915,cad,2027-04-30,2027-05-09,LH,Lufthansa,9724,1
2026-09-16T13:08:52.796835+00:00,YYZ,CDG,Paris,2026-09,840,cad,2026-09-27,2026-10-04,AC,Air Canada,414,1
2026-09-16T13:08:52.796835+00:00,YYZ,CDG,Paris,2026-10,635,cad,2026-10-18,2026-10-24,TS,Air Transat,771,1
2026-09-16T13:08:52.796835+00:00,YYZ,CDG,Paris,2026-11,596,cad,2026-11-19,2026-11-24,FI,Icelandair,602,1
2026-09-16T13:08:52.796835+00:00,YYZ,CDG,Paris,2026-12,918,cad,2026-12-14,2026-12-20,AC,Air Canada,3910,1
2026-09-16T13:08:52.796835+00:00,YYZ,CDG,Paris,2027-01,570,cad,2027-01-11,2027-01-22,FI,Icelandair,602,1
2026-09-16T13:08:52.796835+00:00,YYZ,CDG,Paris,2027-05,887,cad,2027-05-22,2027-05-30,VS,Virgin Atlantic,148,1
2026-09-16T13:08:52.796835+00:00,YYZ,FCO,Rome,2026-09,916,cad,2026-09-29,2026-10-09,TS,Air Transat,308,1
2026-09-16T13:08:52.796835+00:00,YYZ,FCO,Rome,2026-10,706,cad,2026-10-12,2026-10-21,FI,Icelandair,604,1
2026-09-16T13:08:52.796835+00:00,YYZ,FCO,Rome,2026-11,751,cad,2026-11-18,2026-11-28,TP,TAP Air Portugal,262,1
2026-09-16T13:08:52.796835+00:00,YYZ,FCO,Rome,2026-12,1309,cad,2026-12-29,2027-01-03,TP,TAP Air Portugal,258,1
2026-09-16T13:08:52.796835+00:00,YYZ,FCO,Rome,2027-02,772,cad,2027-02-13,2027-02-19,KL,KLM,692,1
2026-09-16T13:08:52.796835+00:00,YYZ,AMS,Amsterdam,2026-09,701,cad,2026-09-26,2026-10-02,AC,Air Canada,432,1
2026-09-16T13:08:52.796835+00:00,YYZ,AMS,Amsterdam,2026-10,695,cad,2026-10-26,2026-11-09,TP,TAP Air Portugal,262,1
2026-09-16T13:08:52.796835+00:00,YYZ,AMS,Amsterdam,2026-11,586,cad,2026-11-28,2026-12-02,FI,Icelandair,602,1
2026-09-16T13:08:52.796835+00:00,YYZ,AMS,Amsterdam,2026-12,771,cad,2026-12-08,2026-12-25,KL,KLM,692,0
2026-09-16T13:08:52.796835+00:00,YYZ,AMS,Amsterdam,2027-04,766,cad,2027-04-14,2027-04-18,TP,TAP Air Portugal,262,1
2026-09-16T13:08:52.796835+00:00,YYZ,MAD,Madrid,2026-10,1260,cad,2026-10-26,2026-11-04,AT,Royal Air Maroc,211,2
2026-09-16T13:08:52.796835+00:00,YYZ,MAD,Madrid,2027-05,602,cad,2027-05-01,2027-05-09,TP,TAP Air Portugal,258,1
2026-09-16T13:08:52.796835+00:00,YYZ,BCN,Barcelona,2026-09,819,cad,2026-09-24,2026-09-30,FI,Icelandair,602,1
2026-09-16T13:08:52.796835+00:00,YYZ,BCN,Barcelona,2026-10,774,cad,2026-10-07,2026-10-14,DE,Condor,2403,1
2026-09-16T13:08:52.796835+00:00,YYZ,BCN,Barcelona,2026-12,617,cad,2026-12-31,2027-01-13,TP,TAP Air Portugal,258,1
2026-09-16T13:08:52.796835+00:00,YYZ,BCN,Barcelona,2027-01,824,cad,2027-01-12,2027-01-26,TP,TAP Air Portugal,258,1
2026-09-16T13:08:52.796835+00:00,YYZ,BCN,Barcelona,2027-05,601,cad,2027-05-17,2027-05-31,TP,TAP Air Portugal,262,1
2026-09-16T13:08:52.796835+00:00,YYZ,BCN,Barcelona,2027-06,1006,cad,2027-06-06,2027-06-15,IB,Iberia,8851,1
2026-09-16T13:08:52.796835+00:00,YYZ,FRA,Frankfurt,2026-09,932,cad,2026-09-30,2026-10-14,AC,Air Canada,432,1
2026-09-16T13:08:52.796835+00:00,YYZ,FRA,Frankfurt,2026-10,899,cad,2026-10-18,2026-11-01,AC,Air Canada,2056,1
2026-09-16T13:08:52.796835+00:00,YYZ,FRA,Frankfurt,2026-11,771,cad,2026-11-11,2026-12-04,FI,Icelandair,602,1
2026-09-16T13:08:52.796835+00:00,YYZ,FRA,Frankfurt,2027-01,962,cad,2027-01-09,2027-01-22,FI,Icelandair,602,1
2026-09-16T13:08:52.796835+00:00,YYZ,FRA,Frankfurt,2027-02,960,cad,2027-02-26,2027-03-07,AC,Air Canada,842,0
2026-09-16T13:08:52.796835+00:00,YYZ,FRA,Frankfurt,2027-04,937,cad,2027-04-20,2027-04-26,TP,TAP Air Portugal,258,1
2026-09-16T13:08:52.796835+00:00,YYZ,MUC,Munich,2026-09,1288,cad,2026-09-17,2026-09-20,AA,American Airlines,5030,1
2026-09-16T13:08:52.796835+00:00,YYZ,MUC,Munich,2026-10,827,cad,2026-10-11,2026-10-16,DE,Condor,2403,1
2026-09-16T13:08:52.796835+00:00,YYZ,MUC,Munich,2027-01,1132,cad,2027-01-09,2027-01-22,BA,British Airways,92,1
2026-09-16T13:08:52.796835+00:00,YYZ,MUC,Munich,2027-02,999,cad,2027-02-01,2027-02-15,FI,Icelandair,602,1
2026-09-16T13:08:52.796835+00:00,YYZ,DUB,Dublin,2026-09,809,cad,2026-09-23,2026-09-30,FI,Icelandair,604,1
2026-09-16T13:08:52.796835+00:00,YYZ,DUB,Dublin,2026-10,719,cad,2026-10-15,2026-10-23,AA,American Airlines,8012,0
2026-09-16T13:08:52.796835+00:00,YYZ,DUB,Dublin,2026-11,703,cad,2026-11-17,2026-11-29,AC,Air Canada,3712,1
2026-09-16T13:08:52.796835+00:00,YYZ,DUB,Dublin,2026-12,763,cad,2026-12-30,2027-01-11,BA,British Airways,98,1
2026-09-16T13:08:52.796835+00:00,YYZ,DUB,Dublin,2027-01,660,cad,2027-01-26,2027-02-05,EI,Aer Lingus,126,0
2026-09-16T13:08:52.796835+00:00,YYZ,ZRH,Zurich,2026-09,1138,cad,2026-09-16,2026-09-20,3L,Air Arabia Abu Dhabi,5667,2
2026-09-16T13:08:52.796835+00:00,YYZ,ZRH,Zurich,2026-10,1156,cad,2026-10-09,2026-10-14,AA,American Airlines,5525,1
2026-09-16T13:08:52.796835+00:00,YYZ,ZRH,Zurich,2026-11,799,cad,2026-11-22,2026-11-26,FI,Icelandair,602,2
2026-09-16T13:08:52.796835+00:00,YYZ,VIE,Vienna,2026-10,786,cad,2026-10-14,2026-10-27,DE,Condor,2403,1
2026-09-16T13:08:52.796835+00:00,YYZ,VIE,Vienna,2026-12,1307,cad,2026-12-21,2026-12-29,BA,British Airways,6921,1
2026-09-16T13:08:52.796835+00:00,YYZ,LIS,Lisbon,2026-09,819,cad,2026-09-27,2026-10-05,OH,PSA Airlines,5324,2
2026-09-16T13:08:52.796835+00:00,YYZ,LIS,Lisbon,2026-10,860,cad,2026-10-15,2026-10-22,MQ,Envoy Air,3524,2
2026-09-16T13:08:52.796835+00:00,YYZ,LIS,Lisbon,2026-11,452,cad,2026-11-23,2026-12-13,FI,Icelandair,602,1
2026-09-16T13:08:52.796835+00:00,YYZ,LIS,Lisbon,2026-12,1094,cad,2026-12-23,2027-01-01,S4,Azores Airlines,2322,1
2026-09-16T13:08:52.796835+00:00,YYZ,LIS,Lisbon,2027-01,807,cad,2027-01-06,2027-01-11,TP,TAP Air Portugal,262,0
2026-09-16T13:08:52.796835+00:00,YYZ,ATH,Athens,2026-09,1643,cad,2026-09-16,2026-09-17,EI,Aer Lingus,126,2
2026-09-16T13:08:52.796835+00:00,YYZ,ATH,Athens,2026-10,1260,cad,2026-10-24,2026-10-26,DE,Condor,2403,3
2026-09-16T13:08:52.796835+00:00,YYZ,ATH,Athens,2026-12,1613,cad,2026-12-23,2027-01-03,S4,Azores Airlines,2322,3
2026-09-16T13:08:52.796835+00:00,YYZ,ARN,Stockholm,2026-12,1488,cad,2026-12-23,2027-01-02,S4,Azores Airlines,2322,3
2026-09-16T13:08:52.796835+00:00,YYZ,BER,Berlin,2026-09,961,cad,2026-09-26,2026-10-10,AC,Air Canada,3880,2
2026-09-16T13:08:52.796835+00:00,YYZ,BER,Berlin,2026-10,764,cad,2026-10-22,2026-11-05,DE,Condor,2403,1
2026-09-16T13:08:52.796835+00:00,YYZ,BER,Berlin,2026-11,744,cad,2026-11-17,2026-11-29,DE,Condor,2403,1
2026-09-16T13:08:52.796835+00:00,YYZ,BER,Berlin,2026-12,860,cad,2026-12-05,2026-12-12,AC,Air Canada,412,2
2026-09-16T13:08:52.796835+00:00,YYZ,WAW,Warsaw,2026-09,947,cad,2026-09-30,2026-11-26,SK,SAS Scandinavian,950,1
2026-09-16T13:08:52.796835+00:00,YYZ,WAW,Warsaw,2026-10,917,cad,2026-10-03,2026-10-10,TS,Air Transat,230,2
2026-09-16T13:08:52.796835+00:00,YYZ,WAW,Warsaw,2026-11,953,cad,2026-11-17,2026-11-29,SK,SAS Scandinavian,950,1
2026-09-16T13:08:52.796835+00:00,YYZ,WAW,Warsaw,2026-12,1048,cad,2026-12-12,2027-01-15,BA,British Airways,92,1
2026-09-16T13:08:52.796835+00:00,YYZ,WAW,Warsaw,2027-02,1049,cad,2027-02-05,2027-02-20,IB,Iberia,3532,1
2026-09-16T13:08:52.796835+00:00,YYZ,WAW,Warsaw,2027-04,856,cad,2027-04-15,2027-04-28,SK,SAS Scandinavian,950,1
2026-09-16T13:08:52.796835+00:00,YYZ,WAW,Warsaw,2027-05,976,cad,2027-05-03,2027-05-22,SK,SAS Scandinavian,950,1
2026-09-16T13:08:52.796835+00:00,YYZ,PRG,Prague,2026-09,911,cad,2026-09-21,2026-09-30,KL,KLM,696,1
2026-09-16T13:08:52.796835+00:00,YYZ,PRG,Prague,2026-10,900,cad,2026-10-26,2026-11-16,DE,Condor,2403,1
2026-09-16T13:08:52.796835+00:00,YYZ,PRG,Prague,2026-11,728,cad,2026-11-17,2026-11-29,DE,Condor,2403,1
2026-09-16T13:08:52.796835+00:00,YYZ,PRG,Prague,2026-12,1187,cad,2026-12-24,2027-01-09,BA,British Airways,98,1
2026-09-16T13:08:52.796835+00:00,YYZ,PRG,Prague,2027-01,927,cad,2027-01-27,2027-03-06,AF,Air France,359,1
2026-09-16T13:08:52.796835+00:00,YYZ,PRG,Prague,2027-02,851,cad,2027-02-23,2027-04-03,SK,SAS Scandinavian,950,1
2026-09-16T13:08:52.796835+00:00,YYZ,BUD,Budapest,2026-09,817,cad,2026-09-27,2026-10-30,KL,KLM,692,1
2026-09-16T13:08:52.796835+00:00,YYZ,BUD,Budapest,2026-10,728,cad,2026-10-13,2026-10-21,AC,Air Canada,942,1
2026-09-16T13:08:52.796835+00:00,YYZ,BUD,Budapest,2026-12,918,cad,2026-12-13,2026-12-21,LH,Lufthansa,6791,1
2026-09-16T13:08:52.796835+00:00,YYZ,MXP,Milan,2026-09,858,cad,2026-09-21,2026-09-23,DE,Condor,2403,1
2026-09-16T13:08:52.796835+00:00,YYZ,MXP,Milan,2026-10,788,cad,2026-10-06,2026-10-13,AC,Air Canada,800,1
2026-09-16T13:08:52.796835+00:00,YYZ,OSL,Oslo,2026-10,928,cad,2026-10-15,2026-10-22,AF,Air France,359,1
2026-09-16T13:08:52.796835+00:00,YYZ,EDI,Edinburgh,2026-09,951,cad,2026-09-17,2026-10-01,AC,Air Canada,5137,1
2026-09-16T13:08:52.796835+00:00,YYZ,KEF,Reykjavik,2026-10,1205,cad,2026-10-09,2026-10-12,LH,Lufthansa,6779,1
2026-09-16T13:08:52.796835+00:00,YYZ,KEF,Reykjavik,2026-11,989,cad,2026-11-09,2026-11-14,FI,Icelandair,602,0
2026-09-16T13:08:52.796835+00:00,YYZ,KEF,Reykjavik,2026-12,837,cad,2026-12-02,2026-12-07,FI,Icelandair,602,0
2026-09-16T13:08:52.796835+00:00,YYZ,KEF,Reykjavik,2027-01,617,cad,2027-01-22,2027-01-25,FI,Icelandair,602,0
2026-09-16T13:08:52.796835+00:00,YYZ,KEF,Reykjavik,2027-02,1145,cad,2027-02-01,2027-02-04,FI,Icelandair,602,0
2026-09-16T13:08:52.796835+00:00,YYZ,DEL,Delhi,2026-09,1071,cad,2026-09-19,2026-09-29,ET,Ethiopian Airlines,553,1
2026-09-16T13:08:52.796835+00:00,YYZ,DEL,Delhi,2026-10,1600,cad,2026-10-10,2026-10-12,TS,Air Transat,230,2
2026-09-16T13:08:52.796835+00:00,YYZ,DEL,Delhi,2026-11,1426,cad,2026-11-03,2026-11-24,AA,American Airlines,4438,2
2026-09-16T13:08:52.796835+00:00,YYZ,DEL,Delhi,2026-12,2313,cad,2026-12-15,2027-01-19,AA,American Airlines,5884,2
2026-09-16T13:08:52.796835+00:00,YYZ,DEL,Delhi,2027-01,1422,cad,2027-01-30,2027-02-28,BA,British Airways,98,2
2026-09-16T13:08:52.796835+00:00,YYZ,DEL,Delhi,2027-02,1553,cad,2027-02-15,2027-03-10,BA,British Airways,98,2
2026-09-16T13:08:52.796835+00:00,YYZ,DEL,Delhi,2027-03,1778,cad,2027-03-12,2027-03-28,AA,American Airlines,4542,2
2026-09-16T13:08:52.796835+00:00,YYZ,BOM,Mumbai,2026-10,1591,cad,2026-10-10,2026-11-29,ET,Ethiopian Airlines,553,1
2026-09-16T13:08:52.796835+00:00,YYZ,BOM,Mumbai,2026-11,1532,cad,2026-11-18,2026-12-05,ET,Ethiopian Airlines,553,1
2026-09-16T13:08:52.796835+00:00,YYZ,BOM,Mumbai,2027-01,1341,cad,2027-01-29,2027-02-20,AA,American Airlines,4542,2
2026-09-17T13:08:45.847410+00:00,YYZ,LHR,London,2026-09,860,cad,2026-09-30,2026-10-08,AC,Air Canada,854,1
2026-09-17T13:08:45.847410+00:00,YYZ,LHR,London,2026-10,861,cad,2026-10-23,2026-11-01,AC,Air Canada,854,1
2026-09-17T13:08:45.847410+00:00,YYZ,LHR,London,2026-11,786,cad,2026-11-10,2026-11-18,FI,Icelandair,602,1
2026-09-17T13:08:45.847410+00:00,YYZ,LHR,London,2026-12,1115,cad,2026-12-29,2027-01-09,AA,American Airlines,5886,1
2026-09-17T13:08:45.847410+00:00,YYZ,CDG,Paris,2026-09,795,cad,2026-09-26,2026-10-07,UA,United Airlines,3637,1
2026-09-17T13:08:45.847410+00:00,YYZ,CDG,Paris,2026-10,635,cad,2026-10-18,2026-10-24,TS,Air Transat,771,1
2026-09-17T13:08:45.847410+00:00,YYZ,CDG,Paris,2026-11,596,cad,2026-11-19,2026-11-24,FI,Icelandair,602,1
2026-09-17T13:08:45.847410+00:00,YYZ,CDG,Paris,2026-12,939,cad,2026-12-13,2027-01-04,TS,Air Transat,188,0
2026-09-17T13:08:45.847410+00:00,YYZ,CDG,Paris,2027-01,591,cad,2027-01-12,2027-01-22,FI,Icelandair,602,1
2026-09-17T13:08:45.847410+00:00,YYZ,CDG,Paris,2027-05,887,cad,2027-05-22,2027-05-30,VS,Virgin Atlantic,148,1
2026-09-17T13:08:45.847410+00:00,YYZ,FCO,Rome,2026-09,916,cad,2026-09-29,2026-10-09,TS,Air Transat,308,1
2026-09-17T13:08:45.847410+00:00,YYZ,FCO,Rome,2026-10,706,cad,2026-10-12,2026-10-21,FI,Icelandair,604,1
2026-09-17T13:08:45.847410+00:00,YYZ,FCO,Rome,2026-11,751,cad,2026-11-19,2026-11-24,TP,TAP Air Portugal,258,1
2026-09-17T13:08:45.847410+00:00,YYZ,FCO,Rome,2026-12,1280,cad,2026-12-04,2027-01-03,AA,American Airlines,6921,1
2026-09-17T13:08:45.847410+00:00,YYZ,FCO,Rome,2027-02,772,cad,2027-02-13,2027-02-19,KL,KLM,692,1
2026-09-17T13:08:45.847410+00:00,YYZ,AMS,Amsterdam,2026-10,695,cad,2026-10-26,2026-11-09,TP,TAP Air Portugal,262,1
2026-09-17T13:08:45.847410+00:00,YYZ,AMS,Amsterdam,2026-11,694,cad,2026-11-11,2026-11-17,TP,TAP Air Portugal,262,1
2026-09-17T13:08:45.847410+00:00,YYZ,AMS,Amsterdam,2027-04,766,cad,2027-04-14,2027-04-18,TP,TAP Air Portugal,262,1
2026-09-17T13:08:45.847410+00:00,YYZ,AMS,Amsterdam,2027-05,766,cad,2027-05-01,2027-05-07,TP,TAP Air Portugal,258,1
2026-09-17T13:08:45.847410+00:00,YYZ,MAD,Madrid,2026-10,839,cad,2026-10-14,2026-10-30,AA,American Airlines,8851,1
2026-09-17T13:08:45.847410+00:00,YYZ,MAD,Madrid,2027-05,733,cad,2027-05-03,2027-05-09,TP,TAP Air Portugal,258,1
2026-09-17T13:08:45.847410+00:00,YYZ,BCN,Barcelona,2026-09,819,cad,2026-09-24,2026-09-30,FI,Icelandair,602,1
2026-09-17T13:08:45.847410+00:00,YYZ,BCN,Barcelona,2026-10,755,cad,2026-10-07,2026-10-14,DE,Condor,2403,1
2026-09-17T13:08:45.847410+00:00,YYZ,BCN,Barcelona,2026-12,617,cad,2026-12-31,2027-01-13,TP,TAP Air Portugal,258,1
2026-09-17T13:08:45.847410+00:00,YYZ,BCN,Barcelona,2027-01,824,cad,2027-01-12,2027-01-26,TP,TAP Air Portugal,258,1
2026-09-17T13:08:45.847410+00:00,YYZ,BCN,Barcelona,2027-05,601,cad,2027-05-17,2027-05-31,TP,TAP Air Portugal,262,1
2026-09-17T13:08:45.847410+00:00,YYZ,BCN,Barcelona,2027-06,1011,cad,2027-06-06,2027-06-15,IB,Iberia,8851,1
2026-09-17T13:08:45.847410+00:00,YYZ,FRA,Frankfurt,2026-09,932,cad,2026-09-30,2026-10-14,AC,Air Canada,432,1
2026-09-17T13:08:45.847410+00:00,YYZ,FRA,Frankfurt,2026-10,899,cad,2026-10-18,2026-11-01,AC,Air Canada,2056,1
2026-09-17T13:08:45.847410+00:00,YYZ,FRA,Frankfurt,2027-01,1076,cad,2027-01-09,2027-01-22,AC,Air Canada,410,1
2026-09-17T13:08:45.847410+00:00,YYZ,FRA,Frankfurt,2027-02,960,cad,2027-02-26,2027-03-07,AC,Air Canada,842,0
2026-09-17T13:08:45.847410+00:00,YYZ,FRA,Frankfurt,2027-04,937,cad,2027-04-20,2027-04-26,TP,TAP Air Portugal,258,1
2026-09-17T13:08:45.847410+00:00,YYZ,MUC,Munich,2026-09,1288,cad,2026-09-17,2026-09-20,AA,American Airlines,5030,1
2026-09-17T13:08:45.847410+00:00,YYZ,MUC,Munich,2026-10,831,cad,2026-10-11,2026-10-16,DE,Condor,2403,1
2026-09-17T13:08:45.847410+00:00,YYZ,MUC,Munich,2027-01,1132,cad,2027-01-09,2027-01-22,BA,British Airways,92,1
2026-09-17T13:08:45.847410+00:00,YYZ,MUC,Munich,2027-02,999,cad,2027-02-01,2027-02-15,FI,Icelandair,602,1
2026-09-17T13:08:45.847410+00:00,YYZ,DUB,Dublin,2026-09,809,cad,2026-09-23,2026-09-30,FI,Icelandair,604,1
2026-09-17T13:08:45.847410+00:00,YYZ,DUB,Dublin,2026-10,746,cad,2026-10-15,2026-10-25,WS,WestJet,46,0
2026-09-17T13:08:45.847410+00:00,YYZ,DUB,Dublin,2026-11,703,cad,2026-11-17,2026-11-29,AC,Air Canada,3712,1
2026-09-17T13:08:45.847410+00:00,YYZ,DUB,Dublin,2026-12,756,cad,2026-12-30,2027-01-11,BA,British Airways,98,1
2026-09-17T13:08:45.847410+00:00,YYZ,DUB,Dublin,2027-01,658,cad,2027-01-26,2027-02-05,EI,Aer Lingus,126,0
2026-09-17T13:08:45.847410+00:00,YYZ,ZRH,Zurich,2026-09,1143,cad,2026-09-17,2026-09-20,3L,Air Arabia Abu Dhabi,5668,2
2026-09-17T13:08:45.847410+00:00,YYZ,ZRH,Zurich,2026-10,1098,cad,2026-10-09,2026-10-14,AA,American Airlines,5192,1
2026-09-17T13:08:45.847410+00:00,YYZ,VIE,Vienna,2026-10,786,cad,2026-10-14,2026-10-27,DE,Condor,2403,1
2026-09-17T13:08:45.847410+00:00,YYZ,VIE,Vienna,2026-12,1307,cad,2026-12-21,2026-12-29,BA,British Airways,6921,1
2026-09-17T13:08:45.847410+00:00,YYZ,LIS,Lisbon,2026-09,819,cad,2026-09-27,2026-10-05,OH,PSA Airlines,5324,2
2026-09-17T13:08:45.847410+00:00,YYZ,LIS,Lisbon,2026-10,876,cad,2026-10-15,2026-10-22,BA,British Airways,98,1
2026-09-17T13:08:45.847410+00:00,YYZ,LIS,Lisbon,2026-11,452,cad,2026-11-23,2026-12-13,FI,Icelandair,602,1
2026-09-17T13:08:45.847410+00:00,YYZ,LIS,Lisbon,2026-12,1094,cad,2026-12-23,2027-01-01,S4,Azores Airlines,2322,1
2026-09-17T13:08:45.847410+00:00,YYZ,LIS,Lisbon,2027-01,807,cad,2027-01-06,2027-01-11,TP,TAP Air Portugal,262,0
2026-09-17T13:08:45.847410+00:00,YYZ,LIS,Lisbon,2027-02,543,cad,2027-02-15,2027-02-21,TS,Air Transat,771,1
2026-09-17T13:08:45.847410+00:00,YYZ,ATH,Athens,2026-10,1260,cad,2026-10-24,2026-10-26,DE,Condor,2403,3
2026-09-17T13:08:45.847410+00:00,YYZ,ATH,Athens,2026-12,1613,cad,2026-12-23,2027-01-03,S4,Azores Airlines,2322,3
2026-09-17T13:08:45.847410+00:00,YYZ,ARN,Stockholm,2026-12,1488,cad,2026-12-23,2027-01-02,S4,Azores Airlines,2322,3
2026-09-17T13:08:45.847410+00:00,YYZ,BER,Berlin,2026-09,961,cad,2026-09-26,2026-10-10,AC,Air Canada,3880,2
2026-09-17T13:08:45.847410+00:00,YYZ,BER,Berlin,2026-10,764,cad,2026-10-22,2026-11-05,DE,Condor,2403,1
2026-09-17T13:08:45.847410+00:00,YYZ,BER,Berlin,2026-11,683,cad,2026-11-17,2026-11-29,DE,Condor,2403,1
2026-09-17T13:08:45.847410+00:00,YYZ,BER,Berlin,2026-12,860,cad,2026-12-05,2026-12-12,AC,Air Canada,412,2
2026-09-17T13:08:45.847410+00:00,YYZ,WAW,Warsaw,2026-09,947,cad,2026-09-30,2026-11-26,SK,SAS Scandinavian,950,1
2026-09-17T13:08:45.847410+00:00,YYZ,WAW,Warsaw,2026-10,902,cad,2026-10-25,2026-11-15,SK,SAS Scandinavian,950,1
2026-09-17T13:08:45.847410+00:00,YYZ,WAW,Warsaw,2026-11,953,cad,2026-11-17,2026-11-29,SK,SAS Scandinavian,950,1
2026-09-17T13:08:45.847410+00:00,YYZ,WAW,Warsaw,2026-12,1048,cad,2026-12-12,2027-01-15,BA,British Airways,92,1
2026-09-17T13:08:45.847410+00:00,YYZ,WAW,Warsaw,2027-02,998,cad,2027-02-05,2027-02-20,BA,British Airways,98,1
2026-09-17T13:08:45.847410+00:00,YYZ,WAW,Warsaw,2027-04,864,cad,2027-04-15,2027-04-28,SK,SAS Scandinavian,950,1
2026-09-17T13:08:45.847410+00:00,YYZ,WAW,Warsaw,2027-05,958,cad,2027-05-03,2027-05-22,SK,SAS Scandinavian,950,1
2026-09-17T13:08:45.847410+00:00,YYZ,PRG,Prague,2026-09,911,cad,2026-09-21,2026-09-30,KL,KLM,696,1
2026-09-17T13:08:45.847410+00:00,YYZ,PRG,Prague,2026-10,900,cad,2026-10-26,2026-11-16,DE,Condor,2403,1
2026-09-17T13:08:45.847410+00:00,YYZ,PRG,Prague,2026-11,728,cad,2026-11-17,2026-11-29,DE,Condor,2403,1
2026-09-17T13:08:45.847410+00:00,YYZ,PRG,Prague,2026-12,1187,cad,2026-12-24,2027-01-09,BA,British Airways,98,1
2026-09-17T13:08:45.847410+00:00,YYZ,PRG,Prague,2027-01,930,cad,2027-01-27,2027-03-06,AF,Air France,359,1
2026-09-17T13:08:45.847410+00:00,YYZ,PRG,Prague,2027-02,851,cad,2027-02-23,2027-04-03,SK,SAS Scandinavian,950,1
2026-09-17T13:08:45.847410+00:00,YYZ,BUD,Budapest,2026-09,817,cad,2026-09-27,2026-10-30,KL,KLM,692,1
2026-09-17T13:08:45.847410+00:00,YYZ,BUD,Budapest,2026-10,728,cad,2026-10-13,2026-10-21,AC,Air Canada,942,1
2026-09-17T13:08:45.847410+00:00,YYZ,BUD,Budapest,2026-12,918,cad,2026-12-13,2026-12-21,LH,Lufthansa,6791,1
2026-09-17T13:08:45.847410+00:00,YYZ,MXP,Milan,2026-09,861,cad,2026-09-21,2026-09-23,DE,Condor,2403,1
2026-09-17T13:08:45.847410+00:00,YYZ,MXP,Milan,2026-10,725,cad,2026-10-06,2026-10-13,DE,Condor,2403,1
2026-09-17T13:08:45.847410+00:00,YYZ,MXP,Milan,2026-12,1332,cad,2026-12-04,2027-01-03,S4,Azores Airlines,322,2
2026-09-17T13:08:45.847410+00:00,YYZ,OSL,Oslo,2026-10,928,cad,2026-10-15,2026-10-22,AF,Air France,359,1
2026-09-17T13:08:45.847410+00:00,YYZ,EDI,Edinburgh,2026-09,951,cad,2026-09-17,2026-10-01,AC,Air Canada,5137,1
2026-09-17T13:08:45.847410+00:00,YYZ,KEF,Reykjavik,2026-09,859,cad,2026-09-23,2026-10-01,FI,Icelandair,602,0
2026-09-17T13:08:45.847410+00:00,YYZ,KEF,Reykjavik,2026-10,1205,cad,2026-10-09,2026-10-12,LH,Lufthansa,6779,1
2026-09-17T13:08:45.847410+00:00,YYZ,KEF,Reykjavik,2026-12,837,cad,2026-12-02,2026-12-07,FI,Icelandair,602,0
2026-09-17T13:08:45.847410+00:00,YYZ,KEF,Reykjavik,2027-01,617,cad,2027-01-22,2027-01-25,FI,Icelandair,602,0
2026-09-17T13:08:45.847410+00:00,YYZ,KEF,Reykjavik,2027-02,1145,cad,2027-02-01,2027-02-04,FI,Icelandair,602,0
2026-09-17T13:08:45.847410+00:00,YYZ,KEF,Reykjavik,2027-05,1010,cad,2027-05-01,2027-05-04,SK,SAS Scandinavian,950,1
2026-09-17T13:08:45.847410+00:00,YYZ,DEL,Delhi,2026-09,1071,cad,2026-09-19,2026-09-29,ET,Ethiopian Airlines,553,1
2026-09-17T13:08:45.847410+00:00,YYZ,DEL,Delhi,2026-10,1600,cad,2026-10-10,2026-10-12,TS,Air Transat,230,2
2026-09-17T13:08:45.847410+00:00,YYZ,DEL,Delhi,2026-11,1426,cad,2026-11-03,2026-11-24,AA,American Airlines,4438,2
2026-09-17T13:08:45.847410+00:00,YYZ,DEL,Delhi,2026-12,2273,cad,2026-12-15,2027-01-19,BA,British Airways,98,2
2026-09-17T13:08:45.847410+00:00,YYZ,DEL,Delhi,2027-01,1499,cad,2027-01-24,2027-03-17,SV,Saudia,62,1
2026-09-17T13:08:45.847410+00:00,YYZ,DEL,Delhi,2027-02,1560,cad,2027-02-01,2027-03-24,BA,British Airways,98,2
2026-09-17T13:08:45.847410+00:00,YYZ,DEL,Delhi,2027-03,1778,cad,2027-03-12,2027-03-28,AA,American Airlines,4542,2
2026-09-17T13:08:45.847410+00:00,YYZ,BOM,Mumbai,2026-10,1640,cad,2026-10-10,2026-11-29,AI,Air India,190,1
2026-09-17T13:08:45.847410+00:00,YYZ,BOM,Mumbai,2026-11,1532,cad,2026-11-18,2026-12-05,ET,Ethiopian Airlines,553,1
2026-09-17T13:08:45.847410+00:00,YYZ,BOM,Mumbai,2027-01,1347,cad,2027-01-29,2027-02-20,AA,American Airlines,4542,2
2026-09-18T13:06:56.535306+00:00,YYZ,LHR,London,2026-09,874,cad,2026-09-26,2026-10-10,AC,Air Canada,488,1
2026-09-18T13:06:56.535306+00:00,YYZ,LHR,London,2026-10,861,cad,2026-10-23,2026-11-01,AC,Air Canada,854,1
2026-09-18T13:06:56.535306+00:00,YYZ,LHR,London,2026-11,785,cad,2026-11-21,2026-11-29,FI,Icelandair,602,1
2026-09-18T13:06:56.535306+00:00,YYZ,LHR,London,2026-12,1115,cad,2026-12-29,2027-01-09,AA,American Airlines,5886,1
2026-09-18T13:06:56.535306+00:00,YYZ,CDG,Paris,2026-09,795,cad,2026-09-26,2026-10-07,UA,United Airlines,3637,1
2026-09-18T13:06:56.535306+00:00,YYZ,CDG,Paris,2026-10,635,cad,2026-10-18,2026-10-24,TS,Air Transat,771,1
2026-09-18T13:06:56.535306+00:00,YYZ,CDG,Paris,2026-11,596,cad,2026-11-19,2026-11-24,FI,Icelandair,602,1
2026-09-18T13:06:56.535306+00:00,YYZ,CDG,Paris,2026-12,1078,cad,2026-12-23,2026-12-30,FI,Icelandair,604,1
2026-09-18T13:06:56.535306+00:00,YYZ,CDG,Paris,2027-01,588,cad,2027-01-13,2027-01-22,FI,Icelandair,602,1
2026-09-18T13:06:56.535306+00:00,YYZ,CDG,Paris,2027-05,887,cad,2027-05-22,2027-05-30,VS,Virgin Atlantic,148,1
2026-09-18T13:06:56.535306+00:00,YYZ,FCO,Rome,2026-09,916,cad,2026-09-29,2026-10-09,TS,Air Transat,308,1
2026-09-18T13:06:56.535306+00:00,YYZ,FCO,Rome,2026-10,696,cad,2026-10-13,2026-10-21,DE,Condor,2403,1
2026-09-18T13:06:56.535306+00:00,YYZ,FCO,Rome,2026-11,751,cad,2026-11-19,2026-11-24,TP,TAP Air Portugal,258,1
2026-09-18T13:06:56.535306+00:00,YYZ,FCO,Rome,2026-12,1280,cad,2026-12-04,2027-01-03,AA,American Airlines,6921,1
2026-09-18T13:06:56.535306+00:00,YYZ,FCO,Rome,2027-01,789,cad,2027-01-08,2027-01-15,KL,KLM,696,1
2026-09-18T13:06:56.535306+00:00,YYZ,FCO,Rome,2027-02,772,cad,2027-02-13,2027-02-19,KL,KLM,692,1
2026-09-18T13:06:56.535306+00:00,YYZ,AMS,Amsterdam,2026-10,719,cad,2026-10-29,2026-11-05,FI,Icelandair,602,1
2026-09-18T13:06:56.535306+00:00,YYZ,AMS,Amsterdam,2026-11,693,cad,2026-11-12,2026-11-17,FI,Icelandair,602,1
2026-09-18T13:06:56.535306+00:00,YYZ,AMS,Amsterdam,2027-05,766,cad,2027-05-01,2027-05-07,TP,TAP Air Portugal,258,1
2026-09-18T13:06:56.535306+00:00,YYZ,MAD,Madrid,2026-10,839,cad,2026-10-14,2026-10-30,AA,American Airlines,8851,1
2026-09-18T13:06:56.535306+00:00,YYZ,MAD,Madrid,2027-05,733,cad,2027-05-03,2027-05-09,TP,TAP Air Portugal,258,1
2026-09-18T13:06:56.535306+00:00,YYZ,BCN,Barcelona,2026-09,819,cad,2026-09-24,2026-09-30,FI,Icelandair,602,1
2026-09-18T13:06:56.535306+00:00,YYZ,BCN,Barcelona,2026-10,769,cad,2026-10-25,2026-11-01,DE,Condor,2403,1
2026-09-18T13:06:56.535306+00:00,YYZ,BCN,Barcelona,2026-12,617,cad,2026-12-31,2027-01-13,TP,TAP Air Portugal,258,1
2026-09-18T13:06:56.535306+00:00,YYZ,BCN,Barcelona,2027-01,824,cad,2027-01-12,2027-01-26,TP,TAP Air Portugal,258,1
2026-09-18T13:06:56.535306+00:00,YYZ,BCN,Barcelona,2027-05,601,cad,2027-05-17,2027-05-31,TP,TAP Air Portugal,262,1
2026-09-18T13:06:56.535306+00:00,YYZ,BCN,Barcelona,2027-06,1011,cad,2027-06-06,2027-06-15,IB,Iberia,8851,1
2026-09-18T13:06:56.535306+00:00,YYZ,FRA,Frankfurt,2026-09,1273,cad,2026-09-22,2026-09-29,AC,Air Canada,2064,1
2026-09-18T13:06:56.535306+00:00,YYZ,FRA,Frankfurt,2026-10,899,cad,2026-10-18,2026-11-01,AC,Air Canada,2056,1
2026-09-18T13:06:56.535306+00:00,YYZ,FRA,Frankfurt,2027-01,1076,cad,2027-01-09,2027-01-22,AC,Air Canada,410,1
2026-09-18T13:06:56.535306+00:00,YYZ,FRA,Frankfurt,2027-02,960,cad,2027-02-26,2027-03-07,AC,Air Canada,842,0
2026-09-18T13:06:56.535306+00:00,YYZ,FRA,Frankfurt,2027-04,937,cad,2027-04-20,2027-04-26,TP,TAP Air Portugal,258,1
2026-09-18T13:06:56.535306+00:00,YYZ,MUC,Munich,2026-10,773,cad,2026-10-18,2026-10-25,DE,Condor,2403,1
2026-09-18T13:06:56.535306+00:00,YYZ,MUC,Munich,2027-01,1132,cad,2027-01-09,2027-01-22,BA,British Airways,92,1
2026-09-18T13:06:56.535306+00:00,YYZ,MUC,Munich,2027-02,999,cad,2027-02-01,2027-02-15,FI,Icelandair,602,1
2026-09-18T13:06:56.535306+00:00,YYZ,DUB,Dublin,2026-10,703,cad,2026-10-04,2026-10-13,AC,Air Canada,800,1
2026-09-18T13:06:56.535306+00:00,YYZ,DUB,Dublin,2026-11,703,cad,2026-11-17,2026-11-29,AC,Air Canada,3712,1
2026-09-18T13:06:56.535306+00:00,YYZ,DUB,Dublin,2026-12,756,cad,2026-12-30,2027-01-11,BA,British Airways,98,1
2026-09-18T13:06:56.535306+00:00,YYZ,DUB,Dublin,2027-01,601,cad,2027-01-26,2027-02-05,FI,Icelandair,602,1
2026-09-18T13:06:56.535306+00:00,YYZ,ZRH,Zurich,2026-09,1147,cad,2026-09-18,2026-09-20,AA,American Airlines,5525,1
2026-09-18T13:06:56.535306+00:00,YYZ,ZRH,Zurich,2026-10,1098,cad,2026-10-09,2026-10-14,AA,American Airlines,5192,1
2026-09-18T13:06:56.535306+00:00,YYZ,VIE,Vienna,2026-10,954,cad,2026-10-24,2026-11-08,DE,Condor,2403,1
2026-09-18T13:06:56.535306+00:00,YYZ,VIE,Vienna,2026-12,1388,cad,2026-12-21,2026-12-29,BA,British Airways,98,1
2026-09-18T13:06:56.535306+00:00,YYZ,LIS,Lisbon,2026-09,819,cad,2026-09-27,2026-10-05,OH,PSA Airlines,5324,2
2026-09-18T13:06:56.535306+00:00,YYZ,LIS,Lisbon,2026-10,876,cad,2026-10-15,2026-10-22,BA,British Airways,98,1
2026-09-18T13:06:56.535306+00:00,YYZ,LIS,Lisbon,2026-11,452,cad,2026-11-23,2026-12-13,FI,Icelandair,602,1
2026-09-18T13:06:56.535306+00:00,YYZ,LIS,Lisbon,2026-12,1094,cad,2026-12-23,2027-01-01,S4,Azores Airlines,2322,1
2026-09-18T13:06:56.535306+00:00,YYZ,LIS,Lisbon,2027-01,807,cad,2027-01-06,2027-01-11,TP,TAP Air Portugal,262,0
2026-09-18T13:06:56.535306+00:00,YYZ,LIS,Lisbon,2027-02,543,cad,2027-02-15,2027-02-21,TS,Air Transat,771,1
2026-09-18T13:06:56.535306+00:00,YYZ,LIS,Lisbon,2027-06,1013,cad,2027-06-27,2027-06-29,WS,WestJet,800,1
2026-09-18T13:06:56.535306+00:00,YYZ,ATH,Athens,2026-10,1260,cad,2026-10-24,2026-10-26,DE,Condor,2403,3
2026-09-18T13:06:56.535306+00:00,YYZ,ATH,Athens,2026-12,1613,cad,2026-12-23,2027-01-03,S4,Azores Airlines,2322,3
2026-09-18T13:06:56.535306+00:00,YYZ,CPH,Copenhagen,2026-10,787,cad,2026-10-22,2026-11-11,AC,Air Canada,828,0
2026-09-18T13:06:56.535306+00:00,YYZ,ARN,Stockholm,2026-12,1488,cad,2026-12-23,2027-01-02,S4,Azores Airlines,2322,3
2026-09-18T13:06:56.535306+00:00,YYZ,BER,Berlin,2026-09,961,cad,2026-09-26,2026-10-10,AC,Air Canada,3880,2
2026-09-18T13:06:56.535306+00:00,YYZ,BER,Berlin,2026-10,764,cad,2026-10-22,2026-11-05,DE,Condor,2403,1
2026-09-18T13:06:56.535306+00:00,YYZ,BER,Berlin,2026-11,695,cad,2026-11-17,2026-11-29,DE,Condor,2403,1
2026-09-18T13:06:56.535306+00:00,YYZ,BER,Berlin,2026-12,860,cad,2026-12-05,2026-12-12,AC,Air Canada,412,2
2026-09-18T13:06:56.535306+00:00,YYZ,WAW,Warsaw,2026-09,947,cad,2026-09-30,2026-11-26,SK,SAS Scandinavian,950,1
2026-09-18T13:06:56.535306+00:00,YYZ,WAW,Warsaw,2026-10,897,cad,2026-10-10,2026-10-20,TS,Air Transat,230,1
2026-09-18T13:06:56.535306+00:00,YYZ,WAW,Warsaw,2026-11,953,cad,2026-11-17,2026-11-29,SK,SAS Scandinavian,950,1
2026-09-18T13:06:56.535306+00:00,YYZ,WAW,Warsaw,2026-12,1048,cad,2026-12-12,2027-01-15,BA,British Airways,92,1
2026-09-18T13:06:56.535306+00:00,YYZ,WAW,Warsaw,2027-02,949,cad,2027-02-05,2027-02-20,BA,British Airways,92,2
2026-09-18T13:06:56.535306+00:00,YYZ,WAW,Warsaw,2027-04,865,cad,2027-04-15,2027-04-28,SK,SAS Scandinavian,950,1
2026-09-18T13:06:56.535306+00:00,YYZ,WAW,Warsaw,2027-05,979,cad,2027-05-03,2027-05-22,AA,American Airlines,8962,1
2026-09-18T13:06:56.535306+00:00,YYZ,PRG,Prague,2026-09,911,cad,2026-09-21,2026-09-30,KL,KLM,696,1
2026-09-18T13:06:56.535306+00:00,YYZ,PRG,Prague,2026-10,900,cad,2026-10-26,2026-11-16,DE,Condor,2403,1
2026-09-18T13:06:56.535306+00:00,YYZ,PRG,Prague,2026-11,728,cad,2026-11-17,2026-11-29,DE,Condor,2403,1
2026-09-18T13:06:56.535306+00:00,YYZ,PRG,Prague,2026-12,1187,cad,2026-12-24,2027-01-09,BA,British Airways,98,1
2026-09-18T13:06:56.535306+00:00,YYZ,PRG,Prague,2027-01,930,cad,2027-01-27,2027-03-06,AF,Air France,359,1
2026-09-18T13:06:56.535306+00:00,YYZ,PRG,Prague,2027-02,851,cad,2027-02-23,2027-04-03,SK,SAS Scandinavian,950,1
2026-09-18T13:06:56.535306+00:00,YYZ,BUD,Budapest,2026-09,817,cad,2026-09-27,2026-10-30,KL,KLM,692,1
2026-09-18T13:06:56.535306+00:00,YYZ,BUD,Budapest,2026-10,728,cad,2026-10-13,2026-10-21,AC,Air Canada,942,1
2026-09-18T13:06:56.535306+00:00,YYZ,BUD,Budapest,2026-12,918,cad,2026-12-13,2026-12-21,LH,Lufthansa,6791,1
2026-09-18T13:06:56.535306+00:00,YYZ,MXP,Milan,2026-09,861,cad,2026-09-21,2026-09-23,DE,Condor,2403,1
2026-09-18T13:06:56.535306+00:00,YYZ,MXP,Milan,2026-10,734,cad,2026-10-06,2026-10-13,DE,Condor,2403,1
2026-09-18T13:06:56.535306+00:00,YYZ,MXP,Milan,2026-12,1332,cad,2026-12-04,2027-01-03,S4,Azores Airlines,322,2
2026-09-18T13:06:56.535306+00:00,YYZ,OSL,Oslo,2026-10,928,cad,2026-10-15,2026-10-22,AF,Air France,359,1
2026-09-18T13:06:56.535306+00:00,YYZ,EDI,Edinburgh,2026-10,858,cad,2026-10-10,2026-10-15,TS,Air Transat,230,1
2026-09-18T13:06:56.535306+00:00,YYZ,KEF,Reykjavik,2026-09,859,cad,2026-09-23,2026-10-01,FI,Icelandair,602,0
2026-09-18T13:06:56.535306+00:00,YYZ,KEF,Reykjavik,2026-10,1205,cad,2026-10-09,2026-10-12,LH,Lufthansa,6779,1
2026-09-18T13:06:56.535306+00:00,YYZ,KEF,Reykjavik,2026-12,837,cad,2026-12-02,2026-12-07,FI,Icelandair,602,0
2026-09-18T13:06:56.535306+00:00,YYZ,KEF,Reykjavik,2027-01,617,cad,2027-01-22,2027-01-25,FI,Icelandair,602,0
2026-09-18T13:06:56.535306+00:00,YYZ,KEF,Reykjavik,2027-02,1145,cad,2027-02-01,2027-02-04,FI,Icelandair,602,0
2026-09-18T13:06:56.535306+00:00,YYZ,KEF,Reykjavik,2027-05,1010,cad,2027-05-01,2027-05-04,SK,SAS Scandinavian,950,1
2026-09-18T13:06:56.535306+00:00,YYZ,DEL,Delhi,2026-09,1071,cad,2026-09-19,2026-09-29,ET,Ethiopian Airlines,553,1
2026-09-18T13:06:56.535306+00:00,YYZ,DEL,Delhi,2026-10,1605,cad,2026-10-18,2026-11-02,ET,Ethiopian Airlines,553,1
2026-09-18T13:06:56.535306+00:00,YYZ,DEL,Delhi,2026-11,1439,cad,2026-11-08,2026-11-24,AA,American Airlines,4542,2
2026-09-18T13:06:56.535306+00:00,YYZ,DEL,Delhi,2026-12,2271,cad,2026-12-05,2027-01-04,BA,British Airways,98,2
2026-09-18T13:06:56.535306+00:00,YYZ,DEL,Delhi,2027-01,1499,cad,2027-01-24,2027-03-17,SV,Saudia,62,1
2026-09-18T13:06:56.535306+00:00,YYZ,DEL,Delhi,2027-02,1560,cad,2027-02-01,2027-03-24,BA,British Airways,98,2
2026-09-18T13:06:56.535306+00:00,YYZ,DEL,Delhi,2027-03,1778,cad,2027-03-12,2027-03-28,AA,American Airlines,4542,2
2026-09-18T13:06:56.535306+00:00,YYZ,BOM,Mumbai,2026-10,1640,cad,2026-10-10,2026-11-29,AI,Air India,190,1
2026-09-18T13:06:56.535306+00:00,YYZ,BOM,Mumbai,2026-11,1564,cad,2026-11-05,2026-12-01,ET,Ethiopian Airlines,553,1
2026-09-18T13:06:56.535306+00:00,YYZ,BOM,Mumbai,2027-01,1347,cad,2027-01-29,2027-02-20,AA,American Airlines,4542,2
2026-09-19T16:11:50.471085+00:00,YYZ,LHR,London,2026-09,874,cad,2026-09-26,2026-10-10,AC,Air Canada,488,1
2026-09-19T16:11:50.471085+00:00,YYZ,LHR,London,2026-10,847,cad,2026-10-10,2026-10-15,AC,Air Canada,404,1
2026-09-19T16:11:50.471085+00:00,YYZ,LHR,London,2026-11,771,cad,2026-11-15,2026-11-21,FI,Icelandair,602,1
2026-09-19T16:11:50.471085+00:00,YYZ,CDG,Paris,2026-09,818,cad,2026-09-26,2026-10-07,AC,Air Canada,432,1
2026-09-19T16:11:50.471085+00:00,YYZ,CDG,Paris,2026-10,675,cad,2026-10-18,2026-10-23,TS,Air Transat,771,1
2026-09-19T16:11:50.471085+00:00,YYZ,CDG,Paris,2026-11,596,cad,2026-11-19,2026-11-24,FI,Icelandair,602,1
2026-09-19T16:11:50.471085+00:00,YYZ,CDG,Paris,2026-12,1078,cad,2026-12-23,2026-12-30,FI,Icelandair,604,1
2026-09-19T16:11:50.471085+00:00,YYZ,CDG,Paris,2027-01,580,cad,2027-01-14,2027-01-22,FI,Icelandair,602,1
2026-09-19T16:11:50.471085+00:00,YYZ,CDG,Paris,2027-05,887,cad,2027-05-22,2027-05-30,VS,Virgin Atlantic,148,1
2026-09-19T16:11:50.471085+00:00,YYZ,FCO,Rome,2026-09,916,cad,2026-09-29,2026-10-09,TS,Air Transat,308,1
2026-09-19T16:11:50.471085+00:00,YYZ,FCO,Rome,2026-10,698,cad,2026-10-13,2026-10-21,FI,Icelandair,602,1
2026-09-19T16:11:50.471085+00:00,YYZ,FCO,Rome,2026-11,751,cad,2026-11-19,2026-11-24,TP,TAP Air Portugal,258,1
2026-09-19T16:11:50.471085+00:00,YYZ,FCO,Rome,2026-12,1280,cad,2026-12-04,2027-01-03,AA,American Airlines,6921,1
2026-09-19T16:11:50.471085+00:00,YYZ,FCO,Rome,2027-01,789,cad,2027-01-08,2027-01-15,KL,KLM,696,1
2026-09-19T16:11:50.471085+00:00,YYZ,FCO,Rome,2027-02,772,cad,2027-02-13,2027-02-19,KL,KLM,692,1
2026-09-19T16:11:50.471085+00:00,YYZ,AMS,Amsterdam,2026-10,719,cad,2026-10-29,2026-11-05,FI,Icelandair,602,1
2026-09-19T16:11:50.471085+00:00,YYZ,AMS,Amsterdam,2026-11,694,cad,2026-11-11,2026-11-17,TP,TAP Air Portugal,262,1
2026-09-19T16:11:50.471085+00:00,YYZ,AMS,Amsterdam,2026-12,687,cad,2026-12-09,2026-12-14,TP,TAP Air Portugal,262,1
2026-09-19T16:11:50.471085+00:00,YYZ,AMS,Amsterdam,2027-02,746,cad,2027-02-01,2027-02-27,TP,TAP Air Portugal,262,1
2026-09-19T16:11:50.471085+00:00,YYZ,AMS,Amsterdam,2027-05,766,cad,2027-05-01,2027-05-07,TP,TAP Air Portugal,258,1
2026-09-19T16:11:50.471085+00:00,YYZ,MAD,Madrid,2026-10,839,cad,2026-10-14,2026-10-30,AA,American Airlines,8851,1
2026-09-19T16:11:50.471085+00:00,YYZ,MAD,Madrid,2027-05,733,cad,2027-05-03,2027-05-09,TP,TAP Air Portugal,258,1
2026-09-19T16:11:50.471085+00:00,YYZ,BCN,Barcelona,2026-09,819,cad,2026-09-24,2026-09-30,FI,Icelandair,602,1
2026-09-19T16:11:50.471085+00:00,YYZ,BCN,Barcelona,2026-10,768,cad,2026-10-25,2026-11-01,DE,Condor,2403,1
2026-09-19T16:11:50.471085+00:00,YYZ,BCN,Barcelona,2026-12,617,cad,2026-12-31,2027-01-13,TP,TAP Air Portugal,258,1
2026-09-19T16:11:50.471085+00:00,YYZ,BCN,Barcelona,2027-01,824,cad,2027-01-12,2027-01-26,TP,TAP Air Portugal,258,1
2026-09-19T16:11:50.471085+00:00,YYZ,BCN,Barcelona,2027-05,601,cad,2027-05-17,2027-05-31,TP,TAP Air Portugal,262,1
2026-09-19T16:11:50.471085+00:00,YYZ,BCN,Barcelona,2027-06,1011,cad,2027-06-06,2027-06-15,IB,Iberia,8851,1
2026-09-19T16:11:50.471085+00:00,YYZ,FRA,Frankfurt,2026-09,1273,cad,2026-09-22,2026-09-29,AC,Air Canada,2064,1
2026-09-19T16:11:50.471085+00:00,YYZ,FRA,Frankfurt,2026-10,899,cad,2026-10-18,2026-11-01,AC,Air Canada,2056,1
2026-09-19T16:11:50.471085+00:00,YYZ,FRA,Frankfurt,2027-01,1076,cad,2027-01-09,2027-01-22,AC,Air Canada,410,1
2026-09-19T16:11:50.471085+00:00,YYZ,FRA,Frankfurt,2027-02,960,cad,2027-02-26,2027-03-07,AC,Air Canada,842,0
2026-09-19T16:11:50.471085+00:00,YYZ,FRA,Frankfurt,2027-04,937,cad,2027-04-20,2027-04-26,TP,TAP Air Portugal,258,1
2026-09-19T16:11:50.471085+00:00,YYZ,MUC,Munich,2026-10,772,cad,2026-10-18,2026-10-25,DE,Condor,2403,1
2026-09-19T16:11:50.471085+00:00,YYZ,MUC,Munich,2027-01,1033,cad,2027-01-09,2027-01-22,BA,British Airways,92,1
2026-09-19T16:11:50.471085+00:00,YYZ,MUC,Munich,2027-02,999,cad,2027-02-01,2027-02-15,FI,Icelandair,602,1
2026-09-19T16:11:50.471085+00:00,YYZ,DUB,Dublin,2026-10,703,cad,2026-10-04,2026-10-13,AC,Air Canada,800,1
2026-09-19T16:11:50.471085+00:00,YYZ,DUB,Dublin,2026-11,703,cad,2026-11-17,2026-11-29,AC,Air Canada,3712,1
2026-09-19T16:11:50.471085+00:00,YYZ,DUB,Dublin,2026-12,756,cad,2026-12-30,2027-01-11,BA,British Airways,98,1
2026-09-19T16:11:50.471085+00:00,YYZ,DUB,Dublin,2027-01,595,cad,2027-01-27,2027-02-05,FI,Icelandair,602,1
2026-09-19T16:11:50.471085+00:00,YYZ,ZRH,Zurich,2026-10,1098,cad,2026-10-09,2026-10-14,AA,American Airlines,5192,1
2026-09-19T16:11:50.471085+00:00,YYZ,VIE,Vienna,2026-10,954,cad,2026-10-24,2026-11-08,DE,Condor,2403,1
2026-09-19T16:11:50.471085+00:00,YYZ,VIE,Vienna,2026-12,1388,cad,2026-12-21,2026-12-29,BA,British Airways,98,1
2026-09-19T16:11:50.471085+00:00,YYZ,LIS,Lisbon,2026-09,819,cad,2026-09-27,2026-10-05,OH,PSA Airlines,5324,2
2026-09-19T16:11:50.471085+00:00,YYZ,LIS,Lisbon,2026-10,876,cad,2026-10-15,2026-10-22,BA,British Airways,98,1
2026-09-19T16:11:50.471085+00:00,YYZ,LIS,Lisbon,2026-11,612,cad,2026-11-22,2026-12-13,TP,TAP Air Portugal,262,0
2026-09-19T16:11:50.471085+00:00,YYZ,LIS,Lisbon,2026-12,1094,cad,2026-12-23,2027-01-01,S4,Azores Airlines,2322,1
2026-09-19T16:11:50.471085+00:00,YYZ,LIS,Lisbon,2027-01,807,cad,2027-01-06,2027-01-11,TP,TAP Air Portugal,262,0
2026-09-19T16:11:50.471085+00:00,YYZ,LIS,Lisbon,2027-02,576,cad,2027-02-15,2027-02-21,TS,Air Transat,771,1
2026-09-19T16:11:50.471085+00:00,YYZ,LIS,Lisbon,2027-06,1012,cad,2027-06-27,2027-06-29,WS,WestJet,800,1
2026-09-19T16:11:50.471085+00:00,YYZ,ATH,Athens,2026-10,1260,cad,2026-10-24,2026-10-26,DE,Condor,2403,3
2026-09-19T16:11:50.471085+00:00,YYZ,ATH,Athens,2026-12,1613,cad,2026-12-23,2027-01-03,S4,Azores Airlines,2322,3
2026-09-19T16:11:50.471085+00:00,YYZ,CPH,Copenhagen,2026-10,786,cad,2026-10-22,2026-11-11,AC,Air Canada,828,0
2026-09-19T16:11:50.471085+00:00,YYZ,ARN,Stockholm,2026-12,969,cad,2026-12-08,2026-12-19,BA,British Airways,98,1
2026-09-19T16:11:50.471085+00:00,YYZ,BER,Berlin,2026-09,961,cad,2026-09-26,2026-10-10,AC,Air Canada,3880,2
2026-09-19T16:11:50.471085+00:00,YYZ,BER,Berlin,2026-10,764,cad,2026-10-22,2026-11-05,DE,Condor,2403,1
2026-09-19T16:11:50.471085+00:00,YYZ,BER,Berlin,2026-11,694,cad,2026-11-17,2026-11-29,DE,Condor,2403,1
2026-09-19T16:11:50.471085+00:00,YYZ,BER,Berlin,2026-12,869,cad,2026-12-08,2026-12-14,LX,SWISS,4641,1
2026-09-19T16:11:50.471085+00:00,YYZ,WAW,Warsaw,2026-09,947,cad,2026-09-30,2026-11-26,SK,SAS Scandinavian,950,1
2026-09-19T16:11:50.471085+00:00,YYZ,WAW,Warsaw,2026-10,893,cad,2026-10-04,2026-11-16,SK,SAS Scandinavian,950,1
2026-09-19T16:11:50.471085+00:00,YYZ,WAW,Warsaw,2026-11,806,cad,2026-11-01,2026-11-16,SK,SAS Scandinavian,950,1
2026-09-19T16:11:50.471085+00:00,YYZ,WAW,Warsaw,2026-12,1048,cad,2026-12-12,2027-01-15,BA,British Airways,92,1
2026-09-19T16:11:50.471085+00:00,YYZ,WAW,Warsaw,2027-02,953,cad,2027-02-05,2027-02-20,BA,British Airways,92,2
2026-09-19T16:11:50.471085+00:00,YYZ,WAW,Warsaw,2027-04,863,cad,2027-04-15,2027-04-28,SK,SAS Scandinavian,950,1
2026-09-19T16:11:50.471085+00:00,YYZ,WAW,Warsaw,2027-05,978,cad,2027-05-03,2027-05-22,AA,American Airlines,8962,1
2026-09-19T16:11:50.471085+00:00,YYZ,PRG,Prague,2026-10,893,cad,2026-10-04,2026-10-09,SK,SAS Scandinavian,950,1
2026-09-19T16:11:50.471085+00:00,YYZ,PRG,Prague,2026-11,728,cad,2026-11-17,2026-11-29,DE,Condor,2403,1
2026-09-19T16:11:50.471085+00:00,YYZ,PRG,Prague,2026-12,1187,cad,2026-12-24,2027-01-09,BA,British Airways,98,1
2026-09-19T16:11:50.471085+00:00,YYZ,PRG,Prague,2027-01,925,cad,2027-01-27,2027-03-06,AF,Air France,359,1
2026-09-19T16:11:50.471085+00:00,YYZ,PRG,Prague,2027-02,851,cad,2027-02-23,2027-04-03,SK,SAS Scandinavian,950,1
2026-09-19T16:11:50.471085+00:00,YYZ,BUD,Budapest,2026-09,817,cad,2026-09-27,2026-10-30,KL,KLM,692,1
2026-09-19T16:11:50.471085+00:00,YYZ,BUD,Budapest,2026-10,728,cad,2026-10-13,2026-10-21,AC,Air Canada,942,1
2026-09-19T16:11:50.471085+00:00,YYZ,BUD,Budapest,2026-12,918,cad,2026-12-13,2026-12-21,LH,Lufthansa,6791,1
2026-09-19T16:11:50.471085+00:00,YYZ,MXP,Milan,2026-09,861,cad,2026-09-21,2026-09-23,DE,Condor,2403,1
2026-09-19T16:11:50.471085+00:00,YYZ,MXP,Milan,2026-10,733,cad,2026-10-06,2026-10-13,DE,Condor,2403,1
2026-09-19T16:11:50.471085+00:00,YYZ,MXP,Milan,2026-12,1332,cad,2026-12-04,2027-01-03,S4,Azores Airlines,322,2
2026-09-19T16:11:50.471085+00:00,YYZ,OSL,Oslo,2026-10,928,cad,2026-10-15,2026-10-22,AF,Air France,359,1
2026-09-19T16:11:50.471085+00:00,YYZ,EDI,Edinburgh,2026-10,858,cad,2026-10-10,2026-10-15,TS,Air Transat,230,1
2026-09-19T16:11:50.471085+00:00,YYZ,KEF,Reykjavik,2026-09,859,cad,2026-09-23,2026-10-01,FI,Icelandair,602,0
2026-09-19T16:11:50.471085+00:00,YYZ,KEF,Reykjavik,2026-10,1205,cad,2026-10-09,2026-10-12,LH,Lufthansa,6779,1
2026-09-19T16:11:50.471085+00:00,YYZ,KEF,Reykjavik,2026-12,837,cad,2026-12-02,2026-12-07,FI,Icelandair,602,0
2026-09-19T16:11:50.471085+00:00,YYZ,KEF,Reykjavik,2027-01,617,cad,2027-01-22,2027-01-25,FI,Icelandair,602,0
2026-09-19T16:11:50.471085+00:00,YYZ,KEF,Reykjavik,2027-02,1145,cad,2027-02-01,2027-02-04,FI,Icelandair,602,0
2026-09-19T16:11:50.471085+00:00,YYZ,KEF,Reykjavik,2027-05,1010,cad,2027-05-01,2027-05-04,SK,SAS Scandinavian,950,1
2026-09-19T16:11:50.471085+00:00,YYZ,DEL,Delhi,2026-09,1585,cad,2026-09-19,2026-09-28,PD,Porter Airlines Canada,605,2
2026-09-19T16:11:50.471085+00:00,YYZ,DEL,Delhi,2026-10,1603,cad,2026-10-18,2026-11-02,ET,Ethiopian Airlines,553,1
2026-09-19T16:11:50.471085+00:00,YYZ,DEL,Delhi,2026-11,1438,cad,2026-11-08,2026-11-24,AA,American Airlines,4542,2
2026-09-19T16:11:50.471085+00:00,YYZ,DEL,Delhi,2026-12,2271,cad,2026-12-05,2027-01-04,BA,British Airways,98,2
2026-09-19T16:11:50.471085+00:00,YYZ,DEL,Delhi,2027-01,1499,cad,2027-01-24,2027-03-17,SV,Saudia,62,1
2026-09-19T16:11:50.471085+00:00,YYZ,DEL,Delhi,2027-02,1560,cad,2027-02-01,2027-03-24,BA,British Airways,98,2
2026-09-19T16:11:50.471085+00:00,YYZ,DEL,Delhi,2027-03,1778,cad,2027-03-12,2027-03-28,AA,American Airlines,4542,2
2026-09-19T16:11:50.471085+00:00,YYZ,BOM,Mumbai,2026-10,1640,cad,2026-10-10,2026-11-29,AI,Air India,190,1
2026-09-19T16:11:50.471085+00:00,YYZ,BOM,Mumbai,2026-11,1485,cad,2026-11-05,2026-12-01,AC,Air Canada,1506,2
2026-09-19T16:11:50.471085+00:00,YYZ,BOM,Mumbai,2026-12,1850,cad,2026-12-05,2026-12-28,AC,Air Canada,1508,2
2026-09-19T16:11:50.471085+00:00,YYZ,BOM,Mumbai,2027-01,1347,cad,2027-01-29,2027-02-20,AA,American Airlines,4542,2
2026-09-20T16:40:04.424504+00:00,YYZ,LHR,London,2026-09,933,cad,2026-09-21,2026-09-26,AC,Air Canada,2064,1
2026-09-20T16:40:04.424504+00:00,YYZ,LHR,London,2026-10,847,cad,2026-10-10,2026-10-15,AC,Air Canada,404,1
2026-09-20T16:40:04.424504+00:00,YYZ,LHR,London,2026-11,771,cad,2026-11-15,2026-11-21,FI,Icelandair,602,1
2026-09-20T16:40:04.424504+00:00,YYZ,LHR,London,2027-04,954,cad,2027-04-17,2027-04-24,AC,Air Canada,460,1
2026-09-20T16:40:04.424504+00:00,YYZ,CDG,Paris,2026-09,818,cad,2026-09-26,2026-10-07,AC,Air Canada,432,1
2026-09-20T16:40:04.424504+00:00,YYZ,CDG,Paris,2026-10,632,cad,2026-10-01,2026-11-19,TS,Air Transat,7807,1
2026-09-20T16:40:04.424504+00:00,YYZ,CDG,Paris,2026-11,596,cad,2026-11-19,2026-11-24,FI,Icelandair,602,1
2026-09-20T16:40:04.424504+00:00,YYZ,CDG,Paris,2026-12,1078,cad,2026-12-23,2026-12-30,FI,Icelandair,604,1
2026-09-20T16:40:04.424504+00:00,YYZ,CDG,Paris,2027-01,580,cad,2027-01-14,2027-01-22,FI,Icelandair,602,1
2026-09-20T16:40:04.424504+00:00,YYZ,CDG,Paris,2027-05,887,cad,2027-05-22,2027-05-30,VS,Virgin Atlantic,148,1
2026-09-20T16:40:04.424504+00:00,YYZ,FCO,Rome,2026-09,916,cad,2026-09-29,2026-10-09,TS,Air Transat,308,1
2026-09-20T16:40:04.424504+00:00,YYZ,FCO,Rome,2026-10,698,cad,2026-10-13,2026-10-21,FI,Icelandair,602,1
2026-09-20T16:40:04.424504+00:00,YYZ,FCO,Rome,2026-11,751,cad,2026-11-19,2026-11-24,TP,TAP Air Portugal,258,1
2026-09-20T16:40:04.424504+00:00,YYZ,FCO,Rome,2026-12,1280,cad,2026-12-04,2027-01-03,AA,American Airlines,6921,1
2026-09-20T16:40:04.424504+00:00,YYZ,FCO,Rome,2027-01,789,cad,2027-01-08,2027-01-15,KL,KLM,696,1
2026-09-20T16:40:04.424504+00:00,YYZ,FCO,Rome,2027-02,772,cad,2027-02-13,2027-02-19,KL,KLM,692,1
2026-09-20T16:40:04.424504+00:00,YYZ,AMS,Amsterdam,2026-10,719,cad,2026-10-29,2026-11-05,FI,Icelandair,602,1
2026-09-20T16:40:04.424504+00:00,YYZ,AMS,Amsterdam,2026-11,694,cad,2026-11-11,2026-11-17,TP,TAP Air Portugal,262,1
2026-09-20T16:40:04.424504+00:00,YYZ,AMS,Amsterdam,2026-12,687,cad,2026-12-09,2026-12-14,TP,TAP Air Portugal,262,1
2026-09-20T16:40:04.424504+00:00,YYZ,AMS,Amsterdam,2027-02,746,cad,2027-02-01,2027-02-27,TP,TAP Air Portugal,262,1
2026-09-20T16:40:04.424504+00:00,YYZ,AMS,Amsterdam,2027-05,766,cad,2027-05-01,2027-05-07,TP,TAP Air Portugal,258,1
2026-09-20T16:40:04.424504+00:00,YYZ,MAD,Madrid,2026-10,839,cad,2026-10-14,2026-10-30,AA,American Airlines,8851,1
2026-09-20T16:40:04.424504+00:00,YYZ,MAD,Madrid,2027-05,733,cad,2027-05-03,2027-05-09,TP,TAP Air Portugal,258,1
2026-09-20T16:40:04.424504+00:00,YYZ,BCN,Barcelona,2026-09,819,cad,2026-09-24,2026-09-30,FI,Icelandair,602,1
2026-09-20T16:40:04.424504+00:00,YYZ,BCN,Barcelona,2026-10,768,cad,2026-10-25,2026-11-01,DE,Condor,2403,1
2026-09-20T16:40:04.424504+00:00,YYZ,BCN,Barcelona,2026-12,617,cad,2026-12-31,2027-01-13,TP,TAP Air Portugal,258,1
2026-09-20T16:40:04.424504+00:00,YYZ,BCN,Barcelona,2027-01,824,cad,2027-01-12,2027-01-26,TP,TAP Air Portugal,258,1
2026-09-20T16:40:04.424504+00:00,YYZ,BCN,Barcelona,2027-05,601,cad,2027-05-17,2027-05-31,TP,TAP Air Portugal,262,1
2026-09-20T16:40:04.424504+00:00,YYZ,BCN,Barcelona,2027-06,1011,cad,2027-06-06,2027-06-15,IB,Iberia,8851,1
2026-09-20T16:40:04.424504+00:00,YYZ,FRA,Frankfurt,2026-10,926,cad,2026-10-08,2026-10-22,DE,Condor,2403,0
2026-09-20T16:40:04.424504+00:00,YYZ,FRA,Frankfurt,2026-12,1177,cad,2026-12-24,2027-01-05,FI,Icelandair,602,1
2026-09-20T16:40:04.424504+00:00,YYZ,FRA,Frankfurt,2027-01,813,cad,2027-01-09,2027-01-22,TP,TAP Air Portugal,258,1
2026-09-20T16:40:04.424504+00:00,YYZ,FRA,Frankfurt,2027-02,960,cad,2027-02-26,2027-03-07,AC,Air Canada,842,0
2026-09-20T16:40:04.424504+00:00,YYZ,FRA,Frankfurt,2027-04,937,cad,2027-04-20,2027-04-26,TP,TAP Air Portugal,258,1
2026-09-20T16:40:04.424504+00:00,YYZ,MUC,Munich,2026-10,772,cad,2026-10-18,2026-10-25,DE,Condor,2403,1
2026-09-20T16:40:04.424504+00:00,YYZ,MUC,Munich,2027-01,1033,cad,2027-01-09,2027-01-22,BA,British Airways,92,1
2026-09-20T16:40:04.424504+00:00,YYZ,MUC,Munich,2027-02,999,cad,2027-02-01,2027-02-15,FI,Icelandair,602,1
2026-09-20T16:40:04.424504+00:00,YYZ,DUB,Dublin,2026-10,703,cad,2026-10-04,2026-10-13,AC,Air Canada,800,1
2026-09-20T16:40:04.424504+00:00,YYZ,DUB,Dublin,2026-11,703,cad,2026-11-17,2026-11-29,AC,Air Canada,3712,1
2026-09-20T16:40:04.424504+00:00,YYZ,DUB,Dublin,2026-12,756,cad,2026-12-30,2027-01-11,BA,British Airways,98,1
2026-09-20T16:40:04.424504+00:00,YYZ,DUB,Dublin,2027-01,595,cad,2027-01-27,2027-02-05,FI,Icelandair,602,1
2026-09-20T16:40:04.424504+00:00,YYZ,ZRH,Zurich,2026-10,1052,cad,2026-10-09,2026-10-14,AA,American Airlines,5192,1
2026-09-20T16:40:04.424504+00:00,YYZ,VIE,Vienna,2026-10,954,cad,2026-10-24,2026-11-08,DE,Condor,2403,1
2026-09-20T16:40:04.424504+00:00,YYZ,VIE,Vienna,2026-12,1381,cad,2026-12-21,2026-12-29,FI,Icelandair,604,3
2026-09-20T16:40:04.424504+00:00,YYZ,VIE,Vienna,2027-04,903,cad,2027-04-30,2027-05-09,DE,Condor,2403,1
2026-09-20T16:40:04.424504+00:00,YYZ,LIS,Lisbon,2026-09,819,cad,2026-09-27,2026-10-05,OH,PSA Airlines,5324,2
2026-09-20T16:40:04.424504+00:00,YYZ,LIS,Lisbon,2026-10,876,cad,2026-10-15,2026-10-22,BA,British Airways,98,1
2026-09-20T16:40:04.424504+00:00,YYZ,LIS,Lisbon,2026-11,588,cad,2026-11-22,2026-12-13,TP,TAP Air Portugal,262,0
2026-09-20T16:40:04.424504+00:00,YYZ,LIS,Lisbon,2026-12,1094,cad,2026-12-23,2027-01-01,S4,Azores Airlines,2322,1
2026-09-20T16:40:04.424504+00:00,YYZ,LIS,Lisbon,2027-02,571,cad,2027-02-15,2027-02-21,TS,Air Transat,771,1
2026-09-20T16:40:04.424504+00:00,YYZ,LIS,Lisbon,2027-06,1012,cad,2027-06-27,2027-06-29,WS,WestJet,800,1
2026-09-20T16:40:04.424504+00:00,YYZ,ATH,Athens,2026-10,1260,cad,2026-10-24,2026-10-26,DE,Condor,2403,3
2026-09-20T16:40:04.424504+00:00,YYZ,ATH,Athens,2026-12,1613,cad,2026-12-23,2027-01-03,S4,Azores Airlines,2322,3
2026-09-20T16:40:04.424504+00:00,YYZ,CPH,Copenhagen,2026-10,786,cad,2026-10-22,2026-11-11,AC,Air Canada,828,0
2026-09-20T16:40:04.424504+00:00,YYZ,ARN,Stockholm,2026-12,969,cad,2026-12-08,2026-12-19,BA,British Airways,98,1
2026-09-20T16:40:04.424504+00:00,YYZ,BER,Berlin,2026-09,961,cad,2026-09-26,2026-10-10,AC,Air Canada,3880,2
2026-09-20T16:40:04.424504+00:00,YYZ,BER,Berlin,2026-10,764,cad,2026-10-22,2026-11-05,DE,Condor,2403,1
2026-09-20T16:40:04.424504+00:00,YYZ,BER,Berlin,2026-11,684,cad,2026-11-17,2026-11-29,DE,Condor,2403,1
2026-09-20T16:40:04.424504+00:00,YYZ,BER,Berlin,2026-12,869,cad,2026-12-08,2026-12-14,LX,SWISS,4641,1
2026-09-20T16:40:04.424504+00:00,YYZ,WAW,Warsaw,2026-09,947,cad,2026-09-30,2026-11-26,SK,SAS Scandinavian,950,1
2026-09-20T16:40:04.424504+00:00,YYZ,WAW,Warsaw,2026-10,893,cad,2026-10-04,2026-11-16,SK,SAS Scandinavian,950,1
2026-09-20T16:40:04.424504+00:00,YYZ,WAW,Warsaw,2026-11,806,cad,2026-11-01,2026-11-16,SK,SAS Scandinavian,950,1
2026-09-20T16:40:04.424504+00:00,YYZ,WAW,Warsaw,2026-12,1048,cad,2026-12-12,2027-01-15,BA,British Airways,92,1
2026-09-20T16:40:04.424504+00:00,YYZ,WAW,Warsaw,2027-02,953,cad,2027-02-05,2027-02-20,BA,British Airways,92,2
2026-09-20T16:40:04.424504+00:00,YYZ,WAW,Warsaw,2027-04,863,cad,2027-04-15,2027-04-28,SK,SAS Scandinavian,950,1
2026-09-20T16:40:04.424504+00:00,YYZ,WAW,Warsaw,2027-05,978,cad,2027-05-03,2027-05-22,AA,American Airlines,8962,1
2026-09-20T16:40:04.424504+00:00,YYZ,PRG,Prague,2026-10,893,cad,2026-10-04,2026-10-09,SK,SAS Scandinavian,950,1
2026-09-20T16:40:04.424504+00:00,YYZ,PRG,Prague,2026-11,728,cad,2026-11-17,2026-11-29,DE,Condor,2403,1
2026-09-20T16:40:04.424504+00:00,YYZ,PRG,Prague,2026-12,1187,cad,2026-12-24,2027-01-09,BA,British Airways,98,1
2026-09-20T16:40:04.424504+00:00,YYZ,PRG,Prague,2027-01,925,cad,2027-01-27,2027-03-06,AF,Air France,359,1
2026-09-20T16:40:04.424504+00:00,YYZ,PRG,Prague,2027-02,780,cad,2027-02-23,2027-04-03,SK,SAS Scandinavian,950,1
2026-09-20T16:40:04.424504+00:00,YYZ,PRG,Prague,2027-08,1202,cad,2027-08-14,2027-09-01,SK,SAS Scandinavian,950,1
2026-09-20T16:40:04.424504+00:00,YYZ,BUD,Budapest,2026-09,817,cad,2026-09-27,2026-10-30,KL,KLM,692,1
2026-09-20T16:40:04.424504+00:00,YYZ,BUD,Budapest,2026-10,728,cad,2026-10-13,2026-10-21,AC,Air Canada,942,1
2026-09-20T16:40:04.424504+00:00,YYZ,BUD,Budapest,2026-12,918,cad,2026-12-13,2026-12-21,LH,Lufthansa,6791,1
2026-09-20T16:40:04.424504+00:00,YYZ,MXP,Milan,2026-09,861,cad,2026-09-21,2026-09-23,DE,Condor,2403,1
2026-09-20T16:40:04.424504+00:00,YYZ,MXP,Milan,2026-10,733,cad,2026-10-06,2026-10-13,DE,Condor,2403,1
2026-09-20T16:40:04.424504+00:00,YYZ,MXP,Milan,2026-12,1332,cad,2026-12-04,2027-01-03,S4,Azores Airlines,322,2
2026-09-20T16:40:04.424504+00:00,YYZ,OSL,Oslo,2026-10,1190,cad,2026-10-09,2026-10-13,TS,Air Transat,230,1
2026-09-20T16:40:04.424504+00:00,YYZ,HEL,Helsinki,2027-01,1034,cad,2027-01-04,2027-01-10,AA,American Airlines,4556,1
2026-09-20T16:40:04.424504+00:00,YYZ,EDI,Edinburgh,2026-10,858,cad,2026-10-10,2026-10-15,TS,Air Transat,230,1
2026-09-20T16:40:04.424504+00:00,YYZ,KEF,Reykjavik,2026-09,859,cad,2026-09-23,2026-10-01,FI,Icelandair,602,0
2026-09-20T16:40:04.424504+00:00,YYZ,KEF,Reykjavik,2026-12,837,cad,2026-12-02,2026-12-07,FI,Icelandair,602,0
2026-09-20T16:40:04.424504+00:00,YYZ,KEF,Reykjavik,2027-01,1050,cad,2027-01-23,2027-01-25,FI,Icelandair,602,0
2026-09-20T16:40:04.424504+00:00,YYZ,KEF,Reykjavik,2027-02,1145,cad,2027-02-01,2027-02-04,FI,Icelandair,602,0
2026-09-20T16:40:04.424504+00:00,YYZ,KEF,Reykjavik,2027-05,1010,cad,2027-05-01,2027-05-04,SK,SAS Scandinavian,950,1
2026-09-20T16:40:04.424504+00:00,YYZ,DEL,Delhi,2026-10,1603,cad,2026-10-18,2026-11-02,ET,Ethiopian Airlines,553,1
2026-09-20T16:40:04.424504+00:00,YYZ,DEL,Delhi,2026-11,1438,cad,2026-11-08,2026-11-24,AA,American Airlines,4542,2
2026-09-20T16:40:04.424504+00:00,YYZ,DEL,Delhi,2026-12,1973,cad,2026-12-03,2026-12-19,AC,Air Canada,1510,2
2026-09-20T16:40:04.424504+00:00,YYZ,DEL,Delhi,2027-01,1499,cad,2027-01-24,2027-03-17,SV,Saudia,62,1
2026-09-20T16:40:04.424504+00:00,YYZ,DEL,Delhi,2027-02,1560,cad,2027-02-01,2027-03-24,BA,British Airways,98,2
2026-09-20T16:40:04.424504+00:00,YYZ,BOM,Mumbai,2026-10,1604,cad,2026-10-10,2026-11-29,ET,Ethiopian Airlines,553,1
2026-09-20T16:40:04.424504+00:00,YYZ,BOM,Mumbai,2026-11,1485,cad,2026-11-05,2026-12-01,AC,Air Canada,1506,2
2026-09-20T16:40:04.424504+00:00,YYZ,BOM,Mumbai,2026-12,1850,cad,2026-12-05,2026-12-28,AC,Air Canada,1508,2
2026-09-20T16:40:04.424504+00:00,YYZ,BOM,Mumbai,2027-01,1347,cad,2027-01-29,2027-02-20,AA,American Airlines,4542,2
2026-09-21T18:26:20.256500+00:00,YYZ,LHR,London,2026-09,933,cad,2026-09-21,2026-09-26,AC,Air Canada,2064,1
2026-09-21T18:26:20.256500+00:00,YYZ,LHR,London,2026-10,832,cad,2026-10-23,2026-10-25,AA,American Airlines,5884,1
2026-09-21T18:26:20.256500+00:00,YYZ,LHR,London,2026-11,786,cad,2026-11-10,2026-11-18,FI,Icelandair,602,1
2026-09-21T18:26:20.256500+00:00,YYZ,LHR,London,2027-04,953,cad,2027-04-17,2027-04-24,AC,Air Canada,460,1
2026-09-21T18:26:20.256500+00:00,YYZ,CDG,Paris,2026-09,794,cad,2026-09-25,2026-10-06,UA,United Airlines,5654,1
2026-09-21T18:26:20.256500+00:00,YYZ,CDG,Paris,2026-10,632,cad,2026-10-17,2026-10-24,TS,Air Transat,188,1
2026-09-21T18:26:20.256500+00:00,YYZ,CDG,Paris,2026-11,596,cad,2026-11-19,2026-11-24,FI,Icelandair,602,1
2026-09-21T18:26:20.256500+00:00,YYZ,CDG,Paris,2026-12,1078,cad,2026-12-23,2026-12-30,FI,Icelandair,604,1
2026-09-21T18:26:20.256500+00:00,YYZ,CDG,Paris,2027-01,580,cad,2027-01-14,2027-01-22,FI,Icelandair,602,1
2026-09-21T18:26:20.256500+00:00,YYZ,CDG,Paris,2027-02,574,cad,2027-02-11,2027-02-17,FI,Icelandair,602,1
2026-09-21T18:26:20.256500+00:00,YYZ,FCO,Rome,2026-09,916,cad,2026-09-29,2026-10-09,TS,Air Transat,308,1
2026-09-21T18:26:20.256500+00:00,YYZ,FCO,Rome,2026-10,698,cad,2026-10-13,2026-10-21,FI,Icelandair,602,1
2026-09-21T18:26:20.256500+00:00,YYZ,FCO,Rome,2026-11,751,cad,2026-11-19,2026-11-24,TP,TAP Air Portugal,258,1
2026-09-21T18:26:20.256500+00:00,YYZ,FCO,Rome,2026-12,1280,cad,2026-12-04,2027-01-03,AA,American Airlines,6921,1
2026-09-21T18:26:20.256500+00:00,YYZ,FCO,Rome,2027-01,789,cad,2027-01-08,2027-01-15,KL,KLM,696,1
2026-09-21T18:26:20.256500+00:00,YYZ,FCO,Rome,2027-03,1091,cad,2027-03-13,2027-03-21,VS,Virgin Atlantic,148,2
2026-09-21T18:26:20.256500+00:00,YYZ,AMS,Amsterdam,2026-09,717,cad,2026-09-26,2026-10-07,AC,Air Canada,432,1
2026-09-21T18:26:20.256500+00:00,YYZ,AMS,Amsterdam,2026-10,719,cad,2026-10-29,2026-11-05,FI,Icelandair,602,1
2026-09-21T18:26:20.256500+00:00,YYZ,AMS,Amsterdam,2026-11,694,cad,2026-11-11,2026-11-17,TP,TAP Air Portugal,262,1
2026-09-21T18:26:20.256500+00:00,YYZ,AMS,Amsterdam,2026-12,687,cad,2026-12-09,2026-12-14,TP,TAP Air Portugal,262,1
2026-09-21T18:26:20.256500+00:00,YYZ,AMS,Amsterdam,2027-02,746,cad,2027-02-01,2027-02-27,TP,TAP Air Portugal,262,1
2026-09-21T18:26:20.256500+00:00,YYZ,AMS,Amsterdam,2027-05,766,cad,2027-05-01,2027-05-07,TP,TAP Air Portugal,258,1
2026-09-21T18:26:20.256500+00:00,YYZ,MAD,Madrid,2026-10,788,cad,2026-10-04,2026-12-01,TP,TAP Air Portugal,262,1
2026-09-21T18:26:20.256500+00:00,YYZ,MAD,Madrid,2027-05,868,cad,2027-05-01,2027-05-09,TP,TAP Air Portugal,258,1
2026-09-21T18:26:20.256500+00:00,YYZ,BCN,Barcelona,2026-09,819,cad,2026-09-24,2026-09-30,FI,Icelandair,602,1
2026-09-21T18:26:20.256500+00:00,YYZ,BCN,Barcelona,2026-10,768,cad,2026-10-25,2026-11-01,DE,Condor,2403,1
2026-09-21T18:26:20.256500+00:00,YYZ,BCN,Barcelona,2026-12,1392,cad,2026-12-22,2027-01-03,S4,Azores Airlines,322,2
2026-09-21T18:26:20.256500+00:00,YYZ,BCN,Barcelona,2027-01,824,cad,2027-01-12,2027-01-26,TP,TAP Air Portugal,258,1
2026-09-21T18:26:20.256500+00:00,YYZ,BCN,Barcelona,2027-05,601,cad,2027-05-17,2027-05-31,TP,TAP Air Portugal,262,1
2026-09-21T18:26:20.256500+00:00,YYZ,BCN,Barcelona,2027-06,1011,cad,2027-06-06,2027-06-15,IB,Iberia,8851,1
2026-09-21T18:26:20.256500+00:00,YYZ,FRA,Frankfurt,2026-10,926,cad,2026-10-08,2026-10-22,DE,Condor,2403,0
2026-09-21T18:26:20.256500+00:00,YYZ,FRA,Frankfurt,2026-12,1177,cad,2026-12-24,2027-01-05,FI,Icelandair,602,1
2026-09-21T18:26:20.256500+00:00,YYZ,FRA,Frankfurt,2027-01,776,cad,2027-01-03,2027-01-17,TP,TAP Air Portugal,262,1
2026-09-21T18:26:20.256500+00:00,YYZ,FRA,Frankfurt,2027-02,960,cad,2027-02-26,2027-03-07,AC,Air Canada,842,0
2026-09-21T18:26:20.256500+00:00,YYZ,FRA,Frankfurt,2027-04,937,cad,2027-04-20,2027-04-26,TP,TAP Air Portugal,258,1
2026-09-21T18:26:20.256500+00:00,YYZ,MUC,Munich,2026-10,772,cad,2026-10-18,2026-10-25,DE,Condor,2403,1
2026-09-21T18:26:20.256500+00:00,YYZ,MUC,Munich,2027-01,1033,cad,2027-01-09,2027-01-22,BA,British Airways,92,1
2026-09-21T18:26:20.256500+00:00,YYZ,DUB,Dublin,2026-10,703,cad,2026-10-04,2026-10-13,AC,Air Canada,800,1
2026-09-21T18:26:20.256500+00:00,YYZ,DUB,Dublin,2026-11,745,cad,2026-11-10,2026-11-18,EI,Aer Lingus,6054,0
2026-09-21T18:26:20.256500+00:00,YYZ,DUB,Dublin,2026-12,756,cad,2026-12-30,2027-01-11,BA,British Airways,98,1
2026-09-21T18:26:20.256500+00:00,YYZ,DUB,Dublin,2027-01,595,cad,2027-01-27,2027-02-05,FI,Icelandair,602,1
2026-09-21T18:26:20.256500+00:00,YYZ,ZRH,Zurich,2026-10,1052,cad,2026-10-09,2026-10-14,AA,American Airlines,5192,1
2026-09-21T18:26:20.256500+00:00,YYZ,VIE,Vienna,2026-10,954,cad,2026-10-24,2026-11-08,DE,Condor,2403,1
2026-09-21T18:26:20.256500+00:00,YYZ,VIE,Vienna,2026-12,1381,cad,2026-12-21,2026-12-29,FI,Icelandair,604,3
2026-09-21T18:26:20.256500+00:00,YYZ,VIE,Vienna,2027-04,903,cad,2027-04-30,2027-05-09,DE,Condor,2403,1
2026-09-21T18:26:20.256500+00:00,YYZ,LIS,Lisbon,2026-09,819,cad,2026-09-27,2026-10-05,OH,PSA Airlines,5324,2
2026-09-21T18:26:20.256500+00:00,YYZ,LIS,Lisbon,2026-10,876,cad,2026-10-15,2026-10-22,BA,British Airways,98,1
2026-09-21T18:26:20.256500+00:00,YYZ,LIS,Lisbon,2026-11,588,cad,2026-11-22,2026-12-13,TP,TAP Air Portugal,262,0
2026-09-21T18:26:20.256500+00:00,YYZ,LIS,Lisbon,2027-02,551,cad,2027-02-15,2027-02-21,TS,Air Transat,771,1
2026-09-21T18:26:20.256500+00:00,YYZ,LIS,Lisbon,2027-06,1012,cad,2027-06-27,2027-06-29,WS,WestJet,800,1
2026-09-21T18:26:20.256500+00:00,YYZ,CPH,Copenhagen,2026-10,786,cad,2026-10-22,2026-11-11,AC,Air Canada,828,0
2026-09-21T18:26:20.256500+00:00,YYZ,ARN,Stockholm,2026-12,969,cad,2026-12-08,2026-12-19,BA,British Airways,98,1
2026-09-21T18:26:20.256500+00:00,YYZ,BER,Berlin,2026-09,961,cad,2026-09-26,2026-10-10,AC,Air Canada,3880,2
2026-09-21T18:26:20.256500+00:00,YYZ,BER,Berlin,2026-10,764,cad,2026-10-22,2026-11-05,DE,Condor,2403,1
2026-09-21T18:26:20.256500+00:00,YYZ,BER,Berlin,2026-11,702,cad,2026-11-20,2026-11-30,SK,SAS Scandinavian,950,1
2026-09-21T18:26:20.256500+00:00,YYZ,BER,Berlin,2026-12,869,cad,2026-12-08,2026-12-14,LX,SWISS,4641,1
2026-09-21T18:26:20.256500+00:00,YYZ,WAW,Warsaw,2026-09,1014,cad,2026-09-27,2026-10-27,SK,SAS Scandinavian,950,1
2026-09-21T18:26:20.256500+00:00,YYZ,WAW,Warsaw,2026-10,895,cad,2026-10-10,2026-10-20,TS,Air Transat,761,2
2026-09-21T18:26:20.256500+00:00,YYZ,WAW,Warsaw,2026-11,805,cad,2026-11-01,2026-11-16,SK,SAS Scandinavian,950,1
2026-09-21T18:26:20.256500+00:00,YYZ,WAW,Warsaw,2026-12,1048,cad,2026-12-12,2027-01-15,BA,British Airways,92,1
2026-09-21T18:26:20.256500+00:00,YYZ,WAW,Warsaw,2027-02,917,cad,2027-02-03,2027-02-09,AA,American Airlines,6921,2
2026-09-21T18:26:20.256500+00:00,YYZ,WAW,Warsaw,2027-04,863,cad,2027-04-15,2027-04-28,SK,SAS Scandinavian,950,1
2026-09-21T18:26:20.256500+00:00,YYZ,WAW,Warsaw,2027-05,978,cad,2027-05-03,2027-05-22,AA,American Airlines,8962,1
2026-09-21T18:26:20.256500+00:00,YYZ,WAW,Warsaw,2027-06,1093,cad,2027-06-01,2027-06-30,BA,British Airways,92,1
2026-09-21T18:26:20.256500+00:00,YYZ,PRG,Prague,2026-10,893,cad,2026-10-04,2026-10-09,SK,SAS Scandinavian,950,1
2026-09-21T18:26:20.256500+00:00,YYZ,PRG,Prague,2026-11,919,cad,2026-11-16,2026-11-23,AF,Air France,359,1
2026-09-21T18:26:20.256500+00:00,YYZ,PRG,Prague,2026-12,1187,cad,2026-12-24,2027-01-09,BA,British Airways,98,1
2026-09-21T18:26:20.256500+00:00,YYZ,PRG,Prague,2027-01,925,cad,2027-01-27,2027-03-06,AF,Air France,359,1
2026-09-21T18:26:20.256500+00:00,YYZ,PRG,Prague,2027-02,780,cad,2027-02-23,2027-04-03,SK,SAS Scandinavian,950,1
2026-09-21T18:26:20.256500+00:00,YYZ,PRG,Prague,2027-08,1202,cad,2027-08-14,2027-09-01,SK,SAS Scandinavian,950,1
2026-09-21T18:26:20.256500+00:00,YYZ,BUD,Budapest,2026-09,817,cad,2026-09-27,2026-10-30,KL,KLM,692,1
2026-09-21T18:26:20.256500+00:00,YYZ,BUD,Budapest,2026-10,728,cad,2026-10-13,2026-10-21,AC,Air Canada,942,1
2026-09-21T18:26:20.256500+00:00,YYZ,BUD,Budapest,2026-11,573,cad,2026-11-03,2026-12-01,BA,British Airways,98,1
2026-09-21T18:26:20.256500+00:00,YYZ,BUD,Budapest,2026-12,918,cad,2026-12-13,2026-12-21,LH,Lufthansa,6791,1
2026-09-21T18:26:20.256500+00:00,YYZ,MXP,Milan,2026-09,861,cad,2026-09-21,2026-09-23,DE,Condor,2403,1
2026-09-21T18:26:20.256500+00:00,YYZ,MXP,Milan,2026-10,784,cad,2026-10-20,2026-11-06,DE,Condor,2403,1
2026-09-21T18:26:20.256500+00:00,YYZ,MXP,Milan,2026-12,1332,cad,2026-12-04,2027-01-03,S4,Azores Airlines,322,2
2026-09-21T18:26:20.256500+00:00,YYZ,OSL,Oslo,2026-10,1190,cad,2026-10-09,2026-10-13,TS,Air Transat,230,1
2026-09-21T18:26:20.256500+00:00,YYZ,HEL,Helsinki,2027-01,1033,cad,2027-01-04,2027-01-10,AA,American Airlines,4556,1
2026-09-21T18:26:20.256500+00:00,YYZ,HEL,Helsinki,2027-02,1058,cad,2027-02-12,2027-03-07,FI,Icelandair,602,1
2026-09-21T18:26:20.256500+00:00,YYZ,EDI,Edinburgh,2026-10,858,cad,2026-10-10,2026-10-15,TS,Air Transat,230,1
2026-09-21T18:26:20.256500+00:00,YYZ,KEF,Reykjavik,2026-09,859,cad,2026-09-23,2026-10-01,FI,Icelandair,602,0
2026-09-21T18:26:20.256500+00:00,YYZ,KEF,Reykjavik,2026-12,837,cad,2026-12-02,2026-12-07,FI,Icelandair,602,0
2026-09-21T18:26:20.256500+00:00,YYZ,KEF,Reykjavik,2027-01,1050,cad,2027-01-23,2027-01-25,FI,Icelandair,602,0
2026-09-21T18:26:20.256500+00:00,YYZ,KEF,Reykjavik,2027-02,1145,cad,2027-02-01,2027-02-04,FI,Icelandair,602,0
2026-09-21T18:26:20.256500+00:00,YYZ,KEF,Reykjavik,2027-05,1010,cad,2027-05-01,2027-05-04,SK,SAS Scandinavian,950,1
2026-09-21T18:26:20.256500+00:00,YYZ,DEL,Delhi,2026-10,1603,cad,2026-10-18,2026-11-02,ET,Ethiopian Airlines,553,1
2026-09-21T18:26:20.256500+00:00,YYZ,DEL,Delhi,2026-11,1438,cad,2026-11-08,2026-11-24,AA,American Airlines,4542,2
2026-09-21T18:26:20.256500+00:00,YYZ,DEL,Delhi,2026-12,1971,cad,2026-12-03,2026-12-19,AC,Air Canada,1510,2
2026-09-21T18:26:20.256500+00:00,YYZ,DEL,Delhi,2027-01,1499,cad,2027-01-24,2027-03-17,SV,Saudia,62,1
2026-09-21T18:26:20.256500+00:00,YYZ,DEL,Delhi,2027-02,1560,cad,2027-02-01,2027-03-24,BA,British Airways,98,2
2026-09-21T18:26:20.256500+00:00,YYZ,BOM,Mumbai,2026-10,1604,cad,2026-10-10,2026-11-29,ET,Ethiopian Airlines,553,1
2026-09-21T18:26:20.256500+00:00,YYZ,BOM,Mumbai,2026-11,1485,cad,2026-11-05,2026-12-01,AC,Air Canada,1506,2
2026-09-21T18:26:20.256500+00:00,YYZ,BOM,Mumbai,2026-12,1850,cad,2026-12-05,2026-12-28,AC,Air Canada,1508,2
2026-09-21T18:26:20.256500+00:00,YYZ,BOM,Mumbai,2027-01,1347,cad,2027-01-29,2027-02-20,AA,American Airlines,4542,2
2026-09-22T17:29:37.001663+00:00,YYZ,LHR,London,2026-09,879,cad,2026-09-27,2026-10-30,AC,Air Canada,418,1
2026-09-22T17:29:37.001663+00:00,YYZ,LHR,London,2026-10,657,cad,2026-10-22,2026-11-03,FI,Icelandair,604,1
2026-09-22T17:29:37.001663+00:00,YYZ,LHR,London,2026-11,745,cad,2026-11-15,2026-11-21,FI,Icelandair,602,1
2026-09-22T17:29:37.001663+00:00,YYZ,LHR,London,2026-12,1036,cad,2026-12-26,2026-12-28,PT,Piedmont Airlines,6044,1
2026-09-22T17:29:37.001663+00:00,YYZ,LHR,London,2027-04,953,cad,2027-04-17,2027-04-24,AC,Air Canada,460,1
2026-09-22T17:29:37.001663+00:00,YYZ,CDG,Paris,2026-09,794,cad,2026-09-25,2026-10-06,UA,United Airlines,5654,1
2026-09-22T17:29:37.001663+00:00,YYZ,CDG,Paris,2026-10,633,cad,2026-10-17,2026-10-24,TS,Air Transat,188,1
2026-09-22T17:29:37.001663+00:00,YYZ,CDG,Paris,2026-11,596,cad,2026-11-19,2026-11-24,FI,Icelandair,602,1
2026-09-22T17:29:37.001663+00:00,YYZ,CDG,Paris,2026-12,1078,cad,2026-12-23,2026-12-30,FI,Icelandair,604,1
2026-09-22T17:29:37.001663+00:00,YYZ,CDG,Paris,2027-01,580,cad,2027-01-14,2027-01-22,FI,Icelandair,602,1
2026-09-22T17:29:37.001663+00:00,YYZ,CDG,Paris,2027-02,574,cad,2027-02-11,2027-02-17,FI,Icelandair,602,1
2026-09-22T17:29:37.001663+00:00,YYZ,FCO,Rome,2026-09,916,cad,2026-09-29,2026-10-09,TS,Air Transat,308,1
2026-09-22T17:29:37.001663+00:00,YYZ,FCO,Rome,2026-10,698,cad,2026-10-13,2026-10-21,FI,Icelandair,602,1
2026-09-22T17:29:37.001663+00:00,YYZ,FCO,Rome,2026-11,751,cad,2026-11-19,2026-11-24,TP,TAP Air Portugal,258,1
2026-09-22T17:29:37.001663+00:00,YYZ,FCO,Rome,2026-12,868,cad,2026-12-03,2027-01-08,LH,Lufthansa,6603,2
2026-09-22T17:29:37.001663+00:00,YYZ,FCO,Rome,2027-01,789,cad,2027-01-08,2027-01-15,KL,KLM,696,1
2026-09-22T17:29:37.001663+00:00,YYZ,FCO,Rome,2027-03,1091,cad,2027-03-13,2027-03-21,VS,Virgin Atlantic,148,2
2026-09-22T17:29:37.001663+00:00,YYZ,AMS,Amsterdam,2026-09,718,cad,2026-09-26,2026-10-07,AC,Air Canada,432,1
2026-09-22T17:29:37.001663+00:00,YYZ,AMS,Amsterdam,2026-10,719,cad,2026-10-29,2026-11-05,FI,Icelandair,602,1
2026-09-22T17:29:37.001663+00:00,YYZ,AMS,Amsterdam,2026-11,694,cad,2026-11-11,2026-11-17,TP,TAP Air Portugal,262,1
2026-09-22T17:29:37.001663+00:00,YYZ,AMS,Amsterdam,2026-12,687,cad,2026-12-09,2026-12-14,TP,TAP Air Portugal,262,1
2026-09-22T17:29:37.001663+00:00,YYZ,AMS,Amsterdam,2027-02,746,cad,2027-02-01,2027-02-27,TP,TAP Air Portugal,262,1
2026-09-22T17:29:37.001663+00:00,YYZ,AMS,Amsterdam,2027-05,766,cad,2027-05-01,2027-05-07,TP,TAP Air Portugal,258,1
2026-09-22T17:29:37.001663+00:00,YYZ,MAD,Madrid,2026-10,788,cad,2026-10-04,2026-12-01,TP,TAP Air Portugal,262,1
2026-09-22T17:29:37.001663+00:00,YYZ,MAD,Madrid,2027-05,868,cad,2027-05-01,2027-05-09,TP,TAP Air Portugal,258,1
2026-09-22T17:29:37.001663+00:00,YYZ,BCN,Barcelona,2026-10,768,cad,2026-10-25,2026-11-01,DE,Condor,2403,1
2026-09-22T17:29:37.001663+00:00,YYZ,BCN,Barcelona,2026-12,1393,cad,2026-12-22,2027-01-03,S4,Azores Airlines,322,2
2026-09-22T17:29:37.001663+00:00,YYZ,BCN,Barcelona,2027-01,824,cad,2027-01-12,2027-01-26,TP,TAP Air Portugal,258,1
2026-09-22T17:29:37.001663+00:00,YYZ,BCN,Barcelona,2027-05,883,cad,2027-05-16,2027-06-12,TP,TAP Air Portugal,262,1
2026-09-22T17:29:37.001663+00:00,YYZ,BCN,Barcelona,2027-06,1011,cad,2027-06-06,2027-06-15,IB,Iberia,8851,1
2026-09-22T17:29:37.001663+00:00,YYZ,FRA,Frankfurt,2026-10,928,cad,2026-10-07,2026-10-15,AC,Air Canada,842,1
2026-09-22T17:29:37.001663+00:00,YYZ,FRA,Frankfurt,2026-12,740,cad,2026-12-01,2026-12-09,TP,TAP Air Portugal,258,1
2026-09-22T17:29:37.001663+00:00,YYZ,FRA,Frankfurt,2027-01,776,cad,2027-01-03,2027-01-17,TP,TAP Air Portugal,262,1
2026-09-22T17:29:37.001663+00:00,YYZ,FRA,Frankfurt,2027-02,960,cad,2027-02-26,2027-03-07,AC,Air Canada,842,0
2026-09-22T17:29:37.001663+00:00,YYZ,FRA,Frankfurt,2027-04,937,cad,2027-04-20,2027-04-26,TP,TAP Air Portugal,258,1
2026-09-22T17:29:37.001663+00:00,YYZ,MUC,Munich,2026-10,772,cad,2026-10-18,2026-10-25,DE,Condor,2403,1
2026-09-22T17:29:37.001663+00:00,YYZ,MUC,Munich,2027-01,1036,cad,2027-01-09,2027-01-22,BA,British Airways,92,1
2026-09-22T17:29:37.001663+00:00,YYZ,DUB,Dublin,2026-10,703,cad,2026-10-04,2026-10-13,AC,Air Canada,800,1
2026-09-22T17:29:37.001663+00:00,YYZ,DUB,Dublin,2026-11,745,cad,2026-11-10,2026-11-18,EI,Aer Lingus,6054,0
2026-09-22T17:29:37.001663+00:00,YYZ,DUB,Dublin,2026-12,756,cad,2026-12-30,2027-01-11,BA,British Airways,98,1
2026-09-22T17:29:37.001663+00:00,YYZ,DUB,Dublin,2027-01,595,cad,2027-01-27,2027-02-05,FI,Icelandair,602,1
2026-09-22T17:29:37.001663+00:00,YYZ,ZRH,Zurich,2026-10,1052,cad,2026-10-09,2026-10-14,AA,American Airlines,5192,1
2026-09-22T17:29:37.001663+00:00,YYZ,VIE,Vienna,2026-10,991,cad,2026-10-09,2026-10-13,DE,Condor,2403,1
2026-09-22T17:29:37.001663+00:00,YYZ,VIE,Vienna,2026-12,1489,cad,2026-12-21,2026-12-29,FI,Icelandair,604,2
2026-09-22T17:29:37.001663+00:00,YYZ,VIE,Vienna,2027-04,903,cad,2027-04-30,2027-05-09,DE,Condor,2403,1
2026-09-22T17:29:37.001663+00:00,YYZ,LIS,Lisbon,2026-09,1177,cad,2026-09-27,2026-10-04,TS,Air Transat,480,3
2026-09-22T17:29:37.001663+00:00,YYZ,LIS,Lisbon,2026-10,876,cad,2026-10-15,2026-10-22,BA,British Airways,98,1
2026-09-22T17:29:37.001663+00:00,YYZ,LIS,Lisbon,2026-11,588,cad,2026-11-22,2026-12-13,TP,TAP Air Portugal,262,0
2026-09-22T17:29:37.001663+00:00,YYZ,LIS,Lisbon,2027-02,558,cad,2027-02-15,2027-02-21,TS,Air Transat,771,1
2026-09-22T17:29:37.001663+00:00,YYZ,LIS,Lisbon,2027-06,1012,cad,2027-06-27,2027-06-29,WS,WestJet,800,1
2026-09-22T17:29:37.001663+00:00,YYZ,CPH,Copenhagen,2026-10,786,cad,2026-10-22,2026-11-11,AC,Air Canada,828,0
2026-09-22T17:29:37.001663+00:00,YYZ,ARN,Stockholm,2026-12,969,cad,2026-12-08,2026-12-19,BA,British Airways,98,1
2026-09-22T17:29:37.001663+00:00,YYZ,BER,Berlin,2026-10,778,cad,2026-10-27,2026-11-10,DE,Condor,2403,1
2026-09-22T17:29:37.001663+00:00,YYZ,BER,Berlin,2026-11,709,cad,2026-11-27,2026-12-01,DE,Condor,2403,1
2026-09-22T17:29:37.001663+00:00,YYZ,BER,Berlin,2026-12,869,cad,2026-12-08,2026-12-14,LX,SWISS,4641,1
2026-09-22T17:29:37.001663+00:00,YYZ,WAW,Warsaw,2026-09,1014,cad,2026-09-27,2026-10-27,SK,SAS Scandinavian,950,1
2026-09-22T17:29:37.001663+00:00,YYZ,WAW,Warsaw,2026-10,895,cad,2026-10-10,2026-10-20,TS,Air Transat,761,2
2026-09-22T17:29:37.001663+00:00,YYZ,WAW,Warsaw,2026-11,856,cad,2026-11-23,2026-12-07,FI,Icelandair,602,2
2026-09-22T17:29:37.001663+00:00,YYZ,WAW,Warsaw,2026-12,1149,cad,2026-12-24,2027-01-05,BA,British Airways,98,1
2026-09-22T17:29:37.001663+00:00,YYZ,WAW,Warsaw,2027-01,981,cad,2027-01-02,2027-01-17,3L,Air Arabia Abu Dhabi,4556,2
2026-09-22T17:29:37.001663+00:00,YYZ,WAW,Warsaw,2027-02,918,cad,2027-02-22,2027-03-10,BA,British Airways,98,2
2026-09-22T17:29:37.001663+00:00,YYZ,WAW,Warsaw,2027-04,859,cad,2027-04-15,2027-04-30,SK,SAS Scandinavian,950,1
2026-09-22T17:29:37.001663+00:00,YYZ,WAW,Warsaw,2027-05,974,cad,2027-05-03,2027-05-22,SK,SAS Scandinavian,950,1
2026-09-22T17:29:37.001663+00:00,YYZ,WAW,Warsaw,2027-06,1064,cad,2027-06-15,2027-06-20,BA,British Airways,92,1
2026-09-22T17:29:37.001663+00:00,YYZ,PRG,Prague,2026-10,893,cad,2026-10-04,2026-10-09,SK,SAS Scandinavian,950,1
2026-09-22T17:29:37.001663+00:00,YYZ,PRG,Prague,2026-11,922,cad,2026-11-16,2026-11-23,AF,Air France,359,1
2026-09-22T17:29:37.001663+00:00,YYZ,PRG,Prague,2026-12,1187,cad,2026-12-24,2027-01-09,BA,British Airways,98,1
2026-09-22T17:29:37.001663+00:00,YYZ,PRG,Prague,2027-01,954,cad,2027-01-27,2027-03-06,AA,American Airlines,6921,1
2026-09-22T17:29:37.001663+00:00,YYZ,PRG,Prague,2027-02,780,cad,2027-02-23,2027-04-03,SK,SAS Scandinavian,950,1
2026-09-22T17:29:37.001663+00:00,YYZ,PRG,Prague,2027-08,1202,cad,2027-08-14,2027-09-01,SK,SAS Scandinavian,950,1
2026-09-22T17:29:37.001663+00:00,YYZ,BUD,Budapest,2026-09,817,cad,2026-09-27,2026-10-30,KL,KLM,692,1
2026-09-22T17:29:37.001663+00:00,YYZ,BUD,Budapest,2026-10,749,cad,2026-10-24,2026-11-08,LH,Lufthansa,6791,1
2026-09-22T17:29:37.001663+00:00,YYZ,BUD,Budapest,2026-11,574,cad,2026-11-03,2026-12-01,BA,British Airways,98,1
2026-09-22T17:29:37.001663+00:00,YYZ,BUD,Budapest,2026-12,952,cad,2026-12-26,2027-01-09,AC,Air Canada,836,1
2026-09-22T17:29:37.001663+00:00,YYZ,MXP,Milan,2026-09,1022,cad,2026-09-23,2026-10-05,AC,Air Canada,894,1
2026-09-22T17:29:37.001663+00:00,YYZ,MXP,Milan,2026-10,784,cad,2026-10-20,2026-11-06,DE,Condor,2403,1
2026-09-22T17:29:37.001663+00:00,YYZ,MXP,Milan,2026-12,1328,cad,2026-12-04,2027-01-03,S4,Azores Airlines,322,2
2026-09-22T17:29:37.001663+00:00,YYZ,OSL,Oslo,2026-10,1190,cad,2026-10-09,2026-10-13,TS,Air Transat,230,1
2026-09-22T17:29:37.001663+00:00,YYZ,HEL,Helsinki,2027-01,1033,cad,2027-01-04,2027-01-10,AA,American Airlines,4556,1
2026-09-22T17:29:37.001663+00:00,YYZ,HEL,Helsinki,2027-02,1059,cad,2027-02-12,2027-03-07,FI,Icelandair,602,1
2026-09-22T17:29:37.001663+00:00,YYZ,EDI,Edinburgh,2026-10,858,cad,2026-10-10,2026-10-15,TS,Air Transat,230,1
2026-09-22T17:29:37.001663+00:00,YYZ,KEF,Reykjavik,2026-09,859,cad,2026-09-23,2026-10-01,FI,Icelandair,602,0
2026-09-22T17:29:37.001663+00:00,YYZ,KEF,Reykjavik,2026-10,654,cad,2026-10-16,2026-10-22,AC,Air Canada,2102,0
2026-09-22T17:29:37.001663+00:00,YYZ,KEF,Reykjavik,2026-11,961,cad,2026-11-01,2026-11-07,SK,SAS Scandinavian,950,1
2026-09-22T17:29:37.001663+00:00,YYZ,KEF,Reykjavik,2027-01,989,cad,2027-01-01,2027-01-05,FI,Icelandair,604,0
2026-09-22T17:29:37.001663+00:00,YYZ,KEF,Reykjavik,2027-02,822,cad,2027-02-01,2027-02-15,FI,Icelandair,602,0
2026-09-22T17:29:37.001663+00:00,YYZ,KEF,Reykjavik,2027-05,1010,cad,2027-05-01,2027-05-04,SK,SAS Scandinavian,950,1
2026-09-22T17:29:37.001663+00:00,YYZ,DEL,Delhi,2026-09,1515,cad,2026-09-22,2026-10-02,AA,American Airlines,4438,2
2026-09-22T17:29:37.001663+00:00,YYZ,DEL,Delhi,2026-10,1196,cad,2026-10-22,2026-11-14,ET,Ethiopian Airlines,553,1
2026-09-22T17:29:37.001663+00:00,YYZ,DEL,Delhi,2026-11,1438,cad,2026-11-08,2026-11-24,AA,American Airlines,4542,2
2026-09-22T17:29:37.001663+00:00,YYZ,DEL,Delhi,2026-12,1803,cad,2026-12-17,2027-02-15,EY,Etihad Airways,22,1
2026-09-22T17:29:37.001663+00:00,YYZ,DEL,Delhi,2027-01,1204,cad,2027-01-10,2027-02-25,AA,American Airlines,4542,2
2026-09-22T17:29:37.001663+00:00,YYZ,DEL,Delhi,2027-02,1560,cad,2027-02-01,2027-03-24,BA,British Airways,98,2
2026-09-22T17:29:37.001663+00:00,YYZ,BOM,Mumbai,2026-10,1604,cad,2026-10-10,2026-11-29,ET,Ethiopian Airlines,553,1
2026-09-22T17:29:37.001663+00:00,YYZ,BOM,Mumbai,2026-11,1432,cad,2026-11-05,2026-12-01,ET,Ethiopian Airlines,553,1
2026-09-22T17:29:37.001663+00:00,YYZ,BOM,Mumbai,2026-12,1850,cad,2026-12-05,2026-12-28,AC,Air Canada,1508,2
2026-09-22T17:29:37.001663+00:00,YYZ,BOM,Mumbai,2027-01,1347,cad,2027-01-29,2027-02-20,AA,American Airlines,4542,2
2026-09-23T17:39:40.400153+00:00,YYZ,LHR,London,2026-09,879,cad,2026-09-27,2026-10-30,AC,Air Canada,418,1
2026-09-23T17:39:40.400153+00:00,YYZ,LHR,London,2026-10,657,cad,2026-10-22,2026-11-03,FI,Icelandair,604,1
2026-09-23T17:39:40.400153+00:00,YYZ,LHR,London,2026-11,745,cad,2026-11-15,2026-11-21,FI,Icelandair,602,1
2026-09-23T17:39:40.400153+00:00,YYZ,LHR,London,2026-12,880,cad,2026-12-22,2027-01-06,FI,Icelandair,604,1
2026-09-23T17:39:40.400153+00:00,YYZ,LHR,London,2027-04,953,cad,2027-04-17,2027-04-24,AC,Air Canada,460,1
2026-09-23T17:39:40.400153+00:00,YYZ,CDG,Paris,2026-09,794,cad,2026-09-25,2026-10-06,UA,United Airlines,5654,1
2026-09-23T17:39:40.400153+00:00,YYZ,CDG,Paris,2026-10,633,cad,2026-10-17,2026-10-24,TS,Air Transat,188,1
2026-09-23T17:39:40.400153+00:00,YYZ,CDG,Paris,2026-11,709,cad,2026-11-22,2026-12-02,FI,Icelandair,602,1
2026-09-23T17:39:40.400153+00:00,YYZ,CDG,Paris,2026-12,1078,cad,2026-12-23,2026-12-30,FI,Icelandair,604,1
2026-09-23T17:39:40.400153+00:00,YYZ,CDG,Paris,2027-01,580,cad,2027-01-14,2027-01-22,FI,Icelandair,602,1
2026-09-23T17:39:40.400153+00:00,YYZ,CDG,Paris,2027-02,574,cad,2027-02-11,2027-02-17,FI,Icelandair,602,1
2026-09-23T17:39:40.400153+00:00,YYZ,FCO,Rome,2026-10,698,cad,2026-10-13,2026-10-21,FI,Icelandair,602,1
2026-09-23T17:39:40.400153+00:00,YYZ,FCO,Rome,2026-11,751,cad,2026-11-19,2026-11-24,TP,TAP Air Portugal,258,1
2026-09-23T17:39:40.400153+00:00,YYZ,FCO,Rome,2026-12,868,cad,2026-12-03,2027-01-08,LH,Lufthansa,6603,2
2026-09-23T17:39:40.400153+00:00,YYZ,FCO,Rome,2027-01,789,cad,2027-01-08,2027-01-15,KL,KLM,696,1
2026-09-23T17:39:40.400153+00:00,YYZ,FCO,Rome,2027-03,1091,cad,2027-03-13,2027-03-21,VS,Virgin Atlantic,148,2
2026-09-23T17:39:40.400153+00:00,YYZ,AMS,Amsterdam,2026-09,718,cad,2026-09-26,2026-10-07,AC,Air Canada,432,1
2026-09-23T17:39:40.400153+00:00,YYZ,AMS,Amsterdam,2026-10,699,cad,2026-10-12,2026-10-19,TS,Air Transat,376,0
2026-09-23T17:39:40.400153+00:00,YYZ,AMS,Amsterdam,2026-11,603,cad,2026-11-19,2026-12-01,FI,Icelandair,602,1
2026-09-23T17:39:40.400153+00:00,YYZ,AMS,Amsterdam,2026-12,690,cad,2026-12-10,2026-12-14,TP,TAP Air Portugal,258,1
2026-09-23T17:39:40.400153+00:00,YYZ,AMS,Amsterdam,2027-02,746,cad,2027-02-01,2027-02-27,TP,TAP Air Portugal,262,1
2026-09-23T17:39:40.400153+00:00,YYZ,AMS,Amsterdam,2027-05,766,cad,2027-05-01,2027-05-07,TP,TAP Air Portugal,258,1
2026-09-23T17:39:40.400153+00:00,YYZ,MAD,Madrid,2026-10,788,cad,2026-10-04,2026-12-01,TP,TAP Air Portugal,262,1
2026-09-23T17:39:40.400153+00:00,YYZ,MAD,Madrid,2027-05,868,cad,2027-05-01,2027-05-09,TP,TAP Air Portugal,258,1
2026-09-23T17:39:40.400153+00:00,YYZ,BCN,Barcelona,2026-10,768,cad,2026-10-25,2026-11-01,DE,Condor,2403,1
2026-09-23T17:39:40.400153+00:00,YYZ,BCN,Barcelona,2026-12,1398,cad,2026-12-18,2027-01-18,TP,TAP Air Portugal,262,1
2026-09-23T17:39:40.400153+00:00,YYZ,BCN,Barcelona,2027-01,917,cad,2027-01-02,2027-01-07,AA,American Airlines,6917,1
2026-09-23T17:39:40.400153+00:00,YYZ,BCN,Barcelona,2027-05,940,cad,2027-05-16,2027-06-12,AA,American Airlines,8851,1
2026-09-23T17:39:40.400153+00:00,YYZ,FRA,Frankfurt,2026-10,801,cad,2026-10-07,2026-10-21,DE,Condor,2403,0
2026-09-23T17:39:40.400153+00:00,YYZ,FRA,Frankfurt,2026-12,740,cad,2026-12-01,2026-12-09,TP,TAP Air Portugal,258,1
2026-09-23T17:39:40.400153+00:00,YYZ,FRA,Frankfurt,2027-01,776,cad,2027-01-03,2027-01-17,TP,TAP Air Portugal,262,1
2026-09-23T17:39:40.400153+00:00,YYZ,FRA,Frankfurt,2027-04,956,cad,2027-04-03,2027-04-10,AC,Air Canada,412,1
2026-09-23T17:39:40.400153+00:00,YYZ,MUC,Munich,2026-10,772,cad,2026-10-18,2026-10-25,DE,Condor,2403,1
2026-09-23T17:39:40.400153+00:00,YYZ,MUC,Munich,2026-12,1123,cad,2026-12-23,2027-01-13,AA,American Airlines,5046,1
2026-09-23T17:39:40.400153+00:00,YYZ,MUC,Munich,2027-01,1036,cad,2027-01-09,2027-01-22,BA,British Airways,92,1
2026-09-23T17:39:40.400153+00:00,YYZ,DUB,Dublin,2026-10,651,cad,2026-10-24,2026-11-09,EI,Aer Lingus,126,0
2026-09-23T17:39:40.400153+00:00,YYZ,DUB,Dublin,2026-11,745,cad,2026-11-10,2026-11-18,EI,Aer Lingus,6054,0
2026-09-23T17:39:40.400153+00:00,YYZ,DUB,Dublin,2026-12,756,cad,2026-12-30,2027-01-11,BA,British Airways,98,1
2026-09-23T17:39:40.400153+00:00,YYZ,DUB,Dublin,2027-01,595,cad,2027-01-27,2027-02-05,FI,Icelandair,602,1
2026-09-23T17:39:40.400153+00:00,YYZ,ZRH,Zurich,2026-10,982,cad,2026-10-09,2026-10-14,AA,American Airlines,5192,1
2026-09-23T17:39:40.400153+00:00,YYZ,ZRH,Zurich,2027-01,998,cad,2027-01-02,2027-01-16,AA,American Airlines,5886,1
2026-09-23T17:39:40.400153+00:00,YYZ,VIE,Vienna,2026-10,991,cad,2026-10-09,2026-10-13,DE,Condor,2403,1
2026-09-23T17:39:40.400153+00:00,YYZ,VIE,Vienna,2026-11,897,cad,2026-11-07,2026-11-10,DE,Condor,2403,1
2026-09-23T17:39:40.400153+00:00,YYZ,VIE,Vienna,2026-12,1489,cad,2026-12-21,2026-12-29,FI,Icelandair,604,2
2026-09-23T17:39:40.400153+00:00,YYZ,VIE,Vienna,2027-04,903,cad,2027-04-30,2027-05-09,DE,Condor,2403,1
2026-09-23T17:39:40.400153+00:00,YYZ,LIS,Lisbon,2026-09,1231,cad,2026-09-27,2026-10-04,TS,Air Transat,771,1
2026-09-23T17:39:40.400153+00:00,YYZ,LIS,Lisbon,2026-10,673,cad,2026-10-31,2026-11-06,TS,Air Transat,480,0
2026-09-23T17:39:40.400153+00:00,YYZ,LIS,Lisbon,2026-11,588,cad,2026-11-22,2026-12-13,TP,TAP Air Portugal,262,0
2026-09-23T17:39:40.400153+00:00,YYZ,LIS,Lisbon,2027-02,560,cad,2027-02-15,2027-02-21,TS,Air Transat,771,1
2026-09-23T17:39:40.400153+00:00,YYZ,LIS,Lisbon,2027-06,1012,cad,2027-06-27,2027-06-29,WS,WestJet,800,1
2026-09-23T17:39:40.400153+00:00,YYZ,CPH,Copenhagen,2026-10,786,cad,2026-10-22,2026-11-11,AC,Air Canada,828,0
2026-09-23T17:39:40.400153+00:00,YYZ,ARN,Stockholm,2026-12,969,cad,2026-12-08,2026-12-19,BA,British Airways,98,1
2026-09-23T17:39:40.400153+00:00,YYZ,BER,Berlin,2026-10,778,cad,2026-10-27,2026-11-10,DE,Condor,2403,1
2026-09-23T17:39:40.400153+00:00,YYZ,BER,Berlin,2026-11,713,cad,2026-11-27,2026-12-06,SK,SAS Scandinavian,950,1
2026-09-23T17:39:40.400153+00:00,YYZ,BER,Berlin,2026-12,869,cad,2026-12-08,2026-12-14,LX,SWISS,4641,1
2026-09-23T17:39:40.400153+00:00,YYZ,WAW,Warsaw,2026-09,988,cad,2026-09-30,2026-10-06,AA,American Airlines,1111,2
2026-09-23T17:39:40.400153+00:00,YYZ,WAW,Warsaw,2026-10,895,cad,2026-10-10,2026-10-20,TS,Air Transat,761,2
2026-09-23T17:39:40.400153+00:00,YYZ,WAW,Warsaw,2026-11,834,cad,2026-11-23,2026-12-07,FI,Icelandair,602,2
2026-09-23T17:39:40.400153+00:00,YYZ,WAW,Warsaw,2026-12,1149,cad,2026-12-24,2027-01-05,BA,British Airways,98,1
2026-09-23T17:39:40.400153+00:00,YYZ,WAW,Warsaw,2027-01,981,cad,2027-01-02,2027-01-17,3L,Air Arabia Abu Dhabi,4556,2
2026-09-23T17:39:40.400153+00:00,YYZ,WAW,Warsaw,2027-02,918,cad,2027-02-22,2027-03-10,BA,British Airways,98,2
2026-09-23T17:39:40.400153+00:00,YYZ,WAW,Warsaw,2027-04,859,cad,2027-04-15,2027-04-30,SK,SAS Scandinavian,950,1
2026-09-23T17:39:40.400153+00:00,YYZ,WAW,Warsaw,2027-05,974,cad,2027-05-03,2027-05-22,SK,SAS Scandinavian,950,1
2026-09-23T17:39:40.400153+00:00,YYZ,WAW,Warsaw,2027-06,1064,cad,2027-06-15,2027-06-20,BA,British Airways,92,1
2026-09-23T17:39:40.400153+00:00,YYZ,PRG,Prague,2026-10,893,cad,2026-10-04,2026-10-09,SK,SAS Scandinavian,950,1
2026-09-23T17:39:40.400153+00:00,YYZ,PRG,Prague,2026-11,922,cad,2026-11-16,2026-11-23,AF,Air France,359,1
2026-09-23T17:39:40.400153+00:00,YYZ,PRG,Prague,2027-01,954,cad,2027-01-27,2027-03-06,AA,American Airlines,6921,1
2026-09-23T17:39:40.400153+00:00,YYZ,PRG,Prague,2027-02,780,cad,2027-02-23,2027-04-03,SK,SAS Scandinavian,950,1
2026-09-23T17:39:40.400153+00:00,YYZ,PRG,Prague,2027-08,1202,cad,2027-08-14,2027-09-01,SK,SAS Scandinavian,950,1
2026-09-23T17:39:40.400153+00:00,YYZ,BUD,Budapest,2026-10,939,cad,2026-10-09,2026-10-13,DE,Condor,2403,1
2026-09-23T17:39:40.400153+00:00,YYZ,BUD,Budapest,2026-11,574,cad,2026-11-03,2026-12-01,BA,British Airways,98,1
2026-09-23T17:39:40.400153+00:00,YYZ,BUD,Budapest,2026-12,952,cad,2026-12-26,2027-01-09,AC,Air Canada,836,1
2026-09-23T17:39:40.400153+00:00,YYZ,BUD,Budapest,2027-01,1103,cad,2027-01-01,2027-01-09,BA,British Airways,98,1
2026-09-23T17:39:40.400153+00:00,YYZ,MXP,Milan,2026-09,1022,cad,2026-09-23,2026-10-05,AC,Air Canada,894,1
2026-09-23T17:39:40.400153+00:00,YYZ,MXP,Milan,2026-10,739,cad,2026-10-28,2026-11-11,TP,TAP Air Portugal,262,2
2026-09-23T17:39:40.400153+00:00,YYZ,MXP,Milan,2026-12,1329,cad,2026-12-04,2027-01-03,S4,Azores Airlines,322,2
2026-09-23T17:39:40.400153+00:00,YYZ,OSL,Oslo,2026-10,1190,cad,2026-10-09,2026-10-13,TS,Air Transat,230,1
2026-09-23T17:39:40.400153+00:00,YYZ,HEL,Helsinki,2026-10,1078,cad,2026-10-28,2026-11-01,AA,American Airlines,4556,1
2026-09-23T17:39:40.400153+00:00,YYZ,HEL,Helsinki,2027-01,1033,cad,2027-01-04,2027-01-10,AA,American Airlines,4556,1
2026-09-23T17:39:40.400153+00:00,YYZ,HEL,Helsinki,2027-02,1059,cad,2027-02-12,2027-03-07,FI,Icelandair,602,1
2026-09-23T17:39:40.400153+00:00,YYZ,EDI,Edinburgh,2026-10,858,cad,2026-10-10,2026-10-15,TS,Air Transat,230,1
2026-09-23T17:39:40.400153+00:00,YYZ,KEF,Reykjavik,2026-10,656,cad,2026-10-17,2026-10-22,AC,Air Canada,894,1
2026-09-23T17:39:40.400153+00:00,YYZ,KEF,Reykjavik,2026-11,961,cad,2026-11-01,2026-11-07,SK,SAS Scandinavian,950,1
2026-09-23T17:39:40.400153+00:00,YYZ,KEF,Reykjavik,2027-01,989,cad,2027-01-01,2027-01-05,FI,Icelandair,604,0
2026-09-23T17:39:40.400153+00:00,YYZ,KEF,Reykjavik,2027-02,822,cad,2027-02-01,2027-02-15,FI,Icelandair,602,0
2026-09-23T17:39:40.400153+00:00,YYZ,DEL,Delhi,2026-10,1196,cad,2026-10-22,2026-11-14,ET,Ethiopian Airlines,553,1
2026-09-23T17:39:40.400153+00:00,YYZ,DEL,Delhi,2026-11,1438,cad,2026-11-08,2026-11-24,AA,American Airlines,4542,2
2026-09-23T17:39:40.400153+00:00,YYZ,DEL,Delhi,2026-12,1803,cad,2026-12-17,2027-02-15,EY,Etihad Airways,22,1
2026-09-23T17:39:40.400153+00:00,YYZ,DEL,Delhi,2027-01,1204,cad,2027-01-10,2027-02-25,AA,American Airlines,4542,2
2026-09-23T17:39:40.400153+00:00,YYZ,DEL,Delhi,2027-02,1560,cad,2027-02-01,2027-03-24,BA,British Airways,98,2
2026-09-23T17:39:40.400153+00:00,YYZ,BOM,Mumbai,2026-10,1588,cad,2026-10-10,2026-11-29,TS,Air Transat,230,2
2026-09-23T17:39:40.400153+00:00,YYZ,BOM,Mumbai,2026-11,1432,cad,2026-11-05,2026-12-01,ET,Ethiopian Airlines,553,1
2026-09-23T17:39:40.400153+00:00,YYZ,BOM,Mumbai,2026-12,1850,cad,2026-12-05,2026-12-28,AC,Air Canada,1508,2
2026-09-23T17:39:40.400153+00:00,YYZ,BOM,Mumbai,2027-01,1642,cad,2027-01-04,2027-02-04,AF,Air France,359,1
2026-09-24T17:42:55.129593+00:00,YYZ,LHR,London,2026-09,881,cad,2026-09-27,2026-10-04,AC,Air Canada,418,1
2026-09-24T17:42:55.129593+00:00,YYZ,LHR,London,2026-10,657,cad,2026-10-22,2026-11-03,FI,Icelandair,604,1
2026-09-24T17:42:55.129593+00:00,YYZ,LHR,London,2026-11,718,cad,2026-11-15,2026-11-22,FI,Icelandair,602,1
2026-09-24T17:42:55.129593+00:00,YYZ,LHR,London,2026-12,880,cad,2026-12-22,2027-01-06,FI,Icelandair,604,1
2026-09-24T17:42:55.129593+00:00,YYZ,LHR,London,2027-04,953,cad,2027-04-17,2027-04-24,AC,Air Canada,460,1
2026-09-24T17:42:55.129593+00:00,YYZ,CDG,Paris,2026-09,794,cad,2026-09-25,2026-10-06,UA,United Airlines,5654,1
2026-09-24T17:42:55.129593+00:00,YYZ,CDG,Paris,2026-10,633,cad,2026-10-17,2026-10-24,TS,Air Transat,188,1
2026-09-24T17:42:55.129593+00:00,YYZ,CDG,Paris,2026-11,709,cad,2026-11-22,2026-12-02,FI,Icelandair,602,1
2026-09-24T17:42:55.129593+00:00,YYZ,CDG,Paris,2026-12,1370,cad,2026-12-21,2027-01-05,FI,Icelandair,604,1
2026-09-24T17:42:55.129593+00:00,YYZ,CDG,Paris,2027-01,580,cad,2027-01-14,2027-01-22,FI,Icelandair,602,1
2026-09-24T17:42:55.129593+00:00,YYZ,CDG,Paris,2027-02,574,cad,2027-02-11,2027-02-17,FI,Icelandair,602,1
2026-09-24T17:42:55.129593+00:00,YYZ,FCO,Rome,2026-10,698,cad,2026-10-13,2026-10-21,FI,Icelandair,602,1
2026-09-24T17:42:55.129593+00:00,YYZ,FCO,Rome,2026-12,868,cad,2026-12-03,2027-01-08,LH,Lufthansa,6603,2
2026-09-24T17:42:55.129593+00:00,YYZ,FCO,Rome,2027-01,789,cad,2027-01-08,2027-01-15,KL,KLM,696,1
2026-09-24T17:42:55.129593+00:00,YYZ,FCO,Rome,2027-02,756,cad,2027-02-13,2027-02-20,TP,TAP Air Portugal,258,1
2026-09-24T17:42:55.129593+00:00,YYZ,FCO,Rome,2027-03,1091,cad,2027-03-13,2027-03-21,VS,Virgin Atlantic,148,2
2026-09-24T17:42:55.129593+00:00,YYZ,AMS,Amsterdam,2026-09,718,cad,2026-09-26,2026-10-07,AC,Air Canada,432,1
2026-09-24T17:42:55.129593+00:00,YYZ,AMS,Amsterdam,2026-10,699,cad,2026-10-12,2026-10-19,TS,Air Transat,376,0
2026-09-24T17:42:55.129593+00:00,YYZ,AMS,Amsterdam,2026-11,604,cad,2026-11-19,2026-12-01,FI,Icelandair,602,1
2026-09-24T17:42:55.129593+00:00,YYZ,AMS,Amsterdam,2026-12,690,cad,2026-12-10,2026-12-14,TP,TAP Air Portugal,258,1
2026-09-24T17:42:55.129593+00:00,YYZ,AMS,Amsterdam,2027-02,746,cad,2027-02-01,2027-02-27,TP,TAP Air Portugal,262,1
2026-09-24T17:42:55.129593+00:00,YYZ,MAD,Madrid,2026-10,788,cad,2026-10-04,2026-12-01,TP,TAP Air Portugal,262,1
2026-09-24T17:42:55.129593+00:00,YYZ,BCN,Barcelona,2026-10,768,cad,2026-10-25,2026-11-01,DE,Condor,2403,1
2026-09-24T17:42:55.129593+00:00,YYZ,BCN,Barcelona,2026-12,1398,cad,2026-12-18,2027-01-18,TP,TAP Air Portugal,262,1
2026-09-24T17:42:55.129593+00:00,YYZ,BCN,Barcelona,2027-01,917,cad,2027-01-02,2027-01-07,AA,American Airlines,6917,1
2026-09-24T17:42:55.129593+00:00,YYZ,BCN,Barcelona,2027-05,940,cad,2027-05-16,2027-06-12,AA,American Airlines,8851,1
2026-09-24T17:42:55.129593+00:00,YYZ,FRA,Frankfurt,2026-10,801,cad,2026-10-07,2026-10-21,DE,Condor,2403,0
2026-09-24T17:42:55.129593+00:00,YYZ,FRA,Frankfurt,2026-12,740,cad,2026-12-01,2026-12-09,TP,TAP Air Portugal,258,1
2026-09-24T17:42:55.129593+00:00,YYZ,FRA,Frankfurt,2027-01,776,cad,2027-01-03,2027-01-17,TP,TAP Air Portugal,262,1
2026-09-24T17:42:55.129593+00:00,YYZ,FRA,Frankfurt,2027-04,956,cad,2027-04-03,2027-04-10,AC,Air Canada,412,1
2026-09-24T17:42:55.129593+00:00,YYZ,MUC,Munich,2026-09,1754,cad,2026-09-24,2026-09-27,TS,Air Transat,212,2
2026-09-24T17:42:55.129593+00:00,YYZ,MUC,Munich,2026-10,772,cad,2026-10-18,2026-10-25,DE,Condor,2403,1
2026-09-24T17:42:55.129593+00:00,YYZ,MUC,Munich,2026-12,1124,cad,2026-12-23,2027-01-13,AA,American Airlines,5046,1
2026-09-24T17:42:55.129593+00:00,YYZ,MUC,Munich,2027-01,1036,cad,2027-01-09,2027-01-22,BA,British Airways,92,1
2026-09-24T17:42:55.129593+00:00,YYZ,DUB,Dublin,2026-10,652,cad,2026-10-24,2026-11-09,EI,Aer Lingus,126,0
2026-09-24T17:42:55.129593+00:00,YYZ,DUB,Dublin,2026-12,1380,cad,2026-12-24,2027-01-05,KL,KLM,696,1
2026-09-24T17:42:55.129593+00:00,YYZ,DUB,Dublin,2027-01,595,cad,2027-01-27,2027-02-05,FI,Icelandair,602,1
2026-09-24T17:42:55.129593+00:00,YYZ,ZRH,Zurich,2026-10,982,cad,2026-10-09,2026-10-14,AA,American Airlines,5192,1
2026-09-24T17:42:55.129593+00:00,YYZ,ZRH,Zurich,2027-01,999,cad,2027-01-02,2027-01-15,AA,American Airlines,5886,1
2026-09-24T17:42:55.129593+00:00,YYZ,VIE,Vienna,2026-10,991,cad,2026-10-09,2026-10-13,DE,Condor,2403,1
2026-09-24T17:42:55.129593+00:00,YYZ,VIE,Vienna,2026-11,897,cad,2026-11-07,2026-11-10,DE,Condor,2403,1
2026-09-24T17:42:55.129593+00:00,YYZ,VIE,Vienna,2026-12,1489,cad,2026-12-21,2026-12-29,FI,Icelandair,604,2
2026-09-24T17:42:55.129593+00:00,YYZ,VIE,Vienna,2027-04,903,cad,2027-04-30,2027-05-09,DE,Condor,2403,1
2026-09-24T17:42:55.129593+00:00,YYZ,LIS,Lisbon,2026-09,1232,cad,2026-09-27,2026-10-04,TS,Air Transat,771,1
2026-09-24T17:42:55.129593+00:00,YYZ,LIS,Lisbon,2026-10,673,cad,2026-10-31,2026-11-06,TS,Air Transat,480,0
2026-09-24T17:42:55.129593+00:00,YYZ,LIS,Lisbon,2026-11,591,cad,2026-11-22,2026-12-13,TP,TAP Air Portugal,258,0
2026-09-24T17:42:55.129593+00:00,YYZ,LIS,Lisbon,2027-02,613,cad,2027-02-15,2027-02-21,TS,Air Transat,771,1
2026-09-24T17:42:55.129593+00:00,YYZ,LIS,Lisbon,2027-06,1012,cad,2027-06-27,2027-06-29,WS,WestJet,800,1
2026-09-24T17:42:55.129593+00:00,YYZ,CPH,Copenhagen,2026-10,786,cad,2026-10-22,2026-11-11,AC,Air Canada,828,0
2026-09-24T17:42:55.129593+00:00,YYZ,ARN,Stockholm,2026-12,969,cad,2026-12-08,2026-12-19,BA,British Airways,98,1
2026-09-24T17:42:55.129593+00:00,YYZ,BER,Berlin,2026-10,766,cad,2026-10-27,2026-11-10,DE,Condor,2403,1
2026-09-24T17:42:55.129593+00:00,YYZ,BER,Berlin,2026-11,702,cad,2026-11-17,2026-11-29,DE,Condor,2403,1
2026-09-24T17:42:55.129593+00:00,YYZ,BER,Berlin,2026-12,869,cad,2026-12-08,2026-12-14,LX,SWISS,4641,1
2026-09-24T17:42:55.129593+00:00,YYZ,WAW,Warsaw,2026-09,989,cad,2026-09-30,2026-10-06,AA,American Airlines,1111,2
2026-09-24T17:42:55.129593+00:00,YYZ,WAW,Warsaw,2026-10,895,cad,2026-10-10,2026-10-20,TS,Air Transat,761,2
2026-09-24T17:42:55.129593+00:00,YYZ,WAW,Warsaw,2026-11,835,cad,2026-11-23,2026-12-07,FI,Icelandair,602,2
2026-09-24T17:42:55.129593+00:00,YYZ,WAW,Warsaw,2026-12,1149,cad,2026-12-24,2027-01-05,BA,British Airways,98,1
2026-09-24T17:42:55.129593+00:00,YYZ,WAW,Warsaw,2027-01,981,cad,2027-01-02,2027-01-17,3L,Air Arabia Abu Dhabi,4556,2
2026-09-24T17:42:55.129593+00:00,YYZ,WAW,Warsaw,2027-02,918,cad,2027-02-22,2027-03-10,BA,British Airways,98,2
2026-09-24T17:42:55.129593+00:00,YYZ,WAW,Warsaw,2027-04,859,cad,2027-04-15,2027-04-30,SK,SAS Scandinavian,950,1
2026-09-24T17:42:55.129593+00:00,YYZ,WAW,Warsaw,2027-05,974,cad,2027-05-03,2027-05-22,SK,SAS Scandinavian,950,1
2026-09-24T17:42:55.129593+00:00,YYZ,WAW,Warsaw,2027-06,1064,cad,2027-06-15,2027-06-20,BA,British Airways,92,1
2026-09-24T17:42:55.129593+00:00,YYZ,PRG,Prague,2026-10,893,cad,2026-10-04,2026-10-09,SK,SAS Scandinavian,950,1
2026-09-24T17:42:55.129593+00:00,YYZ,PRG,Prague,2026-11,922,cad,2026-11-16,2026-11-23,AF,Air France,359,1
2026-09-24T17:42:55.129593+00:00,YYZ,PRG,Prague,2027-01,954,cad,2027-01-27,2027-03-06,AA,American Airlines,6921,1
2026-09-24T17:42:55.129593+00:00,YYZ,PRG,Prague,2027-02,780,cad,2027-02-23,2027-04-03,SK,SAS Scandinavian,950,1
2026-09-24T17:42:55.129593+00:00,YYZ,PRG,Prague,2027-08,1202,cad,2027-08-14,2027-09-01,SK,SAS Scandinavian,950,1
2026-09-24T17:42:55.129593+00:00,YYZ,BUD,Budapest,2026-10,939,cad,2026-10-09,2026-10-13,DE,Condor,2403,1
2026-09-24T17:42:55.129593+00:00,YYZ,BUD,Budapest,2026-11,574,cad,2026-11-03,2026-12-01,BA,British Airways,98,1
2026-09-24T17:42:55.129593+00:00,YYZ,BUD,Budapest,2026-12,952,cad,2026-12-26,2027-01-09,AC,Air Canada,836,1
2026-09-24T17:42:55.129593+00:00,YYZ,BUD,Budapest,2027-01,1103,cad,2027-01-01,2027-01-09,BA,British Airways,98,1
2026-09-24T17:42:55.129593+00:00,YYZ,MXP,Milan,2026-09,1177,cad,2026-09-27,2026-10-01,TS,Air Transat,230,2
2026-09-24T17:42:55.129593+00:00,YYZ,MXP,Milan,2026-10,738,cad,2026-10-15,2026-10-20,DE,Condor,2403,1
2026-09-24T17:42:55.129593+00:00,YYZ,MXP,Milan,2026-12,1329,cad,2026-12-04,2027-01-03,S4,Azores Airlines,322,2
2026-09-24T17:42:55.129593+00:00,YYZ,OSL,Oslo,2026-10,1190,cad,2026-10-09,2026-10-13,TS,Air Transat,230,1
2026-09-24T17:42:55.129593+00:00,YYZ,HEL,Helsinki,2026-10,1079,cad,2026-10-28,2026-11-01,AA,American Airlines,4556,1
2026-09-24T17:42:55.129593+00:00,YYZ,HEL,Helsinki,2027-01,1033,cad,2027-01-04,2027-01-10,AA,American Airlines,4556,1
2026-09-24T17:42:55.129593+00:00,YYZ,HEL,Helsinki,2027-02,1059,cad,2027-02-12,2027-03-07,FI,Icelandair,602,1
2026-09-24T17:42:55.129593+00:00,YYZ,EDI,Edinburgh,2026-10,858,cad,2026-10-10,2026-10-15,TS,Air Transat,230,1
2026-09-24T17:42:55.129593+00:00,YYZ,KEF,Reykjavik,2026-10,654,cad,2026-10-16,2026-10-22,AC,Air Canada,2102,0
2026-09-24T17:42:55.129593+00:00,YYZ,KEF,Reykjavik,2026-11,961,cad,2026-11-01,2026-11-07,SK,SAS Scandinavian,950,1
2026-09-24T17:42:55.129593+00:00,YYZ,KEF,Reykjavik,2027-01,989,cad,2027-01-01,2027-01-05,FI,Icelandair,604,0
2026-09-24T17:42:55.129593+00:00,YYZ,KEF,Reykjavik,2027-02,822,cad,2027-02-01,2027-02-15,FI,Icelandair,602,0
2026-09-24T17:42:55.129593+00:00,YYZ,DEL,Delhi,2026-10,1206,cad,2026-10-24,2026-11-14,MS,Egyptair,996,1
2026-09-24T17:42:55.129593+00:00,YYZ,DEL,Delhi,2026-11,1438,cad,2026-11-08,2026-11-24,AA,American Airlines,4542,2
2026-09-24T17:42:55.129593+00:00,YYZ,DEL,Delhi,2026-12,1803,cad,2026-12-17,2027-02-15,EY,Etihad Airways,22,1
2026-09-24T17:42:55.129593+00:00,YYZ,DEL,Delhi,2027-01,1064,cad,2027-01-06,2027-03-04,AA,American Airlines,4542,2
2026-09-24T17:42:55.129593+00:00,YYZ,DEL,Delhi,2027-05,1682,cad,2027-05-01,2027-05-04,AZ,ITA Airways,651,1
2026-09-24T17:42:55.129593+00:00,YYZ,BOM,Mumbai,2026-10,1588,cad,2026-10-10,2026-11-29,TS,Air Transat,230,2
2026-09-24T17:42:55.129593+00:00,YYZ,BOM,Mumbai,2026-11,1432,cad,2026-11-05,2026-12-01,ET,Ethiopian Airlines,553,1
2026-09-24T17:42:55.129593+00:00,YYZ,BOM,Mumbai,2026-12,1850,cad,2026-12-05,2026-12-28,AC,Air Canada,1508,2
2026-09-24T17:42:55.129593+00:00,YYZ,BOM,Mumbai,2027-01,1642,cad,2027-01-04,2027-02-04,AF,Air France,359,1
